"REPORT_ID","Stats Area","Suburb","Postcode","LGA Name","Total Units","Total Cas","Total Fats","Total SI","Total MI","Year","Month","Day","Time","Area Speed","Position Type","Horizontal Align","Vertical Align","Other Feat","Road Surface","Moisture Cond","Weather Cond","DayNight","Crash Type","Unit Resp","Entity Code","CSEF Severity","Traffic Ctrls","DUI Involved","Drugs Involved","ACCLOC_X","ACCLOC_Y","UNIQUE_LOC"
"2019-1-27/05/2021","2 Metropolitan","HAMPSTEAD GARDENS","5086","CITY OF PORT ADELAIDE ENFIELD",2,0,0,0,0,2019,"June","Wednesday","11:15 am","060","Cross Road","Straight road","Level","Not Applicable","Sealed","Dry","Not Raining","Daylight","Right Angle","01","Driver Rider","1: PDO","Give Way Sign","","",1331810.03,1676603.26,"13318101676603"
"2019-2-27/05/2021","2 Metropolitan","DRY CREEK","5094","CITY OF SALISBURY",2,0,0,0,0,2019,"January","Tuesday","12:49 am","090","Divided Road","Straight road","Level","Not Applicable","Sealed","Dry","Not Raining","Night","Rear End","02","Driver Rider","1: PDO","No Control","","",1328376.2,1682942.63,"13283761682943"
"2019-3-27/05/2021","2 Metropolitan","MILE END","5031","CITY OF WEST TORRENS",2,1,0,0,1,2019,"January","Tuesday","12:00 am","060","Divided Road","Straight road","Level","Not Applicable","Sealed","Dry","Not Raining","Night","Hit Pedestrian","01","Driver Rider","2: MI","No Control","","",1325819.68,1670994.26,"13258201670994"
"2019-4-27/05/2021","2 Metropolitan","PARALOWIE","5108","CITY OF SALISBURY",2,1,0,1,0,2019,"January","Tuesday","12:05 am","050","Not Divided","CURVED, VIEW OPEN","Level","Not Applicable","Sealed","Dry","Not Raining","Night","Hit Fixed Object","01","Driver Rider","3: SI","No Control","","",1328320.6,1690237.08,"13283211690237"
"2019-5-27/05/2021","2 Metropolitan","MOUNT BARKER","5251","DC MT.BARKER.                 ",2,0,0,0,0,2019,"January","Tuesday","05:15 am","110","Divided Road","Straight road","Slope","Not Applicable","Sealed","Dry","Not Raining","Night","Hit Animal","02","Animal","1: PDO","No Control","","",1353279.99,1655645.15,"13532801655645"
"2019-6-27/05/2021","2 Metropolitan","TORRENSVILLE","5031","CITY OF WEST TORRENS",2,1,0,0,1,2019,"January","Tuesday","07:00 am","050","Divided Road","Straight road","Level","Not Applicable","Sealed","Dry","Not Raining","Daylight","Hit Fixed Object","01","Driver Rider","2: MI","No Control","","",1324652.75,1672027.64,"13246531672028"
"2019-7-27/05/2021","2 Metropolitan","BEDFORD PARK","5042","CC MITCHAM.                   ",2,3,0,0,3,2019,"January","Tuesday","09:40 am","050","Cross Road","Straight road","Level","Not Applicable","Sealed","Dry","Not Raining","Daylight","Right Angle","02","Driver Rider","2: MI","Traffic Signals","","",1325156.2,1660414.38,"13251561660414"
"2019-8-27/05/2021","3 Country","WYE","5291","DISTRICT COUNCIL OF GRANT",1,1,0,0,1,2019,"January","Tuesday","12:15 pm","110","Not Divided","CURVED, VIEW OPEN","Level","Not Applicable","Sealed","Dry","Not Raining","Daylight","Roll Over","01","Driver Rider","2: MI","No Control","","",1517347.8,1321979.33,"15173481321979"
"2019-9-27/05/2021","3 Country","MOUNT GAMBIER","5290","CC MT.GAMBIER.                ",1,1,0,0,1,2019,"January","Tuesday","11:45 am","050","T-Junction","Straight road","Bottom of Hill","Not Applicable","Sealed","Dry","Not Raining","Daylight","Roll Over","01","Driver Rider","2: MI","Stop Sign","","",1510220.05,1340472.35,"15102201340472"
"2019-10-27/05/2021","3 Country","OVERLAND CORNER","5330","THE BERRI BARMERA COUNCIL",1,1,0,1,0,2019,"January","Tuesday","12:30 pm","080","Not Divided","CURVED, VIEW OPEN","Slope","Not Applicable","Sealed","Dry","Not Raining","Daylight","Roll Over","01","Driver Rider","3: SI","No Control","","",1492599.9,1749395.71,"14926001749396"
"2019-11-27/05/2021","3 Country","KEITH","5267","DC TATIARA.                   ",2,0,0,0,0,2019,"January","Tuesday","09:35 am","110","Not Divided","Straight road","Level","Not Applicable","Sealed","Dry","Not Raining","Daylight","Hit Fixed Object","01","Driver Rider","1: PDO","No Control","","",1488454.52,1527652.16,"14884551527652"
"2019-12-27/05/2021","3 Country","MIDDLE RIVER","5223","KANGAROO ISLAND COUNCIL",1,0,0,0,0,2019,"January","Tuesday","07:00 am","100","Not Divided","Straight road","Level","Not Applicable","Unsealed","Dry","Not Raining","Daylight","Roll Over","01","Driver Rider","1: PDO","No Control","","",1190350.6,1592129.67,"11903511592130"
"2019-13-27/05/2021","3 Country","INKERMAN","5550","WAKEFIELD REGIONAL COUNCIL",2,1,0,0,1,2019,"January","Tuesday","06:35 am","110","Divided Road","CURVED, VIEW OPEN","Level","Not Applicable","Sealed","Dry","Not Raining","Daylight","Hit Fixed Object","01","Driver Rider","2: MI","No Control","Y","Y",1296935.12,1744660.79,"12969351744661"
"2019-14-27/05/2021","2 Metropolitan","MAWSON LAKES","5095","CITY OF SALISBURY",3,1,0,0,1,2019,"January","Tuesday","01:00 am","070","Divided Road","Straight road","Level","Not Applicable","Unsealed","Dry","Not Raining","Night","Rear End","01","Driver Rider","2: MI","No Control","","",1329522.18,1684395.95,"13295221684396"
"2019-15-27/05/2021","3 Country","BURRA EASTERN DISTRICTS","5417","REGIONAL COUNCIL OF GOYDER",1,1,0,0,1,2019,"January","Tuesday","05:44 pm","100","Not Divided","CURVED, VIEW OBSCURED","Level","Not Applicable","Unsealed","Dry","Not Raining","Daylight","Roll Over","01","Driver Rider","2: MI","No Control","","",1387903.32,1810372.43,"13879031810372"
"2019-16-27/05/2021","2 Metropolitan","CLOVELLY PARK","5042","CC MARION.                    ",2,0,0,0,0,2019,"January","Tuesday","06:10 pm","060","T-Junction","Straight road","Level","Not Applicable","Sealed","Dry","Not Raining","Daylight","Right Angle","01","Driver Rider","1: PDO","No Control","","",1325853.81,1663320.96,"13258541663321"
"2019-17-27/05/2021","3 Country","TIATUKIA","5607","DC LOWER EYRE PENINSULA       ",2,2,0,0,2,2019,"January","Tuesday","04:24 pm","100","Y-Junction","Straight road","Level","Not Applicable","Unsealed","Dry","Not Raining","Daylight","Hit Animal","02","Animal","2: MI","No Control","","",1073688.54,1704068.62,"10736891704069"
"2019-18-27/05/2021","2 Metropolitan","GILLES PLAINS","5086","CITY OF PORT ADELAIDE ENFIELD",2,0,0,0,0,2019,"January","Tuesday","10:00 pm","060","T-Junction","Straight road","Level","Not Applicable","Sealed","Dry","Not Raining","Night","Hit Fixed Object","01","Driver Rider","1: PDO","No Control","","",1334150.22,1678269.42,"13341501678269"
"2019-19-27/05/2021","3 Country","NELSHABY","5540","PT.PIRIE CITY & DIST. COUNCIL ",1,0,0,0,0,2019,"January","Tuesday","10:50 pm","110","Not Divided","Straight road","Level","Not Applicable","Sealed","Dry","Not Raining","Night","Roll Over","01","Driver Rider","1: PDO","No Control","","",1285686.71,1872376.65,"12856871872377"
"2019-20-27/05/2021","3 Country","PORT LINCOLN","5606","CC PT.LINCOLN.                ",2,0,0,0,0,2019,"January","Wednesday","03:30 am","080","Not Divided","CURVED, VIEW OPEN","Slope","Not Applicable","Sealed","Dry","Not Raining","Night","Hit Fixed Object","01","Driver Rider","1: PDO","No Control","","",1078138.73,1700479.4,"10781391700479"
"2019-21-27/05/2021","2 Metropolitan","CRAFERS WEST","5152","THE ADELAIDE HILLS COUNCIL",2,0,0,0,0,2019,"January","Tuesday","11:30 am","050","Not Divided","CURVED, VIEW OBSCURED","Slope","Not Applicable","Sealed","Dry","Not Raining","Daylight","Hit Fixed Object","01","Driver Rider","1: PDO","No Control","","",1336381.1,1662242.6,"13363811662243"
"2019-22-27/05/2021","2 Metropolitan","FULLARTON","5063","CITY OF UNLEY",2,0,0,0,0,2019,"January","Tuesday","06:00 pm","040","Not Divided","Straight road","Level","Driveway or Entrance","Sealed","Dry","Not Raining","Daylight","Hit Parked Vehicle","02","Driver Rider","1: PDO","No Control","","",1329916.44,1667224.07,"13299161667224"
"2019-23-27/05/2021","2 Metropolitan","ELIZABETH","5112","CITY OF PLAYFORD.",2,0,0,0,0,2019,"January","Wednesday","10:37 am","050","Not Divided","Straight road","Level","Driveway or Entrance","Sealed","Dry","Not Raining","Daylight","Right Angle","01","Driver Rider","1: PDO","No Control","","",1335293.36,1692993.94,"13352931692994"
"2019-24-27/05/2021","2 Metropolitan","BULL CREEK","5157","DC MT.BARKER.                 ",2,0,0,0,0,2019,"January","Wednesday","11:00 am","080","Not Divided","CURVED, VIEW OBSCURED","Slope","Not Applicable","Sealed","Dry","Not Raining","Daylight","Head On","02","Driver Rider","1: PDO","No Control","","",1342674.34,1636502.02,"13426741636502"
"2019-25-27/05/2021","2 Metropolitan","ROYSTON PARK","5070","CC OF NORWOOD,PAYNEHAM & ST PETERS",2,0,0,0,0,2019,"January","Wednesday","11:55 am","060","Not Divided","Straight road","Level","Not Applicable","Sealed","Dry","Not Raining","Daylight","Rear End","02","Driver Rider","1: PDO","No Control","","",1331720.44,1673208.94,"13317201673209"
"2019-26-27/05/2021","2 Metropolitan","HENLEY BEACH","5022","CITY OF CHARLES STURT",2,1,0,0,1,2019,"January","Wednesday","10:20 am","040","Not Divided","Straight road","Level","Not Applicable","Sealed","Dry","Not Raining","Daylight","Hit Parked Vehicle","01","Driver Rider","2: MI","No Control","","",1318906.04,1671542.41,"13189061671542"
"2019-27-27/05/2021","2 Metropolitan","MAWSON LAKES","5095","CITY OF SALISBURY",2,1,0,0,1,2019,"January","Tuesday","05:30 pm","050","Not Divided","Straight road","Level","Not Applicable","Sealed","Dry","Not Raining","Daylight","Hit Parked Vehicle","02","Driver Rider","2: MI","No Control","","",1330057.21,1684636.49,"13300571684636"
"2019-28-27/05/2021","2 Metropolitan","MOUNT BARKER","5251","DC MT.BARKER.                 ",2,0,0,0,0,2019,"January","Wednesday","11:25 am","050","T-Junction","Straight road","Level","Not Applicable","Sealed","Dry","Not Raining","Daylight","Right Angle","01","Driver Rider","1: PDO","Stop Sign","","",1351919.01,1653411.19,"13519191653411"
"2019-29-27/05/2021","2 Metropolitan","JUPITER CREEK","5153","DC MT.BARKER.                 ",2,0,0,0,0,2019,"January","Wednesday","11:00 am","080","Not Divided","CURVED, VIEW OPEN","Level","Not Applicable","Unsealed","Dry","Not Raining","Daylight","Hit Fixed Object","01","Driver Rider","1: PDO","No Control","","",1341546.22,1653025.57,"13415461653026"
"2019-30-27/05/2021","3 Country","WILLIAMSTOWN","5351","THE BAROSSA COUNCIL.",1,0,0,0,0,2019,"January","Wednesday","12:00 pm","050","Not Divided","CURVED, VIEW OBSCURED","Slope","Not Applicable","Sealed","Dry","Not Raining","Daylight","Roll Over","01","Driver Rider","1: PDO","No Control","","",1355781.03,1698792.99,"13557811698793"
"2019-31-27/05/2021","2 Metropolitan","SALISBURY EAST","5109","CITY OF TEA TREE GULLY",2,0,0,0,0,2019,"January","Wednesday","12:31 pm","080","Divided Road","CURVED, VIEW OPEN","Slope","Not Applicable","Sealed","Dry","Not Raining","Daylight","Hit Fixed Object","01","Driver Rider","1: PDO","No Control","","",1337475.87,1686122.57,"13374761686123"
"2019-32-27/05/2021","3 Country","GLOSSOP","5344","THE BERRI BARMERA COUNCIL",2,2,0,0,2,2019,"January","Wednesday","01:30 pm","100","T-Junction","Straight road","Level","Not Applicable","Sealed","Dry","Not Raining","Daylight","Rear End","01","Driver Rider","2: MI","No Control","","Y",1509788.9,1734583.87,"15097891734584"
"2019-33-27/05/2021","2 Metropolitan","BROOKLYN PARK","5032","CITY OF WEST TORRENS",2,0,0,0,0,2019,"January","Wednesday","02:10 pm","060","T-Junction","Straight road","Level","Not Applicable","Sealed","Dry","Not Raining","Daylight","Rear End","02","Driver Rider","1: PDO","Traffic Signals","","",1324111.77,1670938.51,"13241121670939"
"2019-34-27/05/2021","2 Metropolitan","LOCKLEYS","5032","CITY OF WEST TORRENS",2,0,0,0,0,2019,"January","Wednesday","11:54 am","060","Cross Road","Straight road","Level","Not Applicable","Sealed","Dry","Not Raining","Daylight","Side Swipe","02","Driver Rider","1: PDO","Traffic Signals","","",1320928.35,1669976.7,"13209281669977"
"2019-35-27/05/2021","3 Country","PINE POINT","5571","YORKE PENINSULA COUNCIL",2,0,0,0,0,2019,"January","Wednesday","11:40 am","100","Not Divided","Straight road","Level","Not Applicable","Sealed","Dry","Not Raining","Daylight","Head On","02","Driver Rider","1: PDO","No Control","","",1262761.61,1715845.54,"12627621715846"
"2019-36-27/05/2021","2 Metropolitan","KURRALTA PARK","5037","CITY OF WEST TORRENS",2,0,0,0,0,2019,"January","Wednesday","03:50 pm","060","Divided Road","Straight road","Level","Not Applicable","Sealed","Dry","Not Raining","Daylight","Rear End","01","Driver Rider","1: PDO","No Control","","",1325604.71,1667588.31,"13256051667588"
"2019-37-27/05/2021","2 Metropolitan","BIRKENHEAD","5015","CITY OF PORT ADELAIDE ENFIELD",3,1,0,0,1,2019,"January","Wednesday","01:30 pm","060","Cross Road","Straight road","Level","Not Applicable","Sealed","Dry","Not Raining","Daylight","Right Angle","01","Driver Rider","2: MI","Traffic Signals","","",1319898.07,1680563.63,"13198981680564"
"2019-38-27/05/2021","2 Metropolitan","MOUNT GEORGE","5155","THE ADELAIDE HILLS COUNCIL",2,0,0,0,0,2019,"January","Wednesday","04:30 am","080","Not Divided","Straight road","Level","Not Applicable","Sealed","Dry","Not Raining","Night","Hit Animal","02","Animal","1: PDO","No Control","","",1345035.79,1663841.38,"13450361663841"
"2019-39-27/05/2021","3 Country","TAILEM BEND","5260","COORONG DISTRICT COUNCIL",2,4,0,1,3,2019,"January","Wednesday","02:10 pm","110","T-Junction","Straight road","Level","Driveway or Entrance","Sealed","Dry","Not Raining","Daylight","Right Angle","02","Driver Rider","3: SI","Give Way Sign","","",1408874.75,1625620.07,"14088751625620"
"2019-40-27/05/2021","2 Metropolitan","BRIGHTON","5048","CITY OF HOLDFAST BAY",2,1,0,0,1,2019,"January","Wednesday","05:00 pm","060","T-Junction","Straight road","Level","Not Applicable","Sealed","Dry","Not Raining","Daylight","Rear End","01","Driver Rider","2: MI","No Control","","",1321135.2,1660948.3,"13211351660948"
"2019-41-27/05/2021","2 Metropolitan","BEVERLEY","5009","CITY OF CHARLES STURT",2,0,0,0,0,2019,"January","Wednesday","07:30 pm","050","T-Junction","Straight road","Level","Not Applicable","Sealed","Dry","Not Raining","Daylight","Right Angle","01","Driver Rider","1: PDO","No Control","","",1323793.23,1673779.05,"13237931673779"
"2019-42-27/05/2021","1 City","ADELAIDE","5000","CITY OF ADELAIDE",2,0,0,0,0,2019,"January","Wednesday","08:10 pm","050","Cross Road","Straight road","Level","Not Applicable","Sealed","Dry","Not Raining","Daylight","Hit Pedestrian","02","Pedestrian","1: PDO","Traffic Signals","","",1328412.93,1670350.89,"13284131670351"
"2019-43-27/05/2021","3 Country","COOMANDOOK","5261","COORONG DISTRICT COUNCIL",2,2,1,0,1,2019,"January","Wednesday","04:38 pm","110","Not Divided","Straight road","Level","Not Applicable","Sealed","Dry","Not Raining","Daylight","Head On","01","Driver Rider","4: Fatal","No Control","","",1428754.73,1604377.7,"14287551604378"
"2019-44-27/05/2021","2 Metropolitan","MUNNO PARA","5115","CITY OF PLAYFORD.",2,0,0,0,0,2019,"January","Wednesday","11:55 pm","050","Divided Road","CURVED, VIEW OPEN","Level","Not Applicable","Sealed","Dry","Not Raining","Night","Hit Fixed Object","01","Driver Rider","1: PDO","No Control","","",1337249.95,1698380.24,"13372501698380"
"2019-45-27/05/2021","2 Metropolitan","KURRALTA PARK","5037","CITY OF WEST TORRENS",2,1,0,0,1,2019,"January","Thursday","08:17 am","060","Cross Road","Straight road","Level","Not Applicable","Sealed","Dry","Not Raining","Daylight","Right Turn","01","Driver Rider","2: MI","Traffic Signals","","",1325778.61,1667717.09,"13257791667717"
"2019-46-27/05/2021","2 Metropolitan","HENLEY BEACH","5022","CITY OF CHARLES STURT",2,0,0,0,0,2019,"January","Wednesday","04:30 pm","050","T-Junction","CURVED, VIEW OBSCURED","Level","Not Applicable","Sealed","Dry","Not Raining","Daylight","Right Angle","02","Driver Rider","1: PDO","No Control","","",1318696.87,1672298.86,"13186971672299"
"2019-47-27/05/2021","2 Metropolitan","KLEMZIG","5087","CITY OF PORT ADELAIDE ENFIELD",2,0,0,0,0,2019,"January","Wednesday","09:05 pm","060","Cross Road","CURVED, VIEW OPEN","Slope","Not Applicable","Sealed","Dry","Not Raining","Night","Side Swipe","02","Driver Rider","1: PDO","Traffic Signals","","",1332072.8,1676595.28,"13320731676595"
"2019-48-27/05/2021","3 Country","STRATHALBYN","5255","ALEXANDRINA COUNCIL",2,1,0,0,1,2019,"January","Wednesday","03:00 pm","080","Not Divided","Straight road","Level","Not Applicable","Sealed","Dry","Not Raining","Daylight","Rear End","01","Driver Rider","2: MI","No Control","","",1353034.84,1633914.57,"13530351633915"
"2019-49-27/05/2021","3 Country","LOCHIEL","5510","WAKEFIELD REGIONAL COUNCIL",2,4,0,1,3,2019,"January","Thursday","11:00 am","110","Not Divided","Straight road","Level","Driveway or Entrance","Sealed","Dry","Not Raining","Daylight","Right Turn","01","Driver Rider","3: SI","No Control","","",1291899.55,1783821.1,"12919001783821"
"2019-50-27/05/2021","2 Metropolitan","SEAFORD RISE","5169","CITY OF ONKAPARINGA",2,0,0,0,0,2019,"January","Thursday","02:13 pm","060","Cross Road","Straight road","Level","Not Applicable","Sealed","Dry","Not Raining","Daylight","Right Turn","02","Driver Rider","1: PDO","Traffic Signals","","",1317537.2,1641650.26,"13175371641650"
"2019-51-27/05/2021","2 Metropolitan","WINGFIELD","5013","CITY OF PORT ADELAIDE ENFIELD",2,0,0,0,0,2019,"January","Thursday","12:45 pm","050","Cross Road","Straight road","Level","Not Applicable","Sealed","Dry","Not Raining","Daylight","Right Angle","01","Driver Rider","1: PDO","Give Way Sign","","",1325115.68,1679699.32,"13251161679699"
"2019-52-27/05/2021","2 Metropolitan","ASHFORD","5035","CITY OF UNLEY",2,0,0,0,0,2019,"January","Thursday","02:45 pm","060","Divided Road","Straight road","Level","Not Applicable","Sealed","Dry","Not Raining","Daylight","Rear End","01","Driver Rider","1: PDO","No Control","","",1325975.4,1667841.9,"13259751667842"
"2019-53-27/05/2021","2 Metropolitan","KILBURN","5084","CITY OF PORT ADELAIDE ENFIELD",3,1,0,0,1,2019,"January","Thursday","05:26 pm","060","Divided Road","Straight road","Level","Not Applicable","Sealed","Dry","Not Raining","Daylight","Rear End","02","Driver Rider","2: MI","No Control","","",1327213.05,1677551.33,"13272131677551"
"2019-54-27/05/2021","2 Metropolitan","SALISBURY EAST","5109","CITY OF SALISBURY",3,0,0,0,0,2019,"January","Thursday","05:30 pm","060","Cross Road","Straight road","Level","Not Applicable","Sealed","Dry","Not Raining","Daylight","Rear End","01","Driver Rider","1: PDO","Traffic Signals","","",1333277.7,1685371.45,"13332781685371"
"2019-55-27/05/2021","2 Metropolitan","REDWOOD PARK","5097","CITY OF TEA TREE GULLY",2,1,0,0,1,2019,"January","Thursday","05:25 pm","060","T-Junction","CURVED, VIEW OPEN","Level","Not Applicable","Sealed","Dry","Not Raining","Daylight","Rear End","02","Driver Rider","2: MI","No Control","","",1338215.76,1682500.2,"13382161682500"
"2019-56-27/05/2021","2 Metropolitan","KESWICK","5035","CITY OF WEST TORRENS",2,1,0,0,1,2019,"January","Thursday","05:50 pm","050","Not Divided","Straight road","Level","Not Applicable","Sealed","Dry","Not Raining","Daylight","Hit Parked Vehicle","01","Driver Rider","2: MI","No Control","","",1326346.26,1668612.49,"13263461668612"
"2019-57-27/05/2021","2 Metropolitan","FULHAM GARDENS","5024","CITY OF CHARLES STURT",3,2,0,0,2,2019,"January","Thursday","05:25 pm","060","Cross Road","Straight road","Level","Not Applicable","Sealed","Dry","Not Raining","Daylight","Right Turn","02","Driver Rider","2: MI","Traffic Signals","","",1320660.26,1672376.02,"13206601672376"
"2019-58-27/05/2021","2 Metropolitan","BLAIR ATHOL","5084","CITY OF PORT ADELAIDE ENFIELD",2,0,0,0,0,2019,"January","Thursday","05:20 pm","060","T-Junction","Straight road","Level","Not Applicable","Sealed","Dry","Not Raining","Daylight","Rear End","01","Driver Rider","1: PDO","No Control","","",1328805.81,1678802.93,"13288061678803"
"2019-59-27/05/2021","2 Metropolitan","SALISBURY PLAIN","5109","CITY OF SALISBURY",2,0,0,0,0,2019,"January","Thursday","06:25 pm","050","T-Junction","Straight road","Level","Not Applicable","Sealed","Dry","Not Raining","Daylight","Rear End","02","Driver Rider","1: PDO","No Control","","",1334184.59,1688395.78,"13341851688396"
"2019-60-27/05/2021","2 Metropolitan","HENLEY BEACH SOUTH","5022","CITY OF CHARLES STURT",2,0,0,0,0,2019,"January","Thursday","06:45 pm","050","Divided Road","Straight road","Level","Not Applicable","Sealed","Dry","Not Raining","Daylight","Rear End","02","Driver Rider","1: PDO","No Control","","",1319321.42,1671004,"13193211671004"
"2019-61-27/05/2021","2 Metropolitan","MARLESTON","5033","CITY OF WEST TORRENS",2,1,0,0,1,2019,"January","Thursday","06:50 pm","060","T-Junction","Unknown","Level","Not Applicable","Sealed","Dry","Not Raining","Daylight","Right Angle","01","Driver Rider","2: MI","No Control","","",1325303.91,1668932.25,"13253041668932"
"2019-62-27/05/2021","2 Metropolitan","COROMANDEL VALLEY","5051","CC MITCHAM.                   ",2,0,0,0,0,2019,"January","Thursday","10:00 pm","060","Not Divided","CURVED, VIEW OPEN","Level","Not Applicable","Sealed","Dry","Not Raining","Night","Head On","02","Driver Rider","1: PDO","No Control","Y","",1330339.77,1658664.65,"13303401658665"
"2019-63-27/05/2021","1 City","ADELAIDE","5000","CITY OF ADELAIDE",2,0,0,0,0,2019,"January","Friday","12:10 am","050","Cross Road","Straight road","Level","Not Applicable","Sealed","Dry","Not Raining","Night","Right Angle","01","Driver Rider","1: PDO","Traffic Signals","","",1329020.62,1670844.8,"13290211670845"
"2019-64-27/05/2021","2 Metropolitan","LOCKLEYS","5032","CITY OF WEST TORRENS",3,1,0,0,1,2019,"January","Friday","08:46 am","060","T-Junction","Straight road","Level","Not Applicable","Sealed","Dry","Not Raining","Daylight","Right Angle","02","Driver Rider","2: MI","No Control","","",1322293.44,1670808.3,"13222931670808"
"2019-65-27/05/2021","2 Metropolitan","STURT","5047","CC MARION.                    ",3,0,0,0,0,2019,"January","Thursday","04:45 pm","060","T-Junction","Straight road","Level","Not Applicable","Sealed","Dry","Not Raining","Daylight","Rear End","01","Driver Rider","1: PDO","Traffic Signals","","",1324437.93,1659985.8,"13244381659986"
"2019-66-27/05/2021","3 Country","WILLIAMSTOWN","5351","THE BAROSSA COUNCIL.",2,0,0,0,0,2019,"January","Thursday","04:45 pm","100","Not Divided","Straight road","Slope","Not Applicable","Sealed","Dry","Not Raining","Daylight","Rear End","02","Driver Rider","1: PDO","No Control","","",1352081.77,1697692.45,"13520821697692"
"2019-67-27/05/2021","2 Metropolitan","RENOWN PARK","5008","CITY OF CHARLES STURT",2,0,0,0,0,2019,"January","Friday","09:56 am","040","Not Divided","Straight road","Level","Not Applicable","Sealed","Dry","Not Raining","Daylight","Hit Fixed Object","01","Driver Rider","1: PDO","No Control","","",1326160.42,1675072.71,"13261601675073"
"2019-68-27/05/2021","2 Metropolitan","NORWOOD","5067","CC OF NORWOOD,PAYNEHAM & ST PETERS",2,0,0,0,0,2019,"January","Friday","10:40 am","050","T-Junction","Straight road","Level","Not Applicable","Sealed","Dry","Not Raining","Daylight","Right Angle","01","Driver Rider","1: PDO","Give Way Sign","","",1331851.33,1671176.12,"13318511671176"
"2019-69-27/05/2021","2 Metropolitan","GLENELG","5045","CITY OF HOLDFAST BAY",2,0,0,0,0,2019,"January","Friday","12:01 pm","050","Cross Road","Straight road","Level","Not Applicable","Sealed","Dry","Not Raining","Daylight","Rear End","02","Driver Rider","1: PDO","Roundabout","","",1320786.74,1665307.63,"13207871665308"
"2019-70-27/05/2021","2 Metropolitan","WESTBOURNE PARK","5041","CC MITCHAM.                   ",2,0,0,0,0,2019,"January","Wednesday","05:30 pm","060","Not Divided","Straight road","Level","Not Applicable","Sealed","Dry","Not Raining","Daylight","Rear End","02","Driver Rider","1: PDO","No Control","","",1327536.87,1666199.54,"13275371666200"
"2019-71-27/05/2021","2 Metropolitan","KESWICK TERMINAL","5035","CITY OF WEST TORRENS",2,0,0,0,0,2019,"January","Friday","12:28 pm","060","Not Divided","CURVED, VIEW OBSCURED","Level","Not Applicable","Sealed","Dry","Not Raining","Daylight","Right Angle","01","Driver Rider","1: PDO","No Control","","",1326333.22,1669977.83,"13263331669978"
"2019-72-27/05/2021","2 Metropolitan","FLINDERS PARK","5025","CITY OF CHARLES STURT",2,1,0,0,1,2019,"January","Friday","01:00 pm","060","T-Junction","Straight road","Level","Not Applicable","Sealed","Dry","Not Raining","Daylight","Right Angle","02","Driver Rider","2: MI","No Control","","",1322523.14,1672347.24,"13225231672347"
"2019-73-27/05/2021","2 Metropolitan","CAVAN","5094","CITY OF SALISBURY",2,0,0,0,0,2019,"January","Friday","12:35 pm","070","Cross Road","Straight road","Level","Not Applicable","Sealed","Dry","Not Raining","Daylight","Rear End","02","Driver Rider","1: PDO","Traffic Signals","","",1328720.17,1681548.46,"13287201681548"
"2019-74-27/05/2021","2 Metropolitan","CHELTENHAM","5014","CITY OF CHARLES STURT",2,0,0,0,0,2019,"January","Friday","02:10 pm","060","Not Divided","Straight road","Level","Driveway or Entrance","Sealed","Dry","Not Raining","Daylight","Right Turn","02","Driver Rider","1: PDO","No Control","","",1322153.52,1676649.72,"13221541676650"
"2019-75-27/05/2021","2 Metropolitan","CHANDLERS HILL","5159","CITY OF ONKAPARINGA",2,0,0,0,0,2019,"January","Thursday","04:00 pm","060","Not Divided","CURVED, VIEW OPEN","Slope","Not Applicable","Sealed","Dry","Not Raining","Daylight","Hit Fixed Object","01","Driver Rider","1: PDO","No Control","","",1326542.88,1651448.82,"13265431651449"
"2019-76-27/05/2021","3 Country","FINNISS","5255","ALEXANDRINA COUNCIL",1,1,0,0,1,2019,"January","Friday","01:50 pm","100","Not Divided","Straight road","Level","Roadworks","Unsealed","Dry","Not Raining","Daylight","Roll Over","01","Driver Rider","2: MI","No Control","","",1351187.54,1621027.32,"13511881621027"
"2019-77-27/05/2021","2 Metropolitan","SALISBURY SOUTH","5106","CITY OF SALISBURY",3,1,1,0,0,2019,"January","Friday","11:55 am","070","Divided Road","Straight road","Level","Not Applicable","Sealed","Dry","Not Raining","Daylight","Side Swipe","02","Driver Rider","4: Fatal","No Control","","",1332208.32,1686218.28,"13322081686218"
"2019-78-27/05/2021","2 Metropolitan","VIRGINIA","5120","CITY OF PLAYFORD.",2,1,0,0,1,2019,"January","Friday","02:00 pm","050","Not Divided","Straight road","Level","Not Applicable","Sealed","Dry","Not Raining","Daylight","Rear End","02","Driver Rider","2: MI","No Control","","",1325834.01,1699520.81,"13258341699521"
"2019-79-27/05/2021","2 Metropolitan","MAWSON LAKES","5095","CITY OF SALISBURY",3,1,0,0,1,2019,"January","Friday","03:50 pm","070","Cross Road","Straight road","Level","Not Applicable","Sealed","Dry","Not Raining","Daylight","Rear End","02","Driver Rider","2: MI","Traffic Signals","","",1330496.17,1683915.05,"13304961683915"
"2019-80-27/05/2021","2 Metropolitan","STEPNEY","5069","CC OF NORWOOD,PAYNEHAM & ST PETERS",2,0,0,0,0,2019,"January","Friday","03:15 pm","060","T-Junction","Straight road","Level","Unknown","Sealed","Dry","Not Raining","Daylight","Right Angle","01","Driver Rider","1: PDO","Stop Sign","","",1331172.71,1672480.14,"13311731672480"
"2019-81-27/05/2021","2 Metropolitan","WAYVILLE","5034","CITY OF UNLEY",2,0,0,0,0,2019,"January","Friday","04:45 pm","060","T-Junction","Straight road","Level","Not Applicable","Sealed","Dry","Not Raining","Daylight","Side Swipe","02","Driver Rider","1: PDO","Traffic Signals","","",1327969.17,1668950.29,"13279691668950"