"REPORT_ID","Stats Area","Suburb","Postcode","LGA Name","Total Units","Total Cas","Total Fats","Total SI","Total MI","Year","Month","Day","Time","Area Speed","Position Type","Horizontal Align","Vertical Align","Other Feat","Road Surface","Moisture Cond","Weather Cond","DayNight","Crash Type","Unit Resp","Entity Code","CSEF Severity","Traffic Ctrls","DUI Involved","Drugs Involved","ACCLOC_X","ACCLOC_Y","UNIQUE_LOC"
"2019-242-27/05/2021","2 Metropolitan","GLENELG EAST","5045","CITY OF HOLDFAST BAY",2,0,0,0,0,2019,"January","Wednesday","08:10 am","060","Divided Road","Straight road","Level","Not Applicable","Sealed","Dry","Not Raining","Daylight","Side Swipe","01","Driver Rider","1: PDO","No Control","","",1321019.04,1664985.88,"13210191664986"
"2019-243-27/05/2021","2 Metropolitan","MALVERN","5061","CITY OF UNLEY",2,1,0,0,1,2019,"January","Thursday","01:50 pm","050","T-Junction","Straight road","Level","Not Applicable","Sealed","Dry","Not Raining","Daylight","Right Angle","02","Driver Rider","2: MI","No Control","","",1329162.35,1667328.16,"13291621667328"
"2019-244-27/05/2021","2 Metropolitan","LARGS NORTH","5016","CITY OF PORT ADELAIDE ENFIELD",2,2,0,0,2,2019,"January","Thursday","02:32 pm","060","Not Divided","Straight road","Level","Driveway or Entrance","Sealed","Dry","Not Raining","Daylight","Rear End","01","Driver Rider","2: MI","No Control","","",1319208.73,1683032.25,"13192091683032"
"2019-245-27/05/2021","2 Metropolitan","CHELTENHAM","5014","CITY OF CHARLES STURT",2,0,0,0,0,2019,"January","Thursday","02:30 pm","060","Divided Road","Straight road","Level","Driveway or Entrance","Sealed","Dry","Not Raining","Daylight","Right Angle","01","Driver Rider","1: PDO","No Control","","",1322139.31,1676528.21,"13221391676528"
"2019-246-27/05/2021","2 Metropolitan","LONSDALE","5160","CITY OF ONKAPARINGA",2,1,0,0,1,2019,"January","Wednesday","01:00 pm","080","Cross Road","Straight road","Level","Not Applicable","Sealed","Dry","Not Raining","Daylight","Rear End","02","Driver Rider","2: MI","Traffic Signals","","",1317823.83,1649782.83,"13178241649783"
"2019-247-27/05/2021","1 City","ADELAIDE","5000","CITY OF ADELAIDE",2,0,0,0,0,2019,"January","Thursday","08:10 am","050","Divided Road","Straight road","Level","Not Applicable","Sealed","Dry","Not Raining","Daylight","Side Swipe","02","Driver Rider","1: PDO","No Control","","",1328495.63,1670110.82,"13284961670111"
"2019-248-27/05/2021","2 Metropolitan","SEAFORD","5169","CITY OF ONKAPARINGA",2,0,0,0,0,2019,"January","Thursday","02:15 pm","070","Not Divided","Straight road","Level","Not Applicable","Sealed","Dry","Not Raining","Daylight","Rear End","01","Driver Rider","1: PDO","No Control","","",1316360.54,1642340.89,"13163611642341"
"2019-249-27/05/2021","2 Metropolitan","MAWSON LAKES","5095","CITY OF SALISBURY",2,1,0,0,1,2019,"January","Wednesday","02:45 pm","080","T-Junction","Straight road","Crest of Hill","Not Applicable","Sealed","Dry","Not Raining","Daylight","Rear End","01","Driver Rider","2: MI","Traffic Signals","","",1328697.75,1683414.9,"13286981683415"
"2019-250-27/05/2021","3 Country","MOUNT CRAWFORD","5351","THE BAROSSA COUNCIL.",2,0,0,0,0,2019,"January","Thursday","01:00 pm","100","Not Divided","CURVED, VIEW OBSCURED","Crest of Hill","Not Applicable","Unsealed","Dry","Not Raining","Daylight","Hit Fixed Object","01","Driver Rider","1: PDO","No Control","","",1369196.15,1695322.25,"13691961695322"
"2019-251-27/05/2021","2 Metropolitan","OAKDEN","5086","CITY OF PORT ADELAIDE ENFIELD",3,1,0,0,1,2019,"January","Thursday","04:59 pm","060","T-Junction","Straight road","Level","Not Applicable","Sealed","Dry","Not Raining","Daylight","Right Turn","01","Driver Rider","2: MI","Traffic Signals","","",1333378.55,1678561.06,"13333791678561"
"2019-252-27/05/2021","2 Metropolitan","WOODVILLE","5011","CITY OF CHARLES STURT",2,0,0,0,0,2019,"January","Thursday","05:00 pm","060","T-Junction","Straight road","Level","Not Applicable","Sealed","Dry","Not Raining","Daylight","Right Angle","01","Driver Rider","1: PDO","Give Way Sign","","",1322559.44,1676049.07,"13225591676049"
"2019-253-27/05/2021","2 Metropolitan","GEPPS CROSS","5094","CITY OF PORT ADELAIDE ENFIELD",2,0,0,0,0,2019,"January","Thursday","05:50 pm","060","Multiple","Straight road","Level","Not Applicable","Sealed","Dry","Not Raining","Daylight","Side Swipe","02","Driver Rider","1: PDO","Traffic Signals","","",1328802.51,1679265.44,"13288031679265"
"2019-254-27/05/2021","2 Metropolitan","DAW PARK","5041","CC MITCHAM.                   ",2,1,0,0,1,2019,"January","Thursday","07:10 pm","060","T-Junction","Straight road","Level","Not Applicable","Sealed","Dry","Not Raining","Daylight","Hit Pedestrian","01","Driver Rider","2: MI","Stop Sign","","",1327547.13,1664745.26,"13275471664745"
"2019-255-27/05/2021","2 Metropolitan","HOUGHTON","5131","THE ADELAIDE HILLS COUNCIL",2,3,0,0,3,2019,"January","Thursday","06:13 pm","080","T-Junction","Straight road","Level","Not Applicable","Sealed","Dry","Not Raining","Daylight","Head On","01","Driver Rider","2: MI","Stop Sign","","",1343435.26,1681307.48,"13434351681307"
"2019-256-27/05/2021","2 Metropolitan","THEBARTON","5031","CITY OF WEST TORRENS",2,0,0,0,0,2019,"January","Thursday","05:30 pm","060","Divided Road","Straight road","Level","Not Applicable","Sealed","Dry","Not Raining","Daylight","Rear End","01","Driver Rider","1: PDO","No Control","","",1326519.93,1672021.27,"13265201672021"
"2019-257-27/05/2021","3 Country","MOONTA BAY","5558","COPPER COAST DISTRICT COUNCIL",2,1,0,0,1,2019,"January","Thursday","07:10 pm","050","Not Divided","Straight road","Level","Not Applicable","Sealed","Dry","Not Raining","Daylight","Right Angle","02","Driver Rider","2: MI","No Control","","",1236344.82,1770227.27,"12363451770227"
"2019-258-27/05/2021","3 Country","TUNGKILLO","5236","MID MURRAY DISTRICT COUNCIL",2,0,0,0,0,2019,"January","Thursday","09:00 pm","080","Not Divided","CURVED, VIEW OBSCURED","Slope","Not Applicable","Sealed","Dry","Not Raining","Night","Hit Fixed Object","01","Driver Rider","1: PDO","No Control","Y","",1370229.66,1682495.84,"13702301682496"
"2019-259-27/05/2021","2 Metropolitan","MODBURY HEIGHTS","5092","CITY OF TEA TREE GULLY",3,1,0,1,0,2019,"January","Thursday","11:51 pm","050","Not Divided","Straight road","Level","Not Applicable","Sealed","Dry","Not Raining","Night","Hit Pedestrian","01","Pedestrian","3: SI","No Control","","Y",1336525.53,1682502.95,"13365261682503"
"2019-260-27/05/2021","2 Metropolitan","CHRISTIES BEACH","5165","CITY OF ONKAPARINGA",2,0,0,0,0,2019,"January","Thursday","01:38 am","080","Not Divided","CURVED, VIEW OPEN","Level","Not Applicable","Sealed","Dry","Not Raining","Night","Hit Pedestrian","02","Pedestrian","1: PDO","No Control","","",1317264.72,1648375.24,"13172651648375"
"2019-261-27/05/2021","2 Metropolitan","BEDFORD PARK","5042","CC MITCHAM.                   ",2,1,0,0,1,2019,"January","Thursday","11:20 pm","050","Divided Road","Straight road","Slope","Driveway or Entrance","Sealed","Dry","Not Raining","Night","Right Angle","01","Driver Rider","2: MI","No Control","","Y",1325325.27,1659665.38,"13253251659665"
"2019-262-27/05/2021","2 Metropolitan","PARAFIELD GARDENS","5107","CITY OF SALISBURY",2,0,0,0,0,2019,"January","Friday","07:19 am","050","Not Divided","Straight road","Level","Not Applicable","Sealed","Dry","Not Raining","Daylight","Hit Fixed Object","01","Driver Rider","1: PDO","No Control","","",1330221.46,1685557.63,"13302211685558"
"2019-263-27/05/2021","2 Metropolitan","WAYVILLE","5034","CITY OF UNLEY",3,3,0,0,3,2019,"January","Thursday","12:50 pm","060","T-Junction","Straight road","Level","Not Applicable","Sealed","Dry","Not Raining","Daylight","Rear End","01","Driver Rider","2: MI","Traffic Signals","","",1327450.37,1668175.41,"13274501668175"
"2019-264-27/05/2021","2 Metropolitan","FULHAM GARDENS","5024","CITY OF CHARLES STURT",2,0,0,0,0,2019,"January","Thursday","08:00 am","060","Cross Road","Straight road","Level","Not Applicable","Sealed","Dry","Not Raining","Daylight","Side Swipe","02","Driver Rider","1: PDO","Traffic Signals","","",1320790.16,1673081.46,"13207901673081"
"2019-265-27/05/2021","2 Metropolitan","EDWARDSTOWN","5039","CC MARION.                    ",2,0,0,0,0,2019,"January","Thursday","11:30 am","050","Not Divided","Straight road","Level","Driveway or Entrance","Sealed","Dry","Not Raining","Daylight","Right Angle","02","Driver Rider","1: PDO","No Control","","",1325564.43,1664777.47,"13255641664777"
"2019-266-27/05/2021","2 Metropolitan","RICHMOND","5033","CITY OF WEST TORRENS",2,0,0,0,0,2019,"January","Friday","08:30 am","050","T-Junction","Straight road","Level","Not Applicable","Sealed","Dry","Not Raining","Daylight","Hit Fixed Object","01","Driver Rider","1: PDO","No Control","","",1324572.32,1669151.33,"13245721669151"
"2019-267-27/05/2021","2 Metropolitan","BEDFORD PARK","5042","CC MARION.                    ",2,0,0,0,0,2019,"January","Friday","07:30 am","070","Divided Road","CURVED, VIEW OBSCURED","Slope","Not Applicable","Sealed","Dry","Not Raining","Daylight","Rear End","02","Driver Rider","1: PDO","No Control","","",1324776.33,1660100.33,"13247761660100"
"2019-268-27/05/2021","2 Metropolitan","GLANVILLE","5015","CITY OF PORT ADELAIDE ENFIELD",2,0,0,0,0,2019,"January","Friday","09:15 am","060","Not Divided","Straight road","Level","Not Applicable","Sealed","Dry","Not Raining","Daylight","Hit Parked Vehicle","01","Driver Rider","1: PDO","No Control","","",1319072.3,1680050.53,"13190721680051"
"2019-269-27/05/2021","2 Metropolitan","CAVAN","5094","CITY OF SALISBURY",2,0,0,0,0,2019,"January","Friday","08:45 am","070","T-Junction","Straight road","Level","Not Applicable","Sealed","Dry","Not Raining","Daylight","Side Swipe","01","Driver Rider","1: PDO","Traffic Signals","","",1328734.77,1681107.39,"13287351681107"
"2019-270-27/05/2021","2 Metropolitan","MASLIN BEACH","5170","CITY OF ONKAPARINGA",2,0,0,0,0,2019,"January","Thursday","05:10 pm","080","Not Divided","Straight road","Level","Not Applicable","Sealed","Dry","Not Raining","Daylight","Roll Over","01","Driver Rider","1: PDO","No Control","","",1315603.16,1635484.84,"13156031635485"
"2019-271-27/05/2021","2 Metropolitan","ABERFOYLE PARK","5159","CITY OF ONKAPARINGA",2,0,0,0,0,2019,"January","Friday","07:30 am","050","Not Divided","CURVED, VIEW OPEN","Level","Not Applicable","Sealed","Dry","Not Raining","Daylight","Hit Parked Vehicle","01","Driver Rider","1: PDO","No Control","","",1327445.1,1655240,"13274451655240"
"2019-272-27/05/2021","2 Metropolitan","THEBARTON","5031","CITY OF WEST TORRENS",2,0,0,0,0,2019,"January","Thursday","06:00 pm","050","T-Junction","Straight road","Crest of Hill","Not Applicable","Sealed","Dry","Not Raining","Daylight","Right Turn","01","Driver Rider","1: PDO","Give Way Sign","","",1326249.51,1671671.31,"13262501671671"
"2019-273-27/05/2021","2 Metropolitan","WOODVILLE SOUTH","5011","CITY OF CHARLES STURT",2,0,0,0,0,2019,"January","Friday","10:30 am","060","Divided Road","Straight road","Level","Driveway or Entrance","Sealed","Dry","Not Raining","Daylight","Right Angle","02","Driver Rider","1: PDO","No Control","","",1323185.88,1675438.4,"13231861675438"
"2019-274-27/05/2021","1 City","ADELAIDE","5000","CITY OF ADELAIDE",2,0,0,0,0,2019,"January","Thursday","07:15 pm","050","T-Junction","Straight road","Level","Not Applicable","Sealed","Dry","Not Raining","Daylight","Rear End","01","Driver Rider","1: PDO","Traffic Signals","","",1327953.78,1671119.41,"13279541671119"
"2019-275-27/05/2021","1 City","ADELAIDE","5000","CITY OF ADELAIDE",2,0,0,0,0,2019,"January","Thursday","12:15 pm","050","T-Junction","Straight road","Level","Not Applicable","Sealed","Dry","Not Raining","Daylight","Right Turn","01","Driver Rider","1: PDO","No Control","","",1329508.2,1670960,"13295081670960"
"2019-276-27/05/2021","2 Metropolitan","SALISBURY PARK","5109","CITY OF SALISBURY",6,1,0,0,1,2019,"January","Friday","12:50 pm","080","Divided Road","CURVED, VIEW OPEN","Crest of Hill","Not Applicable","Sealed","Dry","Not Raining","Daylight","Hit Fixed Object","01","Driver Rider","2: MI","No Control","","",1336163.31,1689123.73,"13361631689124"
"2019-277-27/05/2021","3 Country","PALMER","5237","MID MURRAY DISTRICT COUNCIL",2,0,0,0,0,2019,"January","Wednesday","08:00 pm","100","Not Divided","Straight road","Level","Not Applicable","Sealed","Dry","Not Raining","Daylight","Hit Animal","02","Animal","1: PDO","No Control","","",1379915.19,1674488.78,"13799151674489"
"2019-278-27/05/2021","3 Country","PARUNA","5311","LOXTON WAIKERIE DISTRICT COUNCIL",2,1,0,0,1,2019,"January","Thursday","05:30 am","060","Not Divided","CURVED, VIEW OBSCURED","Level","Not Applicable","Unsealed","Dry","Not Raining","Night","Hit Fixed Object","01","Driver Rider","2: MI","No Control","","",1522964.53,1677998.07,"15229651677998"
"2019-279-27/05/2021","2 Metropolitan","MODBURY","5092","CITY OF TEA TREE GULLY",2,0,0,0,0,2019,"January","Friday","12:20 pm","060","Cross Road","Straight road","Level","Not Applicable","Sealed","Dry","Not Raining","Daylight","Right Angle","02","Driver Rider","1: PDO","Roundabout","","",1336865.11,1680632.32,"13368651680632"
"2019-280-27/05/2021","2 Metropolitan","HAHNDORF","5245","DC MT.BARKER.                 ",2,1,0,0,1,2019,"January","Friday","11:05 am","080","Not Divided","Straight road","Level","Not Applicable","Sealed","Dry","Not Raining","Daylight","Side Swipe","02","Driver Rider","2: MI","No Control","","",1346062.06,1659546.78,"13460621659547"
"2019-281-27/05/2021","2 Metropolitan","ELIZABETH VALE","5112","CITY OF PLAYFORD.",2,0,0,0,0,2019,"January","Friday","02:25 pm","060","T-Junction","Straight road","Level","Not Applicable","Sealed","Dry","Not Raining","Daylight","Right Turn","02","Driver Rider","1: PDO","No Control","","",1335846.89,1690233.88,"13358471690234"
"2019-282-27/05/2021","2 Metropolitan","KIDMAN PARK","5025","CITY OF CHARLES STURT",2,0,0,0,0,2019,"January","Friday","11:50 am","060","T-Junction","Straight road","Level","Not Applicable","Sealed","Dry","Not Raining","Daylight","Right Angle","01","Driver Rider","1: PDO","No Control","","",1322499.33,1672511.2,"13224991672511"
"2019-283-27/05/2021","2 Metropolitan","DRY CREEK","5094","CITY OF PORT ADELAIDE ENFIELD",2,0,0,0,0,2019,"January","Thursday","05:15 pm","070","T-Junction","Straight road","Level","Not Applicable","Sealed","Dry","Not Raining","Daylight","Rear End","01","Driver Rider","1: PDO","No Control","","",1327751.83,1679804.64,"13277521679805"
"2019-284-27/05/2021","2 Metropolitan","GULFVIEW HEIGHTS","5096","CITY OF SALISBURY",3,0,0,0,0,2019,"January","Wednesday","07:15 pm","050","Not Divided","Straight road","Slope","Not Applicable","Sealed","Dry","Not Raining","Daylight","Hit Fixed Object","01","Driver Rider","1: PDO","No Control","","",1335319.61,1684469.92,"13353201684470"
"2019-285-27/05/2021","2 Metropolitan","ELIZABETH","5112","CITY OF PLAYFORD.",2,0,0,0,0,2019,"January","Friday","02:25 pm","060","T-Junction","Straight road","Level","Not Applicable","Sealed","Dry","Not Raining","Daylight","Right Turn","02","Driver Rider","1: PDO","No Control","","",1335633.75,1693121.48,"13356341693121"
"2019-286-27/05/2021","2 Metropolitan","MAGILL","5072","CC CAMPBELLTOWN.              ",3,0,0,0,0,2019,"January","Friday","03:10 pm","060","Not Divided","Straight road","Level","Not Applicable","Sealed","Dry","Not Raining","Daylight","Hit Parked Vehicle","01","Driver Rider","1: PDO","No Control","","",1335480.69,1671921.27,"13354811671921"
"2019-287-27/05/2021","2 Metropolitan","UNDERDALE","5032","CITY OF WEST TORRENS",2,0,0,0,0,2019,"January","Thursday","02:00 pm","060","T-Junction","Straight road","Level","Not Applicable","Sealed","Dry","Not Raining","Daylight","Rear End","02","Driver Rider","1: PDO","Traffic Signals","","",1323855.47,1670942.23,"13238551670942"
"2019-288-27/05/2021","2 Metropolitan","WYNN VALE","5127","CITY OF TEA TREE GULLY",2,1,0,0,1,2019,"January","Friday","05:40 pm","070","T-Junction","Straight road","Level","Not Applicable","Sealed","Dry","Not Raining","Daylight","Side Swipe","01","Driver Rider","2: MI","Give Way Sign","","",1336880.89,1684611.96,"13368811684612"
"2019-289-27/05/2021","2 Metropolitan","BEVERLEY","5009","CITY OF CHARLES STURT",2,0,0,0,0,2019,"January","Friday","03:00 am","060","Divided Road","Straight road","Level","Not Applicable","Sealed","Dry","Not Raining","Night","Rear End","01","Driver Rider","1: PDO","No Control","","",1323826.36,1674887.05,"13238261674887"
"2019-290-27/05/2021","2 Metropolitan","GLANDORE","5037","CITY OF UNLEY",3,2,0,0,2,2019,"January","Thursday","02:30 pm","060","Divided Road","Straight road","Level","Not Applicable","Sealed","Dry","Not Raining","Daylight","Rear End","01","Driver Rider","2: MI","No Control","","",1325856.69,1666805.36,"13258571666805"
"2019-291-27/05/2021","2 Metropolitan","HOVE","5048","CITY OF HOLDFAST BAY",2,1,0,0,1,2019,"January","Friday","05:50 pm","060","T-Junction","Straight road","Level","Not Applicable","Sealed","Dry","Not Raining","Daylight","Right Angle","01","Driver Rider","2: MI","No Control","","",1321128.56,1661171.51,"13211291661172"
"2019-292-27/05/2021","2 Metropolitan","PARADISE","5075","CC CAMPBELLTOWN.              ",2,0,0,0,0,2019,"January","Friday","06:20 pm","060","T-Junction","Straight road","Level","Not Applicable","Sealed","Dry","Not Raining","Daylight","Right Angle","02","Driver Rider","1: PDO","No Control","","",1334652.45,1675977.24,"13346521675977"
"2019-293-27/05/2021","2 Metropolitan","MOUNT BARKER","5251","DC MT.BARKER.                 ",2,0,0,0,0,2019,"January","Friday","04:00 pm","050","Not Divided","Straight road","Unknown","Not Applicable","Sealed","Dry","Not Raining","Daylight","Hit Parked Vehicle","01","Driver Rider","1: PDO","No Control","","",1351760.81,1654304.04,"13517611654304"
"2019-294-27/05/2021","3 Country","JAMESTOWN","5491","NORTHERN AREAS DISTRICT COUNCIL",1,0,0,0,0,2019,"January","Friday","05:30 pm","110","Not Divided","CURVED, VIEW OPEN","Slope","Not Applicable","Sealed","Dry","Not Raining","Daylight","Roll Over","01","Driver Rider","1: PDO","No Control","","",1337943.65,1860633.55,"13379441860634"
"2019-295-27/05/2021","2 Metropolitan","HAZELWOOD PARK","5066","CITY OF BURNSIDE",2,0,0,0,0,2019,"January","Friday","07:05 pm","060","Not Divided","Straight road","Level","Driveway or Entrance","Sealed","Dry","Not Raining","Daylight","Right Angle","02","Driver Rider","1: PDO","No Control","","",1333934.01,1669164.33,"13339341669164"
"2019-296-27/05/2021","2 Metropolitan","GILLES PLAINS","5086","CITY OF TEA TREE GULLY",3,1,0,0,1,2019,"January","Friday","07:20 pm","060","T-Junction","Straight road","Level","Not Applicable","Sealed","Dry","Not Raining","Daylight","Rear End","01","Driver Rider","2: MI","Traffic Signals","","",1334243.31,1679377.9,"13342431679378"
"2019-297-27/05/2021","2 Metropolitan","TORRENS PARK","5062","CC MITCHAM.                   ",2,0,0,0,0,2019,"January","Thursday","08:00 am","050","Not Divided","Straight road","Level","Not Applicable","Sealed","Dry","Not Raining","Daylight","Rear End","02","Driver Rider","1: PDO","No Control","","",1329218.85,1663258.72,"13292191663259"
"2019-298-27/05/2021","3 Country","YALLUNDA FLAT","5607","DC TUMBY BAY.                 ",1,1,0,1,0,2019,"January","Thursday","04:30 pm","080","Not Divided","CURVED, VIEW OBSCURED","Level","Not Applicable","Unsealed","Dry","Not Raining","Daylight","Roll Over","01","Driver Rider","3: SI","No Control","","",1079255.88,1737142.57,"10792561737143"
"2019-299-27/05/2021","1 City","ADELAIDE","5000","CITY OF ADELAIDE",2,1,0,0,1,2019,"January","Friday","09:05 pm","050","Cross Road","Straight road","Level","Not Applicable","Sealed","Dry","Not Raining","Night","Hit Fixed Object","01","Driver Rider","2: MI","Traffic Signals","","",1328282.89,1670974.53,"13282831670975"
"2019-300-27/05/2021","2 Metropolitan","KLEMZIG","5087","CITY OF PORT ADELAIDE ENFIELD",2,0,0,0,0,2019,"January","Saturday","09:25 am","060","Not Divided","Straight road","Slope","Driveway or Entrance","Sealed","Dry","Not Raining","Daylight","Right Angle","01","Driver Rider","1: PDO","No Control","","",1331973.42,1675480.84,"13319731675481"
"2019-301-27/05/2021","2 Metropolitan","HENLEY BEACH","5022","CITY OF CHARLES STURT",2,0,0,0,0,2019,"January","Saturday","07:15 am","040","One Way","Straight road","Level","Not Applicable","Sealed","Dry","Not Raining","Daylight","Hit Animal","02","Animal","1: PDO","No Control","","",1318736.93,1672097.47,"13187371672097"
"2019-302-27/05/2021","2 Metropolitan","PARADISE","5075","CC CAMPBELLTOWN.              ",2,0,0,0,0,2019,"January","Saturday","10:15 am","060","Not Divided","Straight road","Slope","Not Applicable","Sealed","Dry","Not Raining","Daylight","Side Swipe","01","Driver Rider","1: PDO","No Control","","",1336604.88,1675863.68,"13366051675864"
"2019-303-27/05/2021","2 Metropolitan","PROSPECT","5082","CITY OF PROSPECT",2,1,0,0,1,2019,"January","Saturday","09:00 am","060","T-Junction","Straight road","Level","Not Applicable","Sealed","Dry","Not Raining","Daylight","Rear End","01","Driver Rider","2: MI","No Control","","",1328712.85,1674024.58,"13287131674025"
"2019-304-27/05/2021","2 Metropolitan","PROSPECT","5082","CITY OF PROSPECT",1,1,0,0,1,2019,"January","Saturday","11:44 am","050","Not Divided","Straight road","Level","Not Applicable","Sealed","Dry","Not Raining","Daylight","Roll Over","09","Other","2: MI","No Control","","",1328514.25,1674501.21,"13285141674501"
"2019-305-27/05/2021","2 Metropolitan","HOUGHTON","5131","CITY OF TEA TREE GULLY",2,0,0,0,0,2019,"January","Saturday","03:00 am","080","Not Divided","CURVED, VIEW OBSCURED","Crest of Hill","Not Applicable","Sealed","Dry","Not Raining","Night","Hit Fixed Object","01","Driver Rider","1: PDO","No Control","","",1343092.1,1681790.41,"13430921681790"
"2019-306-27/05/2021","2 Metropolitan","GLENELG","5045","CITY OF HOLDFAST BAY",2,1,0,0,1,2019,"January","Saturday","12:31 pm","050","T-Junction","Straight road","Level","Not Applicable","Sealed","Dry","Not Raining","Daylight","Right Angle","01","Driver Rider","2: MI","No Control","","",1320378.86,1664743.26,"13203791664743"
"2019-307-27/05/2021","2 Metropolitan","ULEYBURY","5114","CITY OF PLAYFORD.",2,0,0,0,0,2019,"January","Saturday","11:15 am","100","Not Divided","CURVED, VIEW OBSCURED","Slope","Not Applicable","Sealed","Dry","Not Raining","Daylight","Hit Fixed Object","01","Driver Rider","1: PDO","No Control","","",1342300.68,1695080.01,"13423011695080"
"2019-308-27/05/2021","2 Metropolitan","VERDUN","5245","THE ADELAIDE HILLS COUNCIL",2,0,0,0,0,2019,"January","Saturday","12:15 pm","110","Freeway","CURVED, VIEW OPEN","Slope","Not Applicable","Sealed","Dry","Not Raining","Daylight","Hit Fixed Object","01","Driver Rider","1: PDO","No Control","","",1344735.99,1660770.28,"13447361660770"
"2019-309-27/05/2021","2 Metropolitan","MAWSON LAKES","5095","CITY OF SALISBURY",2,0,0,0,0,2019,"January","Saturday","01:42 pm","080","Divided Road","Straight road","Crest of Hill","Bridge, Culvert, Causeway","Sealed","Dry","Not Raining","Daylight","Hit Parked Vehicle","02","Driver Rider","1: PDO","No Control","","",1328716.25,1682443.45,"13287161682443"
"2019-310-27/05/2021","2 Metropolitan","ADELAIDE AIRPORT","5950","CITY OF WEST TORRENS",2,0,0,0,0,2019,"January","Saturday","02:58 pm","080","Cross Road","Straight road","Level","Not Applicable","Sealed","Dry","Not Raining","Daylight","Rear End","02","Driver Rider","1: PDO","Traffic Signals","","",1320929.56,1668827.66,"13209301668828"
"2019-311-27/05/2021","2 Metropolitan","MELROSE PARK","5039","CC MITCHAM.                   ",2,0,0,0,0,2019,"January","Saturday","03:00 pm","060","Cross Road","Straight road","Level","Not Applicable","Sealed","Dry","Not Raining","Daylight","Right Turn","02","Driver Rider","1: PDO","Traffic Signals","","",1325907.02,1664948.22,"13259071664948"
"2019-312-27/05/2021","2 Metropolitan","DERNANCOURT","5075","CITY OF TEA TREE GULLY",2,0,0,0,0,2019,"January","Saturday","04:14 pm","050","Not Divided","Straight road","Level","Not Applicable","Sealed","Dry","Not Raining","Daylight","Hit Parked Vehicle","01","Driver Rider","1: PDO","No Control","","",1336213.37,1677031.32,"13362131677031"
"2019-313-27/05/2021","2 Metropolitan","UNLEY","5061","CITY OF UNLEY",2,0,0,0,0,2019,"January","Saturday","10:50 am","060","Divided Road","Straight road","Level","Driveway or Entrance","Unsealed","Dry","Not Raining","Daylight","Side Swipe","02","Driver Rider","1: PDO","No Control","","",1328552.91,1668948.65,"13285531668949"
"2019-314-27/05/2021","1 City","ADELAIDE","5000","CITY OF ADELAIDE",2,0,0,0,0,2019,"January","Saturday","02:14 pm","050","Cross Road","Straight road","Level","Not Applicable","Sealed","Dry","Not Raining","Daylight","Side Swipe","01","Driver Rider","1: PDO","Traffic Signals","","",1328453.02,1671132,"13284531671132"
"2019-315-27/05/2021","2 Metropolitan","LINDEN PARK","5065","CITY OF BURNSIDE",2,0,0,0,0,2019,"January","Saturday","06:30 pm","050","Not Divided","Straight road","Level","Not Applicable","Sealed","Dry","Not Raining","Daylight","Hit Fixed Object","01","Driver Rider","1: PDO","No Control","","",1332724.22,1668663.45,"13327241668663"
"2019-316-27/05/2021","2 Metropolitan","HYDE PARK","5061","CITY OF UNLEY",3,0,0,0,0,2019,"January","Saturday","02:55 pm","050","Not Divided","Straight road","Level","Not Applicable","Sealed","Dry","Not Raining","Daylight","Hit Parked Vehicle","01","Driver Rider","1: PDO","No Control","","",1328755.7,1667415.26,"13287561667415"
"2019-317-27/05/2021","2 Metropolitan","VALE PARK","5081","WALKERVILLE TOWN COUNCIL",3,0,0,0,0,2019,"January","Saturday","12:20 pm","060","Cross Road","Straight road","Level","Not Applicable","Sealed","Dry","Not Raining","Daylight","Rear End","02","Driver Rider","1: PDO","Traffic Signals","","",1330645.93,1675348.15,"13306461675348"
"2019-318-27/05/2021","2 Metropolitan","HAPPY VALLEY","5159","CITY OF ONKAPARINGA",2,1,0,0,1,2019,"January","Saturday","10:02 pm","080","Divided Road","CURVED, VIEW OBSCURED","Slope","Not Applicable","Sealed","Dry","Not Raining","Night","Rear End","02","Driver Rider","2: MI","No Control","","",1324344.69,1655937.19,"13243451655937"
"2019-319-27/05/2021","2 Metropolitan","O'HALLORAN HILL","5158","CITY OF ONKAPARINGA",2,1,0,0,1,2019,"January","Saturday","10:00 pm","080","Divided Road","CURVED, VIEW OBSCURED","Slope","Not Applicable","Sealed","Dry","Not Raining","Night","Roll Over","01","Driver Rider","2: MI","No Control","","",1324386.85,1658183.4,"13243871658183"
"2019-320-27/05/2021","2 Metropolitan","DRY CREEK","5094","CITY OF PORT ADELAIDE ENFIELD",2,0,0,0,0,2019,"January","Saturday","10:44 pm","050","Not Divided","CURVED, VIEW OBSCURED","Level","Not Applicable","Unsealed","Dry","Not Raining","Night","Hit Fixed Object","01","Driver Rider","1: PDO","No Control","Y","Y",1326977.14,1679437.84,"13269771679438"
"2019-321-27/05/2021","2 Metropolitan","REYNELLA","5161","CITY OF ONKAPARINGA",2,1,0,0,1,2019,"January","Saturday","11:15 am","060","Divided Road","Straight road","Level","Not Applicable","Sealed","Dry","Not Raining","Daylight","Rear End","02","Driver Rider","2: MI","No Control","","",1321584.82,1651458.2,"13215851651458"
"2019-322-27/05/2021","2 Metropolitan","PARA HILLS WEST","5096","CITY OF SALISBURY",2,0,0,0,0,2019,"January","Sunday","12:55 am","060","Divided Road","Straight road","Level","Not Applicable","Sealed","Dry","Not Raining","Night","Rear End","02","Driver Rider","1: PDO","No Control","","",1334165.02,1684608.36,"13341651684608"