"REPORT_ID","Stats Area","Suburb","Postcode","LGA Name","Total Units","Total Cas","Total Fats","Total SI","Total MI","Year","Month","Day","Time","Area Speed","Position Type","Horizontal Align","Vertical Align","Other Feat","Road Surface","Moisture Cond","Weather Cond","DayNight","Crash Type","Unit Resp","Entity Code","CSEF Severity","Traffic Ctrls","DUI Involved","Drugs Involved","ACCLOC_X","ACCLOC_Y","UNIQUE_LOC"
"2019-3946-27/05/2021","2 Metropolitan","STIRLING","5152","THE ADELAIDE HILLS COUNCIL",2,0,0,0,0,2019,"April","Wednesday","03:20 pm","050","T-Junction","Straight road","Level","Not Applicable","Sealed","Dry","Not Raining","Daylight","Right Angle","02","Driver Rider","1: PDO","No Control","","",1338757.47,1661219.68,"13387571661220"
"2019-3947-27/05/2021","2 Metropolitan","GEPPS CROSS","5094","CITY OF PORT ADELAIDE ENFIELD",2,0,0,0,0,2019,"April","Wednesday","06:30 am","060","Divided Road","Straight road","Level","Not Applicable","Sealed","Dry","Not Raining","Night","Side Swipe","02","Driver Rider","1: PDO","No Control","","",1329107.71,1679752.29,"13291081679752"
"2019-3948-27/05/2021","3 Country","GLENCOE","5291","WATTLE RANGE COUNCIL",3,0,0,0,0,2019,"April","Wednesday","05:00 pm","080","Not Divided","CURVED, VIEW OPEN","Level","Roadworks","Sealed","Dry","Not Raining","Daylight","Hit Fixed Object","01","Driver Rider","1: PDO","No Control","","",1497978.76,1356123.46,"14979791356123"
"2019-3949-27/05/2021","1 City","ADELAIDE","5000","CITY OF ADELAIDE",2,0,0,0,0,2019,"April","Wednesday","06:15 pm","050","Cross Road","Straight road","Level","Not Applicable","Sealed","Dry","Not Raining","Night","Right Angle","02","Driver Rider","1: PDO","Traffic Signals","","",1329244.29,1670538.33,"13292441670538"
"2019-3950-27/05/2021","2 Metropolitan","NOARLUNGA DOWNS","5168","CITY OF ONKAPARINGA",2,0,0,0,0,2019,"April","Wednesday","05:00 pm","100","Divided Road","Straight road","Slope","Not Applicable","Sealed","Dry","Not Raining","Daylight","Rear End","01","Driver Rider","1: PDO","No Control","","",1319097.12,1646462.49,"13190971646462"
"2019-3951-27/05/2021","2 Metropolitan","NAILSWORTH","5083","CITY OF PROSPECT",4,0,0,0,0,2019,"April","Wednesday","07:00 pm","060","Divided Road","Straight road","Level","Not Applicable","Sealed","Dry","Not Raining","Night","Rear End","01","Driver Rider","1: PDO","No Control","","",1328908.66,1675112.82,"13289091675113"
"2019-3952-27/05/2021","2 Metropolitan","PROSPECT","5082","CITY OF PROSPECT",2,0,0,0,0,2019,"April","Wednesday","06:37 pm","060","Cross Road","Straight road","Level","Not Applicable","Sealed","Dry","Not Raining","Night","Right Turn","02","Driver Rider","1: PDO","Traffic Signals","","",1327236.23,1676392.98,"13272361676393"
"2019-3953-27/05/2021","2 Metropolitan","O'HALLORAN HILL","5158","CITY OF ONKAPARINGA",2,1,0,0,1,2019,"April","Wednesday","06:37 pm","080","T-Junction","Straight road","Level","Not Applicable","Sealed","Dry","Not Raining","Night","Right Turn","01","Driver Rider","2: MI","No Control","","",1323800.99,1654772.45,"13238011654772"
"2019-3954-27/05/2021","2 Metropolitan","FULLARTON","5063","CITY OF UNLEY",2,0,0,0,0,2019,"April","Wednesday","03:45 pm","060","Not Divided","Straight road","Level","Not Applicable","Sealed","Dry","Not Raining","Daylight","Rear End","02","Driver Rider","1: PDO","No Control","","",1330728.01,1667566.81,"13307281667567"
"2019-3955-27/05/2021","2 Metropolitan","NORTHFIELD","5085","CITY OF PORT ADELAIDE ENFIELD",3,1,0,0,1,2019,"April","Wednesday","07:12 pm","060","T-Junction","Straight road","Level","Not Applicable","Sealed","Dry","Not Raining","Night","Right Turn","01","Driver Rider","2: MI","Traffic Signals","","",1330407.78,1678042.15,"13304081678042"
"2019-3956-27/05/2021","2 Metropolitan","STURT","5047","CC MARION.                    ",2,1,0,0,1,2019,"April","Wednesday","06:25 pm","060","Cross Road","Straight road","Level","Not Applicable","Sealed","Dry","Not Raining","Night","Rear End","02","Driver Rider","2: MI","Traffic Signals","","",1324403.19,1660679.72,"13244031660680"
"2019-3957-27/05/2021","2 Metropolitan","HALLETT COVE","5158","CC MARION.                    ",2,0,0,0,0,2019,"April","Wednesday","06:30 pm","080","Divided Road","Straight road","Level","Not Applicable","Sealed","Dry","Not Raining","Night","Hit Animal","02","Animal","1: PDO","No Control","","",1319666.86,1653384.27,"13196671653384"
"2019-3958-27/05/2021","2 Metropolitan","THEBARTON","5031","CITY OF WEST TORRENS",2,0,0,0,0,2019,"April","Wednesday","03:30 pm","060","Divided Road","Straight road","Level","Not Applicable","Sealed","Dry","Not Raining","Daylight","Rear End","01","Driver Rider","1: PDO","No Control","","",1326522.2,1671999.03,"13265221671999"
"2019-3959-27/05/2021","2 Metropolitan","UNDERDALE","5032","CITY OF WEST TORRENS",2,2,0,0,2,2019,"April","Wednesday","08:44 pm","060","Divided Road","Straight road","Level","Not Applicable","Sealed","Dry","Not Raining","Night","Hit Fixed Object","09","Other","2: MI","No Control","","",1324090.55,1670938.04,"13240911670938"
"2019-3960-27/05/2021","2 Metropolitan","KLEMZIG","5087","CITY OF PORT ADELAIDE ENFIELD",2,1,0,0,1,2019,"April","Wednesday","08:30 pm","060","Cross Road","Straight road","Level","Not Applicable","Sealed","Dry","Not Raining","Night","Right Angle","02","Driver Rider","2: MI","Traffic Signals","","",1332080.32,1676585.35,"13320801676585"
"2019-3961-27/05/2021","2 Metropolitan","MOUNT BARKER","5251","DC MT.BARKER.                 ",2,0,0,0,0,2019,"April","Wednesday","09:20 pm","060","Cross Road","Straight road","Level","Not Applicable","Sealed","Dry","Not Raining","Night","Right Turn","02","Driver Rider","1: PDO","Traffic Signals","","",1351311.53,1654261.24,"13513121654261"
"2019-3962-27/05/2021","2 Metropolitan","SALISBURY SOUTH","5106","CITY OF SALISBURY",3,3,0,0,3,2019,"April","Wednesday","10:20 pm","070","T-Junction","Straight road","Level","Not Applicable","Sealed","Dry","Not Raining","Night","Right Turn","02","Driver Rider","2: MI","No Control","","",1332651.83,1685882.34,"13326521685882"
"2019-3963-27/05/2021","2 Metropolitan","WALKERVILLE","5081","WALKERVILLE TOWN COUNCIL",3,0,0,0,0,2019,"April","Wednesday","08:52 pm","060","Divided Road","Straight road","Level","Not Applicable","Sealed","Dry","Not Raining","Night","Side Swipe","02","Driver Rider","1: PDO","No Control","","",1329660.41,1674456.83,"13296601674457"
"2019-3964-27/05/2021","2 Metropolitan","HENLEY BEACH","5022","CITY OF CHARLES STURT",2,1,0,0,1,2019,"April","Wednesday","05:58 pm","050","Cross Road","Straight road","Level","Not Applicable","Unsealed","Dry","Not Raining","Night","Right Angle","02","Driver Rider","2: MI","Roundabout","","",1319388.76,1672318.06,"13193891672318"
"2019-3965-27/05/2021","2 Metropolitan","PROSPECT","5082","CITY OF PROSPECT",2,1,0,0,1,2019,"April","Wednesday","10:10 pm","060","Cross Road","Straight road","Level","Not Applicable","Sealed","Dry","Not Raining","Night","Right Angle","01","Driver Rider","2: MI","Traffic Signals","","",1328862.28,1676441.72,"13288621676442"
"2019-3966-27/05/2021","2 Metropolitan","KIDMAN PARK","5025","CITY OF CHARLES STURT",2,0,0,0,0,2019,"April","Wednesday","11:53 pm","050","Not Divided","Straight road","Level","Not Applicable","Sealed","Dry","Not Raining","Night","Hit Fixed Object","01","Driver Rider","1: PDO","No Control","","Y",1321853.16,1672207.87,"13218531672208"
"2019-3967-27/05/2021","1 City","ADELAIDE","5000","CITY OF ADELAIDE",2,0,0,0,0,2019,"April","Thursday","02:30 am","050","Cross Road","Straight road","Level","Not Applicable","Sealed","Dry","Not Raining","Night","Right Angle","01","Driver Rider","1: PDO","Stop Sign","","",1327550.32,1670644.56,"13275501670645"
"2019-3968-27/05/2021","2 Metropolitan","GOLDEN GROVE","5125","CITY OF TEA TREE GULLY",2,0,0,0,0,2019,"April","Thursday","03:38 am","060","T-Junction","Straight road","Slope","Not Applicable","Sealed","Dry","Not Raining","Night","Hit Fixed Object","01","Driver Rider","1: PDO","Stop Sign","","",1339817.54,1685942.16,"13398181685942"
"2019-3969-27/05/2021","2 Metropolitan","CRAFERS","5152","THE ADELAIDE HILLS COUNCIL",3,0,0,0,0,2019,"April","Wednesday","10:30 pm","060","Divided Road","CURVED, VIEW OBSCURED","Bottom of Hill","Not Applicable","Sealed","Dry","Not Raining","Night","Rear End","02","Driver Rider","1: PDO","No Control","","",1337654.44,1662528.39,"13376541662528"
"2019-3970-27/05/2021","2 Metropolitan","BOWDEN","5007","CITY OF CHARLES STURT",2,0,0,0,0,2019,"April","Wednesday","11:50 am","040","Not Divided","Straight road","Level","Not Applicable","Sealed","Dry","Not Raining","Daylight","Hit Parked Vehicle","02","Driver Rider","1: PDO","No Control","","",1326799.41,1673358.76,"13267991673359"
"2019-3971-27/05/2021","1 City","ADELAIDE","5000","CITY OF ADELAIDE",2,1,0,0,1,2019,"April","Thursday","09:10 am","050","T-Junction","Straight road","Level","Not Applicable","Sealed","Dry","Not Raining","Daylight","Hit Pedestrian","01","Driver Rider","2: MI","No Control","","",1328151.93,1670970.99,"13281521670971"
"2019-3972-27/05/2021","2 Metropolitan","MOUNT BARKER","5251","DC MT.BARKER.                 ",3,1,0,0,1,2019,"April","Thursday","07:40 am","050","Divided Road","Straight road","Level","Median Opening (not at I/S)","Sealed","Dry","Not Raining","Daylight","Hit Fixed Object","01","Driver Rider","2: MI","No Control","","",1352149.82,1654263.31,"13521501654263"
"2019-3973-27/05/2021","2 Metropolitan","WINGFIELD","5013","CITY OF PORT ADELAIDE ENFIELD",2,0,0,0,0,2019,"April","Wednesday","04:30 pm","060","Cross Road","Straight road","Level","Not Applicable","Sealed","Dry","Not Raining","Daylight","Rear End","02","Driver Rider","1: PDO","Traffic Signals","","",1324323.55,1679167.08,"13243241679167"
"2019-3974-27/05/2021","2 Metropolitan","ROSE PARK","5067","CC OF NORWOOD,PAYNEHAM & ST PETERS",2,1,0,0,1,2019,"April","Wednesday","03:45 pm","060","Not Divided","Straight road","Level","Not Applicable","Sealed","Dry","Not Raining","Daylight","Rear End","02","Driver Rider","2: MI","No Control","","",1331394.67,1670387.77,"13313951670388"
"2019-3975-27/05/2021","3 Country","LOWER LIGHT","5501","DC MALLALA.                   ",2,2,0,0,2,2019,"April","Thursday","02:30 pm","110","Divided Road","Straight road","Level","Bridge, Culvert, Causeway","Sealed","Dry","Not Raining","Daylight","Hit Fixed Object","01","Driver Rider","2: MI","No Control","","",1316654.23,1712952.65,"13166541712953"
"2019-3976-27/05/2021","2 Metropolitan","O'HALLORAN HILL","5158","CC MARION.                    ",2,0,0,0,0,2019,"April","Thursday","03:50 pm","100","Freeway","Straight road","Slope","Not Applicable","Sealed","Dry","Not Raining","Daylight","Rear End","01","Driver Rider","1: PDO","No Control","","",1323007.89,1655437.31,"13230081655437"
"2019-3977-27/05/2021","2 Metropolitan","SALISBURY DOWNS","5108","CITY OF SALISBURY",3,0,0,0,0,2019,"April","Thursday","04:20 pm","060","Divided Road","Straight road","Level","Not Applicable","Sealed","Dry","Not Raining","Daylight","Rear End","01","Driver Rider","1: PDO","No Control","","",1331607.45,1686691.77,"13316071686692"
"2019-3978-27/05/2021","2 Metropolitan","REGENCY PARK","5010","CITY OF PORT ADELAIDE ENFIELD",2,0,0,0,0,2019,"April","Wednesday","09:30 pm","060","Cross Road","Straight road","Level","Not Applicable","Sealed","Dry","Not Raining","Night","Rear End","01","Driver Rider","1: PDO","Traffic Signals","","",1326067.73,1676378.46,"13260681676378"
"2019-3979-27/05/2021","2 Metropolitan","HECTORVILLE","5073","CC CAMPBELLTOWN.              ",2,0,0,0,0,2019,"April","Wednesday","11:00 pm","050","Not Divided","Straight road","Level","Not Applicable","Sealed","Dry","Not Raining","Night","Hit Parked Vehicle","01","Driver Rider","1: PDO","No Control","","",1334515.08,1674058.45,"13345151674058"
"2019-3980-27/05/2021","3 Country","STRATHALBYN","5255","ALEXANDRINA COUNCIL",2,0,0,0,0,2019,"April","Thursday","02:00 am","100","Not Divided","Straight road","Level","Not Applicable","Sealed","Dry","Not Raining","Night","Hit Animal","02","Animal","1: PDO","No Control","","",1354160.82,1637545.88,"13541611637546"
"2019-3981-27/05/2021","3 Country","SANDILANDS","5571","YORKE PENINSULA COUNCIL",2,2,0,0,2,2019,"April","Thursday","04:20 pm","100","Not Divided","Straight road","Slope","Not Applicable","Sealed","Dry","Not Raining","Daylight","Hit Fixed Object","01","Driver Rider","2: MI","No Control","","",1264002.93,1718295.82,"12640031718296"
"2019-3982-27/05/2021","1 City","NORTH ADELAIDE","5006","CITY OF ADELAIDE",3,0,0,0,0,2019,"April","Wednesday","06:50 pm","050","Divided Road","Straight road","Level","Not Applicable","Sealed","Dry","Not Raining","Night","Rear End","01","Driver Rider","1: PDO","No Control","","",1328169.73,1672990.06,"13281701672990"
"2019-3983-27/05/2021","1 City","NORTH ADELAIDE","5006","CITY OF ADELAIDE",2,0,0,0,0,2019,"April","Wednesday","06:57 pm","050","T-Junction","Straight road","Level","Not Applicable","Sealed","Dry","Not Raining","Night","Right Angle","02","Driver Rider","1: PDO","No Control","","",1328179.06,1672953.9,"13281791672954"
"2019-3984-27/05/2021","2 Metropolitan","FORRESTON","5233","THE ADELAIDE HILLS COUNCIL",1,1,0,0,1,2019,"April","Thursday","02:53 pm","080","Not Divided","CURVED, VIEW OBSCURED","Slope","Not Applicable","Sealed","Dry","Not Raining","Daylight","Roll Over","01","Driver Rider","2: MI","No Control","","",1354313.44,1683537.27,"13543131683537"
"2019-3985-27/05/2021","2 Metropolitan","WALKERVILLE","5081","WALKERVILLE TOWN COUNCIL",2,0,0,0,0,2019,"April","Thursday","10:22 pm","060","Divided Road","Straight road","Level","Not Applicable","Sealed","Dry","Not Raining","Night","Hit Parked Vehicle","02","Driver Rider","1: PDO","No Control","","",1329645.47,1674117.44,"13296451674117"
"2019-3986-27/05/2021","2 Metropolitan","BROADVIEW","5083","CITY OF PORT ADELAIDE ENFIELD",2,0,0,0,0,2019,"April","Friday","08:12 am","060","Divided Road","Straight road","Level","Not Applicable","Sealed","Dry","Unknown","Daylight","Hit Parked Vehicle","02","Driver Rider","1: PDO","No Control","","",1329838.15,1676458.01,"13298381676458"
"2019-3987-27/05/2021","2 Metropolitan","TORRENSVILLE","5031","CITY OF WEST TORRENS",2,0,0,0,0,2019,"April","Friday","04:35 am","060","Divided Road","Straight road","Level","Driveway or Entrance","Sealed","Wet","Raining","Night","Rear End","01","Driver Rider","1: PDO","No Control","","",1325596.81,1671575.49,"13255971671575"
"2019-3988-27/05/2021","3 Country","MYPONGA","5202","DC YANKALILLA.                ",1,1,0,0,1,2019,"April","Friday","01:30 am","100","Not Divided","Straight road","Slope","Not Applicable","Unsealed","Dry","Not Raining","Night","Roll Over","01","Driver Rider","2: MI","No Control","Y","",1310324.12,1617461.56,"13103241617462"
"2019-3989-27/05/2021","3 Country","TANUNDA","5352","THE BAROSSA COUNCIL.",2,0,0,0,0,2019,"April","Friday","09:10 am","050","Not Divided","Straight road","Level","Not Applicable","Sealed","Dry","Not Raining","Daylight","Side Swipe","01","Driver Rider","1: PDO","No Control","","",1363853.84,1714767.26,"13638541714767"
"2019-3990-27/05/2021","2 Metropolitan","EDWARDSTOWN","5039","CC MARION.                    ",2,1,0,1,0,2019,"April","Friday","10:48 am","050","Not Divided","Straight road","Level","Driveway or Entrance","Sealed","Dry","Not Raining","Daylight","Hit Pedestrian","01","Driver Rider","3: SI","No Control","","",1325810.58,1664783.84,"13258111664784"
"2019-3991-27/05/2021","2 Metropolitan","TORRENSVILLE","5031","CITY OF WEST TORRENS",3,1,0,0,1,2019,"April","Friday","10:00 am","050","T-Junction","Straight road","Level","Not Applicable","Sealed","Dry","Not Raining","Daylight","Right Angle","01","Driver Rider","2: MI","No Control","","",1325078.42,1670972.54,"13250781670973"
"2019-3992-27/05/2021","2 Metropolitan","MAWSON LAKES","5095","CITY OF SALISBURY",2,0,0,0,0,2019,"April","Thursday","01:50 pm","090","Divided Road","Straight road","Level","Not Applicable","Sealed","Dry","Not Raining","Daylight","Side Swipe","02","Driver Rider","1: PDO","No Control","","",1328887.2,1683569.91,"13288871683570"
"2019-3993-27/05/2021","2 Metropolitan","BLACKWOOD","5051","CC MITCHAM.                   ",2,1,0,0,1,2019,"April","Friday","10:30 am","050","Not Divided","Straight road","Level","Driveway or Entrance","Sealed","Dry","Not Raining","Daylight","Right Angle","02","Driver Rider","2: MI","No Control","","",1329483.28,1660123.17,"13294831660123"
"2019-3994-27/05/2021","3 Country","WAROOKA","5577","YORKE PENINSULA COUNCIL",2,0,0,0,0,2019,"April","Friday","11:20 am","040","Not Divided","Straight road","Level","Roadworks","Unsealed","Dry","Not Raining","Daylight","Hit Object on Road","01","Driver Rider","1: PDO","No Control","","",1218771.5,1657995.99,"12187721657996"
"2019-3995-27/05/2021","2 Metropolitan","MANSFIELD PARK","5012","CITY OF PORT ADELAIDE ENFIELD",2,1,0,0,1,2019,"April","Friday","12:25 pm","060","T-Junction","Straight road","Level","Not Applicable","Sealed","Dry","Not Raining","Daylight","Right Angle","02","Driver Rider","2: MI","No Control","","",1323926.71,1678241.03,"13239271678241"
"2019-3996-27/05/2021","2 Metropolitan","URRBRAE","5064","CITY OF UNLEY",2,0,0,0,0,2019,"April","Tuesday","04:25 pm","060","Divided Road","CURVED, VIEW OBSCURED","Slope","Not Applicable","Sealed","Dry","Not Raining","Daylight","Rear End","01","Driver Rider","1: PDO","No Control","","",1332325.08,1666338.76,"13323251666339"
"2019-3997-27/05/2021","2 Metropolitan","FELIXSTOW","5070","CC OF NORWOOD,PAYNEHAM & ST PETERS",2,0,0,0,0,2019,"April","Friday","12:23 pm","060","Divided Road","Straight road","Slope","Driveway or Entrance","Sealed","Dry","Not Raining","Daylight","Rear End","02","Driver Rider","1: PDO","No Control","","",1333521.91,1674397.22,"13335221674397"
"2019-3998-27/05/2021","2 Metropolitan","TORRENS PARK","5062","CC MITCHAM.                   ",2,1,0,0,1,2019,"April","Thursday","04:30 pm","060","Cross Road","Straight road","Level","Not Applicable","Sealed","Dry","Not Raining","Daylight","Rear End","01","Driver Rider","2: MI","Roundabout","","",1330012.26,1664229.65,"13300121664230"
"2019-3999-27/05/2021","2 Metropolitan","MAYLANDS","5069","CC OF NORWOOD,PAYNEHAM & ST PETERS",3,0,0,0,0,2019,"April","Friday","12:30 pm","060","Divided Road","Straight road","Level","Not Applicable","Sealed","Dry","Not Raining","Daylight","Rear End","02","Driver Rider","1: PDO","No Control","","",1332227.4,1672193.23,"13322271672193"
"2019-4000-27/05/2021","3 Country","PALMER","5237","MID MURRAY DISTRICT COUNCIL",2,1,0,0,1,2019,"April","Monday","03:55 am","050","Not Divided","Straight road","Slope","Not Applicable","Sealed","Dry","Not Raining","Night","Hit Animal","02","Animal","2: MI","No Control","","",1380203.47,1676814.88,"13802031676815"
"2019-4001-27/05/2021","3 Country","TANUNDA","5352","THE BAROSSA COUNCIL.",2,1,0,0,1,2019,"April","Friday","02:09 pm","050","T-Junction","CURVED, VIEW OBSCURED","Level","Not Applicable","Sealed","Dry","Not Raining","Daylight","Rear End","02","Driver Rider","2: MI","No Control","","",1364932.24,1715707.52,"13649321715708"
"2019-4002-27/05/2021","2 Metropolitan","ASCOT PARK","5043","CC MARION.                    ",2,0,0,0,0,2019,"April","Friday","01:00 pm","050","Not Divided","Straight road","Level","Not Applicable","Sealed","Dry","Not Raining","Daylight","Head On","09","Other","1: PDO","No Control","","",1325109.14,1664324.27,"13251091664324"
"2019-4003-27/05/2021","2 Metropolitan","MORPHETT VALE","5162","CITY OF ONKAPARINGA",2,0,0,0,0,2019,"April","Friday","02:29 pm","060","Cross Road","Straight road","Level","Not Applicable","Sealed","Dry","Not Raining","Daylight","Right Angle","01","Driver Rider","1: PDO","Roundabout","","",1321901.02,1651049.42,"13219011651049"
"2019-4004-27/05/2021","2 Metropolitan","KESWICK","5035","CITY OF WEST TORRENS",2,1,0,1,0,2019,"April","Friday","02:25 pm","060","Cross Road","Straight road","Level","Not Applicable","Sealed","Dry","Not Raining","Daylight","Right Angle","01","Driver Rider","3: SI","Traffic Signals","","Y",1325794.33,1668947.63,"13257941668948"
"2019-4005-27/05/2021","2 Metropolitan","LITTLEHAMPTON","5250","DC MT.BARKER.                 ",2,1,0,0,1,2019,"April","Friday","01:16 pm","080","Not Divided","Straight road","Slope","Not Applicable","Sealed","Dry","Not Raining","Daylight","Side Swipe","01","Driver Rider","2: MI","No Control","","",1353086.1,1656550.06,"13530861656550"
"2019-4006-27/05/2021","2 Metropolitan","MALVERN","5061","CITY OF UNLEY",2,0,0,0,0,2019,"April","Friday","12:30 pm","060","Not Divided","Straight road","Level","Not Applicable","Sealed","Dry","Not Raining","Daylight","Hit Parked Vehicle","01","Driver Rider","1: PDO","No Control","","",1329105.41,1667388.18,"13291051667388"
"2019-4007-27/05/2021","2 Metropolitan","SALISBURY EAST","5109","CITY OF SALISBURY",2,1,0,0,1,2019,"April","Friday","02:50 pm","080","T-Junction","CURVED, VIEW OPEN","Slope","Not Applicable","Sealed","Dry","Not Raining","Daylight","Roll Over","01","Driver Rider","2: MI","Traffic Signals","","",1336485.48,1687419.78,"13364851687420"
"2019-4008-27/05/2021","2 Metropolitan","WALKERVILLE","5081","WALKERVILLE TOWN COUNCIL",3,1,0,0,1,2019,"April","Friday","03:15 pm","060","Cross Road","Straight road","Level","Not Applicable","Sealed","Dry","Not Raining","Daylight","Rear End","01","Driver Rider","2: MI","Traffic Signals","","",1329488.84,1674243.03,"13294891674243"
"2019-4009-27/05/2021","2 Metropolitan","PASADENA","5042","CC MITCHAM.                   ",2,1,0,0,1,2019,"February","Saturday","06:00 pm","060","Divided Road","Straight road","Level","Not Applicable","Sealed","Dry","Not Raining","Daylight","Rear End","02","Driver Rider","2: MI","No Control","","",1327538.66,1663359.16,"13275391663359"
"2019-4010-27/05/2021","2 Metropolitan","MODBURY","5092","CITY OF TEA TREE GULLY",2,0,0,0,0,2019,"April","Wednesday","07:30 am","060","Cross Road","Straight road","Level","Not Applicable","Sealed","Dry","Not Raining","Daylight","Rear End","01","Driver Rider","1: PDO","Traffic Signals","","",1336189.32,1680597.27,"13361891680597"
"2019-4011-27/05/2021","2 Metropolitan","LOCKLEYS","5032","CITY OF WEST TORRENS",2,1,0,0,1,2019,"April","Friday","04:00 pm","060","Cross Road","Straight road","Level","Not Applicable","Sealed","Wet","Raining","Daylight","Rear End","01","Driver Rider","2: MI","Traffic Signals","","",1320926.91,1669968.19,"13209271669968"
"2019-4012-27/05/2021","3 Country","PARILLA","5303","SOUTHERN MALLEE DISTRICT COUNCIL",2,1,0,0,1,2019,"March","Monday","11:00 pm","080","Not Divided","CURVED, VIEW OPEN","Unknown","Not Applicable","Unsealed","Unknown","Unknown","Night","Hit Fixed Object","01","Driver Rider","2: MI","No Control","Y","",1516652.65,1627604.12,"15166531627604"
"2019-4013-27/05/2021","2 Metropolitan","PARALOWIE","5108","CITY OF SALISBURY",2,0,0,0,0,2019,"April","Friday","02:29 pm","050","Cross Road","Straight road","Level","Not Applicable","Sealed","Dry","Not Raining","Daylight","Right Angle","01","Driver Rider","1: PDO","No Control","","",1328774.1,1688525.9,"13287741688526"
"2019-4014-27/05/2021","2 Metropolitan","MELROSE PARK","5039","CC MITCHAM.                   ",2,0,0,0,0,2019,"April","Friday","02:25 pm","050","Not Divided","Straight road","Level","Road hump or Slow point","Sealed","Dry","Not Raining","Daylight","Rear End","01","Driver Rider","1: PDO","No Control","","",1326286.97,1664200.45,"13262871664200"
"2019-4015-27/05/2021","1 City","ADELAIDE","5000","CITY OF ADELAIDE",2,0,0,0,0,2019,"April","Friday","06:00 pm","050","Cross Road","Straight road","Level","Not Applicable","Sealed","Dry","Not Raining","Night","Side Swipe","02","Driver Rider","1: PDO","Traffic Signals","","",1328466.7,1671134.19,"13284671671134"
"2019-4016-27/05/2021","2 Metropolitan","OAKLANDS PARK","5046","CC MARION.                    ",2,0,0,0,0,2019,"April","Friday","01:00 pm","060","Not Divided","Straight road","Level","Not Applicable","Sealed","Dry","Not Raining","Daylight","Side Swipe","01","Driver Rider","1: PDO","No Control","","",1322773.22,1660733.12,"13227731660733"
"2019-4017-27/05/2021","2 Metropolitan","WINDSOR GARDENS","5087","CITY OF PORT ADELAIDE ENFIELD",3,1,0,0,1,2019,"April","Friday","06:30 pm","060","Divided Road","Straight road","Level","Not Applicable","Sealed","Dry","Not Raining","Night","Rear End","01","Driver Rider","2: MI","No Control","","",1333367.74,1677710.64,"13333681677711"
"2019-4018-27/05/2021","2 Metropolitan","TORRENSVILLE","5031","CITY OF WEST TORRENS",2,0,0,0,0,2019,"April","Friday","06:00 pm","060","Divided Road","Straight road","Level","Not Applicable","Sealed","Dry","Not Raining","Night","Side Swipe","02","Driver Rider","1: PDO","No Control","","",1325423.96,1672036.09,"13254241672036"
"2019-4019-27/05/2021","3 Country","TANUNDA","5352","THE BAROSSA COUNCIL.",2,1,0,0,1,2019,"April","Friday","05:05 pm","050","Cross Road","Straight road","Level","Not Applicable","Sealed","Dry","Not Raining","Daylight","Right Angle","02","Driver Rider","2: MI","Give Way Sign","","",1363463.92,1714421.88,"13634641714422"
"2019-4020-27/05/2021","3 Country","COONALPYN","5265","COORONG DISTRICT COUNCIL",2,1,1,0,0,2019,"April","Friday","05:00 pm","110","Not Divided","Straight road","Level","Not Applicable","Sealed","Dry","Not Raining","Daylight","Head On","01","Driver Rider","4: Fatal","No Control","","",1443053.11,1574741.92,"14430531574742"
"2019-4021-27/05/2021","3 Country","STRUAN","5271","DC NARACOORTE & LUCINDALE.",2,0,0,0,0,2019,"April","Friday","07:40 pm","110","Not Divided","Straight road","Level","Not Applicable","Sealed","Dry","Not Raining","Night","Hit Animal","02","Animal","1: PDO","No Control","","",1515570.78,1420163.9,"15155711420164"
"2019-4022-27/05/2021","3 Country","FARRELL FLAT","5416","REGIONAL COUNCIL OF GOYDER",2,0,0,0,0,2019,"April","Tuesday","07:00 am","110","Not Divided","CURVED, VIEW OPEN","Slope","Not Applicable","Sealed","Dry","Not Raining","Daylight","Hit Fixed Object","01","Driver Rider","1: PDO","No Control","","",1346305.38,1793321.28,"13463051793321"
"2019-4023-27/05/2021","2 Metropolitan","MODBURY","5092","CITY OF TEA TREE GULLY",2,2,0,0,2,2019,"April","Friday","09:40 pm","060","Cross Road","Straight road","Level","Not Applicable","Sealed","Dry","Not Raining","Night","Right Angle","01","Driver Rider","2: MI","Traffic Signals","","",1336876.15,1680848.77,"13368761680849"
"2019-4024-27/05/2021","2 Metropolitan","NAILSWORTH","5083","CITY OF PROSPECT",3,0,0,0,0,2019,"April","Friday","10:35 pm","060","Divided Road","Straight road","Level","Not Applicable","Sealed","Dry","Not Raining","Night","Hit Parked Vehicle","01","Driver Rider","1: PDO","No Control","","",1328909.65,1674709.16,"13289101674709"
"2019-4025-27/05/2021","2 Metropolitan","BALHANNAH","5242","THE ADELAIDE HILLS COUNCIL",2,1,0,0,1,2019,"April","Saturday","12:30 am","080","Not Divided","CURVED, VIEW OPEN","Slope","Not Applicable","Sealed","Dry","Not Raining","Night","Hit Fixed Object","01","Driver Rider","2: MI","No Control","","",1347456.41,1665900.54,"13474561665901"
"2019-4026-27/05/2021","3 Country","NURIOOTPA","5355","THE BAROSSA COUNCIL.",3,0,0,0,0,2019,"April","Saturday","05:30 am","050","T-Junction","Straight road","Level","Not Applicable","Sealed","Dry","Not Raining","Night","Hit Fixed Object","01","Driver Rider","1: PDO","No Control","","",1365552.76,1719834.01,"13655531719834"