"REPORT_ID","Stats Area","Suburb","Postcode","LGA Name","Total Units","Total Cas","Total Fats","Total SI","Total MI","Year","Month","Day","Time","Area Speed","Position Type","Horizontal Align","Vertical Align","Other Feat","Road Surface","Moisture Cond","Weather Cond","DayNight","Crash Type","Unit Resp","Entity Code","CSEF Severity","Traffic Ctrls","DUI Involved","Drugs Involved","ACCLOC_X","ACCLOC_Y","UNIQUE_LOC"
"2019-4515-27/05/2021","1 City","ADELAIDE","5000","CITY OF ADELAIDE",2,0,0,0,0,2019,"May","Thursday","05:40 am","050","T-Junction","Straight road","Level","Not Applicable","Sealed","Wet","Not Raining","Night","Hit Fixed Object","01","Driver Rider","1: PDO","No Control","","Y",1328346.8,1671131.3,"13283471671131"
"2019-4516-27/05/2021","2 Metropolitan","SALISBURY EAST","5109","CITY OF SALISBURY",2,1,0,0,1,2019,"May","Thursday","07:25 am","080","Divided Road","Straight road","Level","Not Applicable","Sealed","Wet","Raining","Daylight","Rear End","02","Driver Rider","2: MI","No Control","","",1333314.47,1685394.96,"13333141685395"
"2019-4517-27/05/2021","2 Metropolitan","WALKERVILLE","5081","WALKERVILLE TOWN COUNCIL",2,0,0,0,0,2019,"May","Thursday","08:30 am","060","T-Junction","Straight road","Level","Not Applicable","Sealed","Wet","Raining","Daylight","Right Angle","01","Driver Rider","1: PDO","Give Way Sign","","",1330237.19,1674995.03,"13302371674995"
"2019-4518-27/05/2021","2 Metropolitan","WOODCROFT","5162","CITY OF ONKAPARINGA",1,1,0,0,1,2019,"May","Thursday","08:40 am","080","Divided Road","Straight road","Slope","Not Applicable","Sealed","Wet","Raining","Daylight","Roll Over","01","Driver Rider","2: MI","No Control","","",1323020.49,1652213.67,"13230201652214"
"2019-4519-27/05/2021","2 Metropolitan","WALKERVILLE","5081","CITY OF PROSPECT",2,0,0,0,0,2019,"May","Thursday","09:05 am","060","Divided Road","Straight road","Level","Not Applicable","Sealed","Wet","Raining","Daylight","Rear End","01","Driver Rider","1: PDO","No Control","","",1330274.63,1675040.09,"13302751675040"
"2019-4520-27/05/2021","2 Metropolitan","URRBRAE","5064","CC MITCHAM.                   ",2,1,0,0,1,2019,"May","Thursday","08:55 am","080","Freeway","Straight road","Slope","Not Applicable","Sealed","Wet","Raining","Daylight","Rear End","01","Driver Rider","2: MI","No Control","","",1332852.4,1665819,"13328521665819"
"2019-4521-27/05/2021","2 Metropolitan","OSBORNE","5017","CITY OF PORT ADELAIDE ENFIELD",2,1,0,0,1,2019,"May","Wednesday","05:00 pm","060","Divided Road","Straight road","Level","Not Applicable","Sealed","Dry","Not Raining","Daylight","Side Swipe","02","Driver Rider","2: MI","No Control","","",1319971.68,1685004.15,"13199721685004"
"2019-4522-27/05/2021","2 Metropolitan","STIRLING","5152","THE ADELAIDE HILLS COUNCIL",2,0,0,0,0,2019,"May","Thursday","07:10 am","100","Divided Road","Straight road","Level","Not Applicable","Sealed","Wet","Raining","Daylight","Rear End","01","Driver Rider","1: PDO","No Control","","",1339244.67,1661976.02,"13392451661976"
"2019-4523-27/05/2021","3 Country","PORT PIRIE","5540","PT.PIRIE CITY & DIST. COUNCIL ",2,0,0,0,0,2019,"April","Friday","11:30 am","050","Not Divided","Straight road","Level","Not Applicable","Sealed","Dry","Not Raining","Daylight","Hit Object on Road","01","Driver Rider","1: PDO","No Control","","",1280073.96,1865663.82,"12800741865664"
"2019-4524-27/05/2021","2 Metropolitan","PROSPECT","5082","CITY OF PROSPECT",2,0,0,0,0,2019,"May","Thursday","11:00 am","060","Cross Road","Straight road","Level","Not Applicable","Sealed","Wet","Raining","Daylight","Rear End","02","Driver Rider","1: PDO","Traffic Signals","","",1327235.97,1676403.16,"13272361676403"
"2019-4525-27/05/2021","2 Metropolitan","PROSPECT","5082","CITY OF PROSPECT",2,1,0,0,1,2019,"May","Wednesday","04:00 pm","050","Not Divided","Straight road","Level","Not Applicable","Sealed","Wet","Raining","Daylight","Rear End","02","Driver Rider","2: MI","No Control","","",1328064.86,1676136.36,"13280651676136"
"2019-4526-27/05/2021","2 Metropolitan","HINDMARSH","5007","CITY OF CHARLES STURT",3,5,0,0,5,2019,"May","Thursday","12:09 pm","060","Cross Road","Straight road","Level","Not Applicable","Sealed","Wet","Raining","Daylight","Rear End","01","Driver Rider","2: MI","Traffic Signals","","",1326463.81,1672651.14,"13264641672651"
"2019-4527-27/05/2021","3 Country","WILD DOG VALLEY","5271","DC NARACOORTE & LUCINDALE.",2,0,0,0,0,2019,"April","Friday","08:50 am","100","Not Divided","Straight road","Level","Driveway or Entrance","Sealed","Dry","Not Raining","Daylight","Right Angle","02","Driver Rider","1: PDO","No Control","","",1516893.33,1446348.22,"15168931446348"
"2019-4528-27/05/2021","3 Country","CYGNET RIVER","5223","KANGAROO ISLAND COUNCIL",2,1,0,1,0,2019,"May","Tuesday","10:00 pm","100","Not Divided","Straight road","Level","Not Applicable","Sealed","Wet","Not Raining","Night","Hit Fixed Object","01","Driver Rider","3: SI","No Control","","Y",1230384.35,1585631.91,"12303841585632"
"2019-4529-27/05/2021","2 Metropolitan","O'HALLORAN HILL","5158","CC MARION.                    ",3,2,0,0,2,2019,"May","Thursday","12:55 pm","100","Crossover","Straight road","Level","Not Applicable","Sealed","Wet","Raining","Daylight","Side Swipe","01","Driver Rider","2: MI","No Control","","",1323403.37,1657311.96,"13234031657312"
"2019-4530-27/05/2021","2 Metropolitan","FERRYDEN PARK","5010","CITY OF PORT ADELAIDE ENFIELD",3,1,0,0,1,2019,"May","Thursday","01:20 pm","050","Not Divided","Straight road","Level","Not Applicable","Sealed","Dry","Not Raining","Daylight","Rear End","02","Driver Rider","2: MI","No Control","","",1324929.72,1676920.62,"13249301676921"
"2019-4531-27/05/2021","3 Country","SANDILANDS","5571","YORKE PENINSULA COUNCIL",2,1,0,0,1,2019,"May","Thursday","08:40 am","100","Cross Road","Straight road","Level","Not Applicable","Unsealed","Wet","Raining","Daylight","Right Angle","01","Driver Rider","2: MI","Give Way Sign","","",1260484.33,1713868.54,"12604841713869"
"2019-4532-27/05/2021","3 Country","MURRAY BRIDGE","5253","RC MURRAY BRIDGE.             ",2,0,0,0,0,2019,"May","Thursday","01:30 pm","050","T-Junction","Straight road","Level","Driveway or Entrance","Sealed","Wet","Raining","Daylight","Right Angle","02","Driver Rider","1: PDO","No Control","","",1390615.48,1645549.04,"13906151645549"
"2019-4533-27/05/2021","2 Metropolitan","ENFIELD","5085","CITY OF PORT ADELAIDE ENFIELD",2,1,0,0,1,2019,"May","Tuesday","03:30 pm","060","Divided Road","Straight road","Level","Not Applicable","Sealed","Wet","Raining","Daylight","Rear End","02","Driver Rider","2: MI","No Control","","",1328799.21,1679117.95,"13287991679118"
"2019-4534-27/05/2021","2 Metropolitan","NORWOOD","5067","CC OF NORWOOD,PAYNEHAM & ST PETERS",2,1,0,0,1,2019,"May","Thursday","11:55 am","050","Cross Road","Straight road","Level","Not Applicable","Sealed","Wet","Raining","Daylight","Hit Fixed Object","01","Driver Rider","2: MI","Roundabout","","",1331241.45,1670715.28,"13312411670715"
"2019-4535-27/05/2021","1 City","ADELAIDE","5000","CITY OF ADELAIDE",2,0,0,0,0,2019,"May","Thursday","08:50 am","030","Not Divided","Straight road","Level","Not Applicable","Sealed","Dry","Not Raining","Daylight","Hit Parked Vehicle","02","Driver Rider","1: PDO","No Control","","",1328391.97,1671312.08,"13283921671312"
"2019-4536-27/05/2021","2 Metropolitan","SEFTON PARK","5083","CITY OF PROSPECT",2,0,0,0,0,2019,"May","Thursday","02:14 pm","060","Cross Road","Straight road","Level","Not Applicable","Sealed","Wet","Raining","Daylight","Right Turn","01","Driver Rider","1: PDO","Give Way Sign","","",1328876.71,1675973.95,"13288771675974"
"2019-4537-27/05/2021","2 Metropolitan","SHEA-OAK LOG","5371","LIGHT REGIONAL COUNCIL",2,1,0,0,1,2019,"May","Thursday","02:45 pm","100","Cross Road","Straight road","Level","Not Applicable","Sealed","Wet","Raining","Daylight","Right Angle","01","Driver Rider","2: MI","Stop Sign","","",1345589.38,1713688.99,"13455891713689"
"2019-4538-27/05/2021","2 Metropolitan","EVANSTON PARK","5116","CT GAWLER.                    ",2,0,0,0,0,2019,"May","Thursday","12:30 pm","060","T-Junction","Straight road","Level","Not Applicable","Sealed","Wet","Raining","Daylight","Right Turn","02","Driver Rider","1: PDO","Traffic Signals","","",1341881.56,1703214.18,"13418821703214"
"2019-4539-27/05/2021","3 Country","URANIA","5573","YORKE PENINSULA COUNCIL",2,0,0,0,0,2019,"May","Thursday","09:15 am","100","Not Divided","Straight road","Level","Not Applicable","Unsealed","Wet","Raining","Daylight","Hit Fixed Object","01","Driver Rider","1: PDO","No Control","","",1239991.25,1714545.65,"12399911714546"
"2019-4540-27/05/2021","2 Metropolitan","WEST LAKES","5021","CITY OF CHARLES STURT",4,1,0,0,1,2019,"May","Thursday","03:56 pm","060","Divided Road","Straight road","Level","Not Applicable","Sealed","Wet","Not Raining","Daylight","Rear End","01","Driver Rider","2: MI","No Control","","",1319836.82,1678915.45,"13198371678915"
"2019-4541-27/05/2021","2 Metropolitan","EDINBURGH","5111","CITY OF SALISBURY",2,0,0,0,0,2019,"May","Thursday","03:30 pm","060","T-Junction","Straight road","Level","Not Applicable","Sealed","Wet","Raining","Daylight","Hit Fixed Object","01","Driver Rider","1: PDO","No Control","","",1332251.1,1691490.84,"13322511691491"
"2019-4542-27/05/2021","2 Metropolitan","STEPNEY","5069","CC OF NORWOOD,PAYNEHAM & ST PETERS",2,0,0,0,0,2019,"May","Thursday","03:15 pm","060","Not Divided","Straight road","Level","Not Applicable","Sealed","Wet","Raining","Daylight","Rear End","01","Driver Rider","1: PDO","No Control","","",1331131.58,1672424.84,"13311321672425"
"2019-4543-27/05/2021","2 Metropolitan","WOODVILLE GARDENS","5012","CITY OF PORT ADELAIDE ENFIELD",2,0,0,0,0,2019,"May","Thursday","04:15 pm","050","Not Divided","Straight road","Level","Driveway or Entrance","Sealed","Wet","Raining","Daylight","Right Turn","02","Driver Rider","1: PDO","No Control","","",1324121.48,1676743.01,"13241211676743"
"2019-4544-27/05/2021","2 Metropolitan","PARA HILLS WEST","5096","CITY OF SALISBURY",3,0,0,0,0,2019,"May","Thursday","04:26 pm","060","Cross Road","Straight road","Level","Not Applicable","Sealed","Wet","Raining","Daylight","Rear End","01","Driver Rider","1: PDO","Traffic Signals","","",1333434.52,1683702.92,"13334351683703"
"2019-4545-27/05/2021","2 Metropolitan","PROSPECT","5082","CITY OF PROSPECT",2,0,0,0,0,2019,"May","Thursday","04:40 pm","060","Cross Road","Straight road","Level","Not Applicable","Sealed","Wet","Raining","Daylight","Right Angle","01","Driver Rider","1: PDO","Traffic Signals","","",1327235.97,1676403.16,"13272361676403"
"2019-4546-27/05/2021","2 Metropolitan","PAYNEHAM","5070","CC OF NORWOOD,PAYNEHAM & ST PETERS",2,1,0,0,1,2019,"May","Thursday","03:45 pm","060","T-Junction","Straight road","Level","Not Applicable","Sealed","Wet","Raining","Daylight","Rear End","01","Driver Rider","2: MI","No Control","","",1332710.4,1674035.96,"13327101674036"
"2019-4547-27/05/2021","2 Metropolitan","ROSEWATER","5013","CITY OF PORT ADELAIDE ENFIELD",2,0,0,0,0,2019,"April","Monday","04:15 pm","060","T-Junction","Straight road","Level","Not Applicable","Sealed","Dry","Not Raining","Daylight","Side Swipe","02","Driver Rider","1: PDO","Traffic Signals","","",1322285.28,1679115.61,"13222851679116"
"2019-4548-27/05/2021","2 Metropolitan","WARRADALE","5046","CC MARION.                    ",2,1,0,0,1,2019,"April","Sunday","02:02 pm","060","Cross Road","Straight road","Level","Not Applicable","Sealed","Dry","Not Raining","Daylight","Rear End","02","Driver Rider","2: MI","Traffic Signals","","",1321892.17,1663023.87,"13218921663024"
"2019-4549-27/05/2021","2 Metropolitan","HAZELWOOD PARK","5066","CITY OF BURNSIDE",2,0,0,0,0,2019,"May","Thursday","06:49 pm","060","Divided Road","Straight road","Level","Not Applicable","Sealed","Wet","Raining","Night","Hit Fixed Object","01","Driver Rider","1: PDO","No Control","","",1333932.32,1669231.98,"13339321669232"
"2019-4550-27/05/2021","2 Metropolitan","SHEIDOW PARK","5158","CC MARION.                    ",2,0,0,0,0,2019,"May","Thursday","05:45 pm","080","T-Junction","Straight road","Slope","Not Applicable","Sealed","Wet","Raining","Night","Right Angle","01","Driver Rider","1: PDO","No Control","","",1320864.69,1654361.45,"13208651654361"
"2019-4551-27/05/2021","2 Metropolitan","GREENWITH","5125","CITY OF TEA TREE GULLY",4,0,0,0,0,2019,"May","Thursday","07:10 pm","060","Not Divided","Straight road","Slope","Not Applicable","Sealed","Wet","Raining","Night","Hit Fixed Object","01","Driver Rider","1: PDO","No Control","","",1337422.91,1687384.66,"13374231687385"
"2019-4552-27/05/2021","2 Metropolitan","GAWLER SOUTH","5118","CT GAWLER.                    ",2,0,0,0,0,2019,"May","Thursday","06:37 pm","050","Not Divided","Straight road","Slope","Not Applicable","Sealed","Wet","Not Raining","Night","Hit Parked Vehicle","01","Driver Rider","1: PDO","No Control","","",1343412.49,1705309.5,"13434121705310"
"2019-4553-27/05/2021","2 Metropolitan","REGENCY PARK","5010","CITY OF PORT ADELAIDE ENFIELD",2,0,0,0,0,2019,"May","Thursday","09:30 am","060","T-Junction","Straight road","Level","Not Applicable","Sealed","Wet","Raining","Daylight","Side Swipe","02","Driver Rider","1: PDO","Traffic Signals","","",1326449.52,1676375.13,"13264501676375"
"2019-4554-27/05/2021","2 Metropolitan","ATHELSTONE","5076","CC CAMPBELLTOWN.              ",3,0,0,0,0,2019,"May","Thursday","07:30 pm","050","Not Divided","Straight road","Slope","Not Applicable","Sealed","Wet","Raining","Night","Hit Fixed Object","01","Driver Rider","1: PDO","No Control","","",1338084.49,1677232.2,"13380841677232"
"2019-4555-27/05/2021","2 Metropolitan","GREEN FIELDS","5107","CITY OF SALISBURY",4,2,0,0,2,2019,"May","Thursday","06:15 pm","080","T-Junction","Straight road","Level","Not Applicable","Sealed","Wet","Raining","Night","Rear End","01","Driver Rider","2: MI","Traffic Signals","","",1328669.7,1685257.38,"13286701685257"
"2019-4556-27/05/2021","2 Metropolitan","SEAFORD RISE","5169","CITY OF ONKAPARINGA",2,1,0,0,1,2019,"May","Thursday","09:00 pm","060","Cross Road","Straight road","Level","Not Applicable","Sealed","Dry","Not Raining","Night","Rear End","02","Driver Rider","2: MI","Roundabout","","",1316759.69,1641519.43,"13167601641519"
"2019-4557-27/05/2021","2 Metropolitan","TEA TREE GULLY","5091","CITY OF TEA TREE GULLY",2,0,0,0,0,2019,"May","Thursday","07:28 pm","060","Divided Road","Straight road","Level","Not Applicable","Sealed","Wet","Not Raining","Night","Side Swipe","02","Driver Rider","1: PDO","No Control","","",1339776.34,1681913.71,"13397761681914"
"2019-4558-27/05/2021","3 Country","RENDELSHAM","5280","WATTLE RANGE COUNCIL",1,1,0,0,1,2019,"May","Thursday","09:23 pm","110","Not Divided","Straight road","Level","Not Applicable","Sealed","Wet","Not Raining","Night","Roll Over","01","Driver Rider","2: MI","No Control","Y","",1461573.74,1373658.47,"14615741373658"
"2019-4559-27/05/2021","2 Metropolitan","CLELAND","5152","THE ADELAIDE HILLS COUNCIL",3,1,0,0,1,2019,"May","Thursday","10:30 pm","080","Not Divided","CURVED, VIEW OBSCURED","Slope","Not Applicable","Sealed","Wet","Raining","Night","Hit Fixed Object","01","Driver Rider","2: MI","No Control","Y","",1336392.28,1667574.36,"13363921667574"
"2019-4560-27/05/2021","2 Metropolitan","PARAFIELD GARDENS","5107","CITY OF SALISBURY",3,0,0,0,0,2019,"May","Friday","05:55 am","060","Divided Road","Straight road","Level","Not Applicable","Sealed","Wet","Raining","Night","Rear End","01","Driver Rider","1: PDO","No Control","","",1331334.01,1686668.5,"13313341686669"
"2019-4561-27/05/2021","3 Country","BAROOTA","5495","DC MT.REMARKABLE.             ",1,1,0,0,1,2019,"May","Friday","12:05 am","110","Not Divided","Straight road","Level","Not Applicable","Sealed","Wet","Raining","Night","Roll Over","01","Driver Rider","2: MI","No Control","","",1278168.9,1889802.67,"12781691889803"
"2019-4562-27/05/2021","2 Metropolitan","INGLE FARM","5098","CITY OF SALISBURY",2,0,0,0,0,2019,"May","Friday","06:10 am","060","Divided Road","Straight road","Slope","Not Applicable","Sealed","Wet","Not Raining","Night","Hit Fixed Object","01","Driver Rider","1: PDO","No Control","","",1333061.84,1681229.46,"13330621681229"
"2019-4563-27/05/2021","2 Metropolitan","GREEN FIELDS","5107","CITY OF SALISBURY",2,0,0,0,0,2019,"May","Friday","06:25 am","050","Not Divided","Straight road","Level","Not Applicable","Sealed","Dry","Not Raining","Night","Hit Parked Vehicle","01","Driver Rider","1: PDO","No Control","","",1329142.65,1685243.94,"13291431685244"
"2019-4564-27/05/2021","3 Country","MANNUM","5238","MID MURRAY DISTRICT COUNCIL",2,1,0,0,1,2019,"May","Friday","06:45 am","050","Cross Road","Straight road","Level","Not Applicable","Sealed","Wet","Raining","Night","Right Turn","02","Driver Rider","2: MI","Give Way Sign","","",1392654.23,1669524.59,"13926541669525"
"2019-4565-27/05/2021","2 Metropolitan","MITCHELL PARK","5043","CC MARION.                    ",4,0,0,0,0,2019,"May","Friday","07:30 am","060","Divided Road","Straight road","Level","Not Applicable","Sealed","Wet","Raining","Daylight","Rear End","01","Driver Rider","1: PDO","No Control","","",1324368.03,1661938.51,"13243681661939"
"2019-4566-27/05/2021","1 City","NORTH ADELAIDE","5006","CITY OF ADELAIDE",2,0,0,0,0,2019,"May","Friday","07:25 am","060","Cross Road","Straight road","Level","Not Applicable","Sealed","Wet","Raining","Daylight","Rear End","01","Driver Rider","1: PDO","Traffic Signals","","",1329586.59,1672940.18,"13295871672940"
"2019-4567-27/05/2021","2 Metropolitan","PLYMPTON","5038","CITY OF WEST TORRENS",2,0,0,0,0,2019,"May","Friday","08:10 am","060","Divided Road","Straight road","Level","Driveway or Entrance","Sealed","Dry","Not Raining","Daylight","Rear End","02","Driver Rider","1: PDO","No Control","","",1324575.86,1666835.05,"13245761666835"
"2019-4568-27/05/2021","2 Metropolitan","MANNINGHAM","5086","CITY OF PORT ADELAIDE ENFIELD",3,0,0,0,0,2019,"May","Friday","08:20 am","060","T-Junction","Straight road","Level","Not Applicable","Sealed","Dry","Not Raining","Daylight","Right Angle","01","Driver Rider","1: PDO","No Control","","",1330469.13,1675517.37,"13304691675517"
"2019-4569-27/05/2021","2 Metropolitan","HINDMARSH","5007","CITY OF CHARLES STURT",3,1,0,0,1,2019,"May","Friday","08:38 am","060","Cross Road","Straight road","Level","Not Applicable","Sealed","Wet","Not Raining","Daylight","Rear End","01","Driver Rider","2: MI","Traffic Signals","","",1326440.45,1672631.13,"13264401672631"
"2019-4570-27/05/2021","2 Metropolitan","STURT","5047","CC MARION.                    ",2,1,0,0,1,2019,"May","Friday","07:15 am","070","T-Junction","Straight road","Level","Not Applicable","Sealed","Dry","Not Raining","Daylight","Side Swipe","02","Driver Rider","2: MI","Traffic Signals","","",1324267.03,1659445.45,"13242671659445"
"2019-4571-27/05/2021","2 Metropolitan","MODBURY HEIGHTS","5092","CITY OF TEA TREE GULLY",2,0,0,0,0,2019,"May","Thursday","05:50 pm","070","T-Junction","Straight road","Level","Not Applicable","Sealed","Wet","Raining","Night","Side Swipe","02","Driver Rider","1: PDO","Traffic Signals","","",1337519.8,1682500.28,"13375201682500"
"2019-4572-27/05/2021","2 Metropolitan","EVERARD PARK","5035","CITY OF UNLEY",2,0,0,0,0,2019,"May","Friday","08:30 am","060","Divided Road","Straight road","Level","Not Applicable","Sealed","Dry","Not Raining","Daylight","Rear End","02","Driver Rider","1: PDO","No Control","","",1325879.14,1667771.33,"13258791667771"
"2019-4573-27/05/2021","2 Metropolitan","WEST BEACH","5024","CITY OF WEST TORRENS",2,1,0,0,1,2019,"May","Friday","06:40 am","080","Divided Road","Straight road","Level","Not Applicable","Sealed","Wet","Raining","Night","Rear End","02","Driver Rider","2: MI","No Control","","",1320927.05,1668901.62,"13209271668902"
"2019-4574-27/05/2021","2 Metropolitan","MUNNO PARA","5115","CITY OF PLAYFORD.",3,0,0,0,0,2019,"May","Thursday","04:45 pm","060","Cross Road","Straight road","Level","Not Applicable","Sealed","Dry","Not Raining","Daylight","Rear End","02","Driver Rider","1: PDO","Traffic Signals","","",1336692.66,1698550.18,"13366931698550"
"2019-4575-27/05/2021","2 Metropolitan","LOWER MITCHAM","5062","CC MITCHAM.                   ",2,0,0,0,0,2019,"May","Wednesday","05:15 pm","060","T-Junction","Straight road","Level","Not Applicable","Sealed","Dry","Not Raining","Daylight","Rear End","02","Driver Rider","1: PDO","Traffic Signals","","",1329170.96,1665061.71,"13291711665062"
"2019-4576-27/05/2021","2 Metropolitan","VALE PARK","5081","WALKERVILLE TOWN COUNCIL",4,0,0,0,0,2019,"May","Friday","06:50 am","060","Divided Road","Straight road","Slope","Not Applicable","Sealed","Dry","Not Raining","Night","Rear End","01","Driver Rider","1: PDO","No Control","","",1330697.57,1675315.49,"13306981675315"
"2019-4577-27/05/2021","2 Metropolitan","INGLE FARM","5098","CITY OF SALISBURY",2,0,0,0,0,2019,"May","Thursday","04:50 pm","070","Cross Road","Straight road","Bottom of Hill","Not Applicable","Sealed","Wet","Raining","Daylight","Rear End","02","Driver Rider","1: PDO","Traffic Signals","","",1332129.24,1681792.46,"13321291681792"
"2019-4578-27/05/2021","2 Metropolitan","DRY CREEK","5094","CITY OF PORT ADELAIDE ENFIELD",2,0,0,0,0,2019,"May","Thursday","02:40 pm","050","Not Divided","Straight road","Level","Driveway or Entrance","Sealed","Wet","Not Raining","Daylight","Right Angle","01","Driver Rider","1: PDO","No Control","","",1327919.1,1680643.52,"13279191680644"
"2019-4579-27/05/2021","2 Metropolitan","KURRALTA PARK","5037","CITY OF WEST TORRENS",2,0,0,0,0,2019,"May","Saturday","12:30 pm","060","Divided Road","Straight road","Level","Not Applicable","Sealed","Wet","Raining","Daylight","Rear End","02","Driver Rider","1: PDO","No Control","","",1325737.29,1667686.14,"13257371667686"
"2019-4580-27/05/2021","1 City","NORTH ADELAIDE","5006","CITY OF ADELAIDE",2,1,0,0,1,2019,"May","Friday","11:15 am","050","T-Junction","Straight road","Level","Not Applicable","Sealed","Dry","Not Raining","Daylight","Right Turn","02","Driver Rider","2: MI","No Control","","",1329620.24,1672525.9,"13296201672526"
"2019-4581-27/05/2021","2 Metropolitan","MACCLESFIELD","5153","DC MT.BARKER.                 ",3,1,0,0,1,2019,"May","Tuesday","07:30 pm","100","Not Divided","Straight road","Level","Not Applicable","Sealed","Wet","Raining","Night","Hit Fixed Object","01","Driver Rider","2: MI","No Control","","",1350053.34,1643111.48,"13500531643111"
"2019-4582-27/05/2021","2 Metropolitan","OVINGHAM","5082","CITY OF CHARLES STURT",2,0,0,0,0,2019,"May","Friday","11:30 am","060","Cross Road","Straight road","Bottom of Hill","Not Applicable","Sealed","Dry","Not Raining","Daylight","Rear End","02","Driver Rider","1: PDO","Traffic Signals","","",1327131.58,1673269.49,"13271321673269"
"2019-4583-27/05/2021","3 Country","STIRLING NORTH","5710","CC PT.AUGUSTA.                ",2,0,0,0,0,2019,"May","Friday","11:45 am","050","Not Divided","Straight road","Level","Not Applicable","Sealed","Dry","Not Raining","Daylight","Side Swipe","01","Driver Rider","1: PDO","No Control","","",1266250.74,1938818.53,"12662511938819"
"2019-4584-27/05/2021","3 Country","MOUNT GAMBIER","5290","CC MT.GAMBIER.                ",2,0,0,0,0,2019,"May","Friday","12:05 pm","050","Not Divided","Straight road","Level","Not Applicable","Sealed","Dry","Not Raining","Daylight","Rear End","02","Driver Rider","1: PDO","No Control","","",1510122.8,1340188.81,"15101231340189"
"2019-4585-27/05/2021","2 Metropolitan","MARION","5043","CC MARION.                    ",2,0,0,0,0,2019,"May","Friday","11:50 am","010","Not Divided","Straight road","Level","Driveway or Entrance","Sealed","Dry","Not Raining","Daylight","Hit Pedestrian","01","Driver Rider","1: PDO","No Control","","",1324101.79,1661377.16,"13241021661377"
"2019-4586-27/05/2021","2 Metropolitan","SMITHFIELD","5114","CITY OF PLAYFORD.",2,1,0,0,1,2019,"May","Thursday","04:30 pm","080","Divided Road","Straight road","Level","Not Applicable","Sealed","Wet","Raining","Daylight","Rear End","02","Driver Rider","2: MI","No Control","","",1337324.8,1696146.45,"13373251696146"
"2019-4587-27/05/2021","1 City","NORTH ADELAIDE","5006","CITY OF ADELAIDE",2,1,0,0,1,2019,"May","Thursday","05:00 pm","050","T-Junction","Straight road","Level","Not Applicable","Sealed","Wet","Raining","Daylight","Side Swipe","02","Driver Rider","2: MI","Give Way Sign","","",1327759.16,1672619.62,"13277591672620"
"2019-4588-27/05/2021","2 Metropolitan","BROMPTON","5007","CITY OF CHARLES STURT",2,1,0,0,1,2019,"May","Friday","01:29 pm","060","T-Junction","Straight road","Level","Not Applicable","Sealed","Dry","Not Raining","Daylight","Side Swipe","02","Driver Rider","2: MI","No Control","","",1326801.24,1674198.81,"13268011674199"
"2019-4589-27/05/2021","2 Metropolitan","MAWSON LAKES","5095","CITY OF SALISBURY",2,0,0,0,0,2019,"May","Friday","12:30 pm","080","Divided Road","Straight road","Level","Not Applicable","Sealed","Dry","Not Raining","Daylight","Side Swipe","02","Driver Rider","1: PDO","No Control","","",1328705.84,1683158.33,"13287061683158"
"2019-4590-27/05/2021","2 Metropolitan","VERDUN","5245","THE ADELAIDE HILLS COUNCIL",2,0,0,0,0,2019,"May","Friday","08:00 am","060","Cross Road","Straight road","Level","Not Applicable","Sealed","Wet","Not Raining","Daylight","Rear End","02","Driver Rider","1: PDO","Give Way Sign","","",1345213.89,1660872.64,"13452141660873"
"2019-4591-27/05/2021","2 Metropolitan","ECHUNGA","5153","DC MT.BARKER.                 ",2,0,0,0,0,2019,"June","Saturday","02:30 pm","100","Not Divided","Straight road","Bottom of Hill","Not Applicable","Sealed","Wet","Raining","Daylight","Hit Fixed Object","01","Driver Rider","1: PDO","No Control","","",1345381.48,1649365.61,"13453811649366"
"2019-4592-27/05/2021","2 Metropolitan","ST IVES","5252","DC MT.BARKER.                 ",2,0,0,0,0,2019,"May","Friday","08:35 am","110","Freeway","Straight road","Slope","Not Applicable","Sealed","Wet","Raining","Daylight","Hit Fixed Object","01","Driver Rider","1: PDO","No Control","","",1361832.89,1649418.82,"13618331649419"
"2019-4593-27/05/2021","2 Metropolitan","MAWSON LAKES","5095","CITY OF SALISBURY",2,0,0,0,0,2019,"May","Friday","02:27 pm","050","T-Junction","Straight road","Level","Not Applicable","Sealed","Dry","Not Raining","Daylight","Right Angle","01","Driver Rider","1: PDO","No Control","","",1330489.89,1683822.36,"13304901683822"
"2019-4594-27/05/2021","2 Metropolitan","WESTBOURNE PARK","5041","CC MITCHAM.                   ",2,1,0,0,1,2019,"May","Friday","08:45 am","060","Divided Road","Straight road","Level","Not Applicable","Sealed","Dry","Not Raining","Daylight","Rear End","02","Driver Rider","2: MI","No Control","","",1327508.64,1666174.89,"13275091666175"
"2019-4595-27/05/2021","2 Metropolitan","FULHAM","5024","CITY OF WEST TORRENS",2,0,0,0,0,2019,"May","Thursday","08:35 am","060","Cross Road","Straight road","Level","Not Applicable","Sealed","Wet","Raining","Daylight","Rear End","02","Driver Rider","1: PDO","Traffic Signals","","",1320990.23,1670855.57,"13209901670856"
"2019-4596-27/05/2021","2 Metropolitan","PORT ADELAIDE","5015","CITY OF PORT ADELAIDE ENFIELD",2,0,0,0,0,2019,"May","Friday","03:00 pm","050","Not Divided","Straight road","Level","Not Applicable","Sealed","Dry","Not Raining","Daylight","Side Swipe","02","Driver Rider","1: PDO","No Control","","",1320483.23,1680031.32,"13204831680031"