"REPORT_ID","Stats Area","Suburb","Postcode","LGA Name","Total Units","Total Cas","Total Fats","Total SI","Total MI","Year","Month","Day","Time","Area Speed","Position Type","Horizontal Align","Vertical Align","Other Feat","Road Surface","Moisture Cond","Weather Cond","DayNight","Crash Type","Unit Resp","Entity Code","CSEF Severity","Traffic Ctrls","DUI Involved","Drugs Involved","ACCLOC_X","ACCLOC_Y","UNIQUE_LOC"
"2019-4597-27/05/2021","2 Metropolitan","DIREK","5110","CITY OF SALISBURY",2,0,0,0,0,2019,"May","Thursday","11:30 pm","080","Not Divided","Straight road","Level","Not Applicable","Sealed","Wet","Raining","Night","Hit Fixed Object","01","Driver Rider","1: PDO","No Control","","",1329204.92,1693400.78,"13292051693401"
"2019-4598-27/05/2021","2 Metropolitan","LINDEN PARK","5065","CITY OF BURNSIDE",2,0,0,0,0,2019,"May","Friday","03:25 pm","060","T-Junction","Straight road","Level","Not Applicable","Sealed","Dry","Not Raining","Daylight","Rear End","02","Driver Rider","1: PDO","No Control","","",1332337.37,1668146.29,"13323371668146"
"2019-4599-27/05/2021","2 Metropolitan","GLENELG EAST","5045","CITY OF HOLDFAST BAY",2,0,0,0,0,2019,"May","Friday","04:05 pm","060","Cross Road","Straight road","Level","Not Applicable","Sealed","Dry","Not Raining","Daylight","Side Swipe","01","Driver Rider","1: PDO","Traffic Signals","","",1322637.42,1665387.9,"13226371665388"
"2019-4600-27/05/2021","2 Metropolitan","CAMPBELLTOWN","5074","CC CAMPBELLTOWN.              ",2,0,0,0,0,2019,"May","Wednesday","09:00 am","050","Not Divided","Straight road","Level","Not Applicable","Sealed","Dry","Not Raining","Daylight","Right Turn","02","Driver Rider","1: PDO","No Control","","",1334012.49,1674569.53,"13340121674570"
"2019-4601-27/05/2021","3 Country","HOSKIN CORNER","5461","WAKEFIELD REGIONAL COUNCIL",2,0,0,0,0,2019,"May","Thursday","08:30 am","100","Not Divided","Straight road","Level","Not Applicable","Unsealed","Wet","Raining","Daylight","Hit Fixed Object","01","Driver Rider","1: PDO","No Control","","",1317982.02,1751263.06,"13179821751263"
"2019-4602-27/05/2021","2 Metropolitan","FORESTVILLE","5035","CITY OF UNLEY",2,0,0,0,0,2019,"May","Friday","09:15 am","040","T-Junction","CURVED, VIEW OBSCURED","Level","Not Applicable","Sealed","Dry","Not Raining","Daylight","Right Angle","02","Driver Rider","1: PDO","Stop Sign","","",1326648.47,1667573.42,"13266481667573"
"2019-4603-27/05/2021","2 Metropolitan","SOMERTON PARK","5044","CITY OF HOLDFAST BAY",2,0,0,0,0,2019,"May","Friday","05:00 pm","050","Not Divided","Straight road","Level","Not Applicable","Sealed","Dry","Not Raining","Daylight","Hit Parked Vehicle","02","Driver Rider","1: PDO","No Control","","",1320300.76,1663600.23,"13203011663600"
"2019-4604-27/05/2021","3 Country","RAMCO","5322","LOXTON WAIKERIE DISTRICT COUNCIL",2,0,0,0,0,2019,"May","Friday","04:20 pm","080","Not Divided","Straight road","Level","Not Applicable","Sealed","Dry","Not Raining","Daylight","Hit Fixed Object","01","Driver Rider","1: PDO","No Control","","",1453929.89,1749446.94,"14539301749447"
"2019-4605-27/05/2021","2 Metropolitan","MAWSON LAKES","5095","CITY OF SALISBURY",2,0,0,0,0,2019,"May","Friday","05:34 pm","080","Divided Road","Straight road","Level","Not Applicable","Sealed","Dry","Not Raining","Night","Rear End","02","Driver Rider","1: PDO","No Control","","",1328673.49,1683191.68,"13286731683192"
"2019-4606-27/05/2021","2 Metropolitan","TORRENSVILLE","5031","CITY OF WEST TORRENS",2,1,0,0,1,2019,"May","Friday","05:55 pm","060","Divided Road","Straight road","Level","Not Applicable","Sealed","Dry","Not Raining","Night","Rear End","01","Driver Rider","2: MI","No Control","","",1324517.87,1670950.55,"13245181670951"
"2019-4607-27/05/2021","2 Metropolitan","NORWOOD","5067","CC OF NORWOOD,PAYNEHAM & ST PETERS",2,0,0,0,0,2019,"May","Friday","05:55 pm","060","T-Junction","Straight road","Level","Not Applicable","Sealed","Dry","Not Raining","Night","Rear End","02","Driver Rider","1: PDO","No Control","","",1331834.28,1671751.17,"13318341671751"
"2019-4608-27/05/2021","2 Metropolitan","STURT","5047","CC MARION.                    ",3,0,0,0,0,2019,"May","Friday","06:30 pm","100","Interchange","Straight road","Level","Not Applicable","Sealed","Dry","Not Raining","Night","Side Swipe","01","Driver Rider","1: PDO","No Control","","",1324226.13,1659622.77,"13242261659623"
"2019-4609-27/05/2021","2 Metropolitan","DAW PARK","5041","CC MITCHAM.                   ",2,0,0,0,0,2019,"May","Friday","04:40 pm","050","Cross Road","Straight road","Level","Not Applicable","Sealed","Dry","Not Raining","Daylight","Rear End","02","Driver Rider","1: PDO","Traffic Signals","","",1326717.86,1664971.41,"13267181664971"
"2019-4610-27/05/2021","3 Country","TANUNDA","5352","THE BAROSSA COUNCIL.",2,2,0,1,1,2019,"May","Friday","06:50 pm","080","Not Divided","Straight road","Level","Not Applicable","Sealed","Dry","Not Raining","Night","Head On","01","Driver Rider","3: SI","No Control","","",1365329.45,1714671.46,"13653291714671"
"2019-4611-27/05/2021","3 Country","VICTOR HARBOR","5211","DC VICTOR HARBOR.             ",2,0,0,0,0,2019,"May","Friday","06:10 pm","060","Cross Road","Straight road","Level","Not Applicable","Sealed","Dry","Not Raining","Night","Right Angle","02","Driver Rider","1: PDO","Give Way Sign","","",1328426.85,1601494.32,"13284271601494"
"2019-4612-27/05/2021","2 Metropolitan","ALDINGA","5173","CITY OF ONKAPARINGA",2,0,0,0,0,2019,"May","Friday","03:45 pm","090","T-Junction","Straight road","Bottom of Hill","Not Applicable","Sealed","Dry","Not Raining","Daylight","Rear End","02","Driver Rider","1: PDO","No Control","","",1317720.24,1634676.66,"13177201634677"
"2019-4613-27/05/2021","3 Country","STRATHALBYN","5255","ALEXANDRINA COUNCIL",2,1,0,0,1,2019,"May","Friday","06:20 pm","080","Not Divided","CURVED, VIEW OPEN","Slope","Not Applicable","Sealed","Dry","Not Raining","Night","Hit Fixed Object","01","Driver Rider","2: MI","No Control","","",1353506.11,1635465.53,"13535061635466"
"2019-4614-27/05/2021","2 Metropolitan","OTTOWAY","5013","CITY OF PORT ADELAIDE ENFIELD",2,0,0,0,0,2019,"May","Friday","10:45 pm","050","Cross Road","Straight road","Level","Not Applicable","Sealed","Dry","Not Raining","Night","Hit Fixed Object","01","Driver Rider","1: PDO","Roundabout","","",1322530.82,1679556,"13225311679556"
"2019-4615-27/05/2021","2 Metropolitan","ELIZABETH PARK","5113","CITY OF PLAYFORD.",1,0,0,0,0,2019,"May","Friday","11:00 pm","050","Not Divided","CURVED, VIEW OBSCURED","Level","Not Applicable","Sealed","Wet","Raining","Night","Left Road - Out of Control","01","Driver Rider","1: PDO","No Control","","",1336810.25,1694899.9,"13368101694900"
"2019-4616-27/05/2021","1 City","ADELAIDE","5000","CITY OF ADELAIDE",2,0,0,0,0,2019,"May","Friday","11:40 pm","050","T-Junction","Straight road","Level","Not Applicable","Sealed","Wet","Not Raining","Night","Side Swipe","02","Driver Rider","1: PDO","Traffic Signals","","",1329012.45,1671149.03,"13290121671149"
"2019-4617-27/05/2021","1 City","ADELAIDE","5000","CITY OF ADELAIDE",2,0,0,0,0,2019,"May","Saturday","12:59 am","050","Not Divided","Straight road","Level","Not Applicable","Sealed","Wet","Not Raining","Night","Hit Parked Vehicle","01","Driver Rider","1: PDO","No Control","","",1328797.25,1669581.44,"13287971669581"
"2019-4618-27/05/2021","3 Country","SPRING FARM","5453","CLARE AND GILBERT VALLEYS DISTRICT COUNCIL",2,2,0,0,2,2019,"May","Saturday","12:30 am","100","Not Divided","CURVED, VIEW OPEN","Slope","Not Applicable","Sealed","Dry","Not Raining","Night","Hit Fixed Object","01","Driver Rider","2: MI","No Control","Y","",1336764.14,1791213.87,"13367641791214"
"2019-4619-27/05/2021","3 Country","NURIOOTPA","5355","THE BAROSSA COUNCIL.",2,1,0,1,0,2019,"May","Saturday","05:50 am","050","Not Divided","Straight road","Level","Not Applicable","Sealed","Wet","Raining","Night","Hit Pedestrian","02","Pedestrian","3: SI","No Control","","",1365924.45,1720319.43,"13659241720319"
"2019-4620-27/05/2021","2 Metropolitan","WINGFIELD","5013","CITY OF PORT ADELAIDE ENFIELD",3,1,0,0,1,2019,"May","Friday","04:10 pm","060","Cross Road","Straight road","Level","Not Applicable","Sealed","Dry","Not Raining","Daylight","Rear End","02","Driver Rider","2: MI","Traffic Signals","","",1326388.52,1679169.53,"13263891679170"
"2019-4621-27/05/2021","2 Metropolitan","ALDINGA BEACH","5173","CITY OF ONKAPARINGA",2,0,0,0,0,2019,"May","Saturday","06:00 am","050","Not Divided","Straight road","Level","Not Applicable","Sealed","Dry","Not Raining","Night","Hit Fixed Object","01","Driver Rider","1: PDO","No Control","","",1313167.82,1630207.36,"13131681630207"
"2019-4622-27/05/2021","2 Metropolitan","PARA HILLS","5096","CITY OF SALISBURY",2,1,0,0,1,2019,"May","Saturday","09:40 am","060","T-Junction","Straight road","Slope","Not Applicable","Sealed","Wet","Raining","Daylight","Right Turn","02","Driver Rider","2: MI","Stop Sign","","",1334428.9,1683032.96,"13344291683033"
"2019-4623-27/05/2021","3 Country","TANTANOOLA","5280","WATTLE RANGE COUNCIL",1,1,0,1,0,2019,"May","Saturday","09:12 am","110","Not Divided","Straight road","Level","Not Applicable","Sealed","Wet","Raining","Daylight","Roll Over","01","Driver Rider","3: SI","No Control","","",1482244.51,1359518.12,"14822451359518"
"2019-4624-27/05/2021","2 Metropolitan","WALKERVILLE","5081","WALKERVILLE TOWN COUNCIL",2,0,0,0,0,2019,"May","Friday","09:00 am","060","Cross Road","Straight road","Level","Not Applicable","Sealed","Wet","Not Raining","Daylight","Rear End","02","Driver Rider","1: PDO","Traffic Signals","","",1329934.16,1673775.13,"13299341673775"
"2019-4625-27/05/2021","2 Metropolitan","HAMPSTEAD GARDENS","5086","CITY OF PORT ADELAIDE ENFIELD",3,0,0,0,0,2019,"May","Saturday","11:54 am","060","T-Junction","Straight road","Level","Not Applicable","Sealed","Wet","Raining","Daylight","Right Angle","01","Driver Rider","1: PDO","Stop Sign","","",1331523.2,1676587.57,"13315231676588"
"2019-4626-27/05/2021","2 Metropolitan","BROADVIEW","5083","CITY OF PROSPECT",2,0,0,0,0,2019,"May","Saturday","06:20 am","060","Multiple","Straight road","Level","Not Applicable","Sealed","Wet","Raining","Night","Right Turn","02","Driver Rider","1: PDO","Stop Sign","","",1330457.88,1676005.78,"13304581676006"
"2019-4627-27/05/2021","3 Country","MURRAY BRIDGE","5253","RC MURRAY BRIDGE.             ",2,0,0,0,0,2019,"May","Saturday","12:20 pm","050","Cross Road","Straight road","Slope","Not Applicable","Sealed","Dry","Not Raining","Daylight","Right Angle","02","Driver Rider","1: PDO","Give Way Sign","","",1389306.87,1646035.96,"13893071646036"
"2019-4628-27/05/2021","2 Metropolitan","ONE TREE HILL","5114","CITY OF PLAYFORD.",2,0,0,0,0,2019,"May","Saturday","08:45 am","100","T-Junction","Straight road","Level","Not Applicable","Sealed","Wet","Raining","Daylight","Hit Fixed Object","01","Driver Rider","1: PDO","No Control","","",1341920.18,1692592.34,"13419201692592"
"2019-4629-27/05/2021","2 Metropolitan","PROSPECT","5082","CITY OF PROSPECT",2,0,0,0,0,2019,"May","Saturday","12:00 pm","060","Cross Road","Straight road","Level","Not Applicable","Sealed","Dry","Not Raining","Daylight","Rear End","02","Driver Rider","1: PDO","Traffic Signals","","",1327236.23,1676392.98,"13272361676393"
"2019-4630-27/05/2021","1 City","ADELAIDE","5000","CITY OF ADELAIDE",2,0,0,0,0,2019,"May","Thursday","12:05 pm","060","Y-Junction","Straight road","Level","Not Applicable","Sealed","Dry","Not Raining","Daylight","Rear End","02","Driver Rider","1: PDO","Traffic Signals","","",1327349.63,1671109.58,"13273501671110"
"2019-4631-27/05/2021","2 Metropolitan","PLYMPTON","5038","CITY OF WEST TORRENS",2,1,0,0,1,2019,"May","Wednesday","04:40 pm","060","Cross Road","Straight road","Level","Not Applicable","Sealed","Dry","Not Raining","Daylight","Rear End","02","Driver Rider","2: MI","Traffic Signals","","",1325025.08,1667143.05,"13250251667143"
"2019-4632-27/05/2021","2 Metropolitan","DAW PARK","5041","CC MITCHAM.                   ",2,1,0,0,1,2019,"May","Saturday","01:00 pm","050","Cross Road","Straight road","Level","Not Applicable","Sealed","Dry","Not Raining","Daylight","Rear End","02","Driver Rider","2: MI","Give Way Sign","","",1326743.52,1664106.92,"13267441664107"
"2019-4633-27/05/2021","2 Metropolitan","FIRLE","5070","CC OF NORWOOD,PAYNEHAM & ST PETERS",2,0,0,0,0,2019,"May","Saturday","12:30 pm","060","T-Junction","Straight road","Level","Not Applicable","Sealed","Dry","Not Raining","Daylight","Right Angle","02","Driver Rider","1: PDO","Stop Sign","","",1333828.96,1672697.56,"13338291672698"
"2019-4634-27/05/2021","2 Metropolitan","SOMERTON PARK","5044","CITY OF HOLDFAST BAY",2,0,0,0,0,2019,"May","Saturday","01:15 pm","050","Divided Road","Straight road","Level","Not Applicable","Sealed","Wet","Not Raining","Daylight","Hit Parked Vehicle","02","Driver Rider","1: PDO","No Control","","",1321447.89,1662899.05,"13214481662899"
"2019-4635-27/05/2021","2 Metropolitan","GRANGE","5022","CITY OF CHARLES STURT",2,0,0,0,0,2019,"May","Saturday","02:20 pm","060","T-Junction","Straight road","Level","Not Applicable","Sealed","Wet","Not Raining","Daylight","Rear End","02","Driver Rider","1: PDO","No Control","","",1319939,1673872.56,"13199391673873"
"2019-4636-27/05/2021","2 Metropolitan","WARRADALE","5046","CC MARION.                    ",2,1,0,0,1,2019,"May","Friday","02:50 pm","040","Divided Road","Straight road","Level","Roadworks","Sealed","Dry","Not Raining","Daylight","Rear End","02","Driver Rider","2: MI","No Control","","",1322012.04,1663025.06,"13220121663025"
"2019-4637-27/05/2021","2 Metropolitan","MILLSWOOD","5034","CITY OF UNLEY",2,0,0,0,0,2019,"May","Saturday","02:05 pm","050","T-Junction","Straight road","Level","Not Applicable","Sealed","Wet","Not Raining","Daylight","Right Angle","02","Driver Rider","1: PDO","Stop Sign","","",1327473.12,1667380.9,"13274731667381"
"2019-4638-27/05/2021","2 Metropolitan","WILLASTON","5118","CT GAWLER.                    ",2,0,0,0,0,2019,"May","Saturday","03:20 pm","050","Cross Road","Straight road","Level","Not Applicable","Sealed","Dry","Not Raining","Daylight","Right Angle","02","Driver Rider","1: PDO","Stop Sign","","",1342750.66,1707477.99,"13427511707478"
"2019-4639-27/05/2021","3 Country","COFFIN BAY","5607","DC LOWER EYRE PENINSULA       ",2,1,0,0,1,2019,"May","Saturday","11:45 am","050","Not Divided","Straight road","Level","Driveway or Entrance","Sealed","Dry","Not Raining","Daylight","Hit Pedestrian","01","Driver Rider","2: MI","No Control","","",1042601.33,1709655.91,"10426011709656"
"2019-4640-27/05/2021","2 Metropolitan","SEFTON PARK","5083","CITY OF PORT ADELAIDE ENFIELD",2,0,0,0,0,2019,"May","Saturday","11:45 am","060","T-Junction","Straight road","Level","Not Applicable","Sealed","Dry","Not Raining","Daylight","Right Turn","01","Driver Rider","1: PDO","No Control","","",1329313.92,1676444.29,"13293141676444"
"2019-4641-27/05/2021","3 Country","PENWORTHAM","5453","CLARE AND GILBERT VALLEYS DISTRICT COUNCIL",1,1,0,1,0,2019,"May","Saturday","03:50 pm","100","Not Divided","Straight road","Slope","Not Applicable","Sealed","Wet","Raining","Daylight","Left Road - Out of Control","01","Driver Rider","3: SI","No Control","","",1335709.14,1782473.72,"13357091782474"
"2019-4642-27/05/2021","3 Country","TEMPLERS","5371","LIGHT REGIONAL COUNCIL",2,1,0,0,1,2019,"May","Saturday","05:15 pm","100","T-Junction","Straight road","Level","Not Applicable","Sealed","Dry","Not Raining","Daylight","Right Angle","01","Driver Rider","2: MI","No Control","","",1343673.68,1720893.16,"13436741720893"
"2019-4643-27/05/2021","2 Metropolitan","GAWLER SOUTH","5118","CT GAWLER.                    ",2,0,0,0,0,2019,"May","Saturday","06:43 pm","050","Cross Road","Straight road","Level","Not Applicable","Sealed","Wet","Not Raining","Night","Right Angle","01","Driver Rider","1: PDO","Roundabout","","",1342781.13,1705387.44,"13427811705387"
"2019-4644-27/05/2021","2 Metropolitan","CLEARVIEW","5085","CITY OF PORT ADELAIDE ENFIELD",2,0,0,0,0,2019,"May","Saturday","07:50 pm","050","Cross Road","Straight road","Level","Not Applicable","Sealed","Wet","Raining","Night","Hit Fixed Object","01","Driver Rider","1: PDO","Roundabout","","",1329821,1677102.19,"13298211677102"
"2019-4645-27/05/2021","3 Country","MOUNT GAMBIER","5290","CC MT.GAMBIER.                ",2,1,1,0,0,2019,"May","Saturday","05:46 pm","050","Not Divided","Straight road","Level","Not Applicable","Sealed","Dry","Not Raining","Night","Hit Pedestrian","02","Pedestrian","4: Fatal","No Control","Y","",1508753.64,1340672.63,"15087541340673"
"2019-4646-27/05/2021","2 Metropolitan","TUSMORE","5065","CITY OF BURNSIDE",2,0,0,0,0,2019,"May","Friday","06:35 pm","060","Cross Road","Straight road","Level","Not Applicable","Sealed","Dry","Not Raining","Night","Hit Fixed Object","01","Driver Rider","1: PDO","Traffic Signals","","",1332311.5,1669056.54,"13323121669057"
"2019-4647-27/05/2021","2 Metropolitan","PORT NOARLUNGA","5167","CITY OF ONKAPARINGA",2,0,0,0,0,2019,"May","Saturday","08:45 pm","050","T-Junction","Straight road","Level","Not Applicable","Sealed","Wet","Not Raining","Night","Right Turn","01","Driver Rider","1: PDO","Give Way Sign","","",1315892.74,1646391.81,"13158931646392"
"2019-4648-27/05/2021","2 Metropolitan","BANKSIA PARK","5091","CITY OF TEA TREE GULLY",2,0,0,0,0,2019,"May","Friday","07:30 pm","050","Not Divided","Straight road","Slope","Driveway or Entrance","Sealed","Dry","Not Raining","Night","Hit Fixed Object","01","Driver Rider","1: PDO","No Control","","",1340682.89,1682895.25,"13406831682895"
"2019-4649-27/05/2021","1 City","NORTH ADELAIDE","5006","CITY OF ADELAIDE",2,0,0,0,0,2019,"May","Saturday","10:30 pm","050","Divided Road","Straight road","Level","Not Applicable","Sealed","Dry","Not Raining","Night","Rear End","02","Driver Rider","1: PDO","No Control","","",1327785.6,1672459.73,"13277861672460"
"2019-4650-27/05/2021","2 Metropolitan","PARAFIELD","5106","CITY OF SALISBURY",3,1,0,0,1,2019,"May","Saturday","06:15 pm","080","Cross Road","Straight road","Level","Not Applicable","Sealed","Wet","Raining","Night","Rear End","02","Driver Rider","2: MI","Traffic Signals","","",1331791.2,1683497.51,"13317911683498"
"2019-4651-27/05/2021","2 Metropolitan","LARGS NORTH","5016","CITY OF PORT ADELAIDE ENFIELD",2,2,0,0,2,2019,"May","Saturday","10:20 pm","050","Cross Road","Straight road","Level","Not Applicable","Sealed","Dry","Not Raining","Night","Right Angle","02","Driver Rider","2: MI","Give Way Sign","","",1319654.16,1683148.68,"13196541683149"
"2019-4652-27/05/2021","2 Metropolitan","TORRENSVILLE","5031","CITY OF WEST TORRENS",2,2,0,0,2,2019,"May","Sunday","02:18 am","060","T-Junction","Straight road","Level","Not Applicable","Sealed","Dry","Not Raining","Night","Head On","02","Driver Rider","2: MI","Stop Sign","","",1325560.88,1671666.51,"13255611671667"
"2019-4653-27/05/2021","3 Country","PORT AUGUSTA WEST","5700","CC PT.AUGUSTA.                ",2,1,0,0,1,2019,"May","Sunday","03:45 am","050","Not Divided","CURVED, VIEW OPEN","Level","Not Applicable","Sealed","Dry","Not Raining","Night","Hit Fixed Object","01","Driver Rider","2: MI","No Control","","Y",1257683.92,1944393.04,"12576841944393"
"2019-4654-27/05/2021","2 Metropolitan","KANGARILLA","5157","CITY OF ONKAPARINGA",2,0,0,0,0,2019,"May","Sunday","06:30 am","080","Not Divided","CURVED, VIEW OPEN","Level","Not Applicable","Sealed","Wet","Raining","Night","Hit Animal","02","Animal","1: PDO","No Control","","",1331405.49,1645767.18,"13314051645767"
"2019-4655-27/05/2021","2 Metropolitan","BROADVIEW","5083","CITY OF PORT ADELAIDE ENFIELD",2,1,0,0,1,2019,"May","Sunday","07:20 am","060","Divided Road","Straight road","Level","Not Applicable","Sealed","Dry","Not Raining","Daylight","Hit Fixed Object","01","Driver Rider","2: MI","No Control","","",1329788.42,1676465.58,"13297881676466"
"2019-4656-27/05/2021","2 Metropolitan","WILLUNGA","5172","CITY OF ONKAPARINGA",2,0,0,0,0,2019,"May","Saturday","11:35 am","080","Cross Road","Straight road","Level","Not Applicable","Sealed","Wet","Raining","Daylight","Hit Fixed Object","01","Driver Rider","1: PDO","Give Way Sign","","",1322995.94,1634841.72,"13229961634842"
"2019-4657-27/05/2021","2 Metropolitan","QUEENSTOWN","5014","CITY OF PORT ADELAIDE ENFIELD",2,0,0,0,0,2019,"May","Sunday","02:00 am","060","Not Divided","Straight road","Level","Not Applicable","Sealed","Wet","Not Raining","Night","Hit Parked Vehicle","02","Driver Rider","1: PDO","No Control","","",1320688.65,1678281.15,"13206891678281"
"2019-4658-27/05/2021","2 Metropolitan","WESTBOURNE PARK","5041","CC MITCHAM.                   ",2,0,0,0,0,2019,"May","Saturday","06:30 pm","060","Cross Road","Straight road","Level","Not Applicable","Sealed","Dry","Not Raining","Night","Rear End","02","Driver Rider","1: PDO","Traffic Signals","","",1327546.38,1664994.52,"13275461664995"
"2019-4659-27/05/2021","2 Metropolitan","PROSPECT","5082","CITY OF PROSPECT",2,0,0,0,0,2019,"May","Sunday","10:41 am","060","T-Junction","Straight road","Level","Not Applicable","Sealed","Dry","Not Raining","Daylight","Right Angle","02","Driver Rider","1: PDO","No Control","","",1328610.89,1676435.12,"13286111676435"
"2019-4660-27/05/2021","2 Metropolitan","OTTOWAY","5013","CITY OF PORT ADELAIDE ENFIELD",2,0,0,0,0,2019,"May","Sunday","11:16 am","050","Cross Road","Straight road","Level","Not Applicable","Sealed","Dry","Not Raining","Daylight","Right Angle","02","Driver Rider","1: PDO","Give Way Sign","","",1322529.54,1679226.88,"13225301679227"
"2019-4661-27/05/2021","3 Country","STANLEY","5415","CLARE AND GILBERT VALLEYS DISTRICT COUNCIL",2,0,0,0,0,2019,"May","Saturday","11:50 pm","080","Not Divided","Straight road","Slope","Not Applicable","Sealed","Wet","Raining","Night","Hit Fixed Object","01","Driver Rider","1: PDO","No Control","","",1342980.87,1782513.36,"13429811782513"
"2019-4662-27/05/2021","2 Metropolitan","SOUTH BRIGHTON","5048","CITY OF HOLDFAST BAY",2,0,0,0,0,2019,"May","Friday","06:30 pm","060","T-Junction","Straight road","Level","Not Applicable","Sealed","Dry","Not Raining","Night","Right Turn","02","Driver Rider","1: PDO","No Control","","",1321178.82,1659530.56,"13211791659531"
"2019-4663-27/05/2021","3 Country","NORTH MOONTA","5558","COPPER COAST DISTRICT COUNCIL",2,1,0,0,1,2019,"May","Sunday","12:50 pm","050","Not Divided","Straight road","Level","Driveway or Entrance","Sealed","Dry","Not Raining","Daylight","Right Angle","01","Driver Rider","2: MI","No Control","","",1239003.93,1769197.85,"12390041769198"
"2019-4664-27/05/2021","3 Country","AMATA","0872",,1,1,0,0,1,2019,"May","Sunday","03:00 pm","100","Not Divided","Straight road","Level","Not Applicable","Unsealed","Dry","Not Raining","Daylight","Roll Over","01","Driver Rider","2: MI","No Control","","",618731.69,2643793.82,"06187322643794"
"2019-4665-27/05/2021","2 Metropolitan","WOODVILLE NORTH","5012","CITY OF PORT ADELAIDE ENFIELD",2,0,0,0,0,2019,"May","Saturday","07:00 pm","060","Divided Road","Straight road","Level","Not Applicable","Sealed","Wet","Not Raining","Night","Hit Parked Vehicle","02","Driver Rider","1: PDO","No Control","","",1323961,1676793.96,"13239611676794"
"2019-4666-27/05/2021","2 Metropolitan","SEAFORD RISE","5169","CITY OF ONKAPARINGA",2,0,0,0,0,2019,"May","Sunday","04:30 pm","070","Cross Road","Straight road","Bottom of Hill","Not Applicable","Sealed","Dry","Not Raining","Daylight","Right Turn","02","Driver Rider","1: PDO","Traffic Signals","","",1316420.5,1640461.94,"13164211640462"
"2019-4667-27/05/2021","2 Metropolitan","MITCHELL PARK","5043","CC MARION.                    ",2,1,0,1,0,2019,"May","Sunday","03:45 pm","060","Pedestrian Crossing","Straight road","Level","Not Applicable","Sealed","Dry","Not Raining","Daylight","Hit Pedestrian","02","Pedestrian","3: SI","Traffic Signals","","",1324366.11,1661996.66,"13243661661997"
"2019-4668-27/05/2021","2 Metropolitan","MELROSE PARK","5039","CC MITCHAM.                   ",2,1,0,0,1,2019,"May","Sunday","03:12 pm","060","Cross Road","Straight road","Level","Not Applicable","Sealed","Dry","Not Raining","Daylight","Right Turn","02","Driver Rider","2: MI","Traffic Signals","","",1325916.95,1664949.75,"13259171664950"
"2019-4669-27/05/2021","2 Metropolitan","GULFVIEW HEIGHTS","5096","CITY OF TEA TREE GULLY",2,0,0,0,0,2019,"May","Sunday","05:24 pm","080","Divided Road","Straight road","Slope","Not Applicable","Sealed","Dry","Not Raining","Night","Rear End","02","Driver Rider","1: PDO","No Control","","",1335508.83,1683414.42,"13355091683414"
"2019-4670-27/05/2021","2 Metropolitan","NORWOOD","5067","CC OF NORWOOD,PAYNEHAM & ST PETERS",2,0,0,0,0,2019,"May","Sunday","06:05 pm","060","T-Junction","Straight road","Level","Not Applicable","Sealed","Dry","Not Raining","Night","Right Angle","01","Driver Rider","1: PDO","No Control","","",1332035.24,1671756.65,"13320351671757"
"2019-4671-27/05/2021","3 Country","TODMORDEN","5734",,1,0,0,0,0,2019,"May","Sunday","06:00 pm","100","Not Divided","CURVED, VIEW OPEN","Level","Not Applicable","Unsealed","Dry","Not Raining","Night","Roll Over","01","Driver Rider","1: PDO","No Control","","",998985.14,2521764.81,"09989852521765"
"2019-4672-27/05/2021","2 Metropolitan","BLAIR ATHOL","5084","CITY OF PORT ADELAIDE ENFIELD",4,0,0,0,0,2019,"May","Sunday","07:30 pm","050","Not Divided","Straight road","Level","Not Applicable","Sealed","Dry","Not Raining","Night","Hit Parked Vehicle","01","Driver Rider","1: PDO","No Control","","",1328653.68,1678858.65,"13286541678859"
"2019-4673-27/05/2021","2 Metropolitan","NEW PORT","5015","CITY OF PORT ADELAIDE ENFIELD",2,0,0,0,0,2019,"May","Sunday","09:30 am","040","Not Divided","Straight road","Bottom of Hill","Bridge, Culvert, Causeway","Sealed","Dry","Not Raining","Daylight","Hit Fixed Object","01","Driver Rider","1: PDO","No Control","","",1319819.58,1680242.33,"13198201680242"
"2019-4674-27/05/2021","2 Metropolitan","OAKDEN","5086","CITY OF PORT ADELAIDE ENFIELD",2,0,0,0,0,2019,"May","Sunday","10:00 pm","050","Cross Road","Straight road","Level","Not Applicable","Sealed","Dry","Not Raining","Night","Right Angle","01","Driver Rider","1: PDO","Roundabout","","",1332046.12,1678084.56,"13320461678085"
"2019-4675-27/05/2021","2 Metropolitan","GEPPS CROSS","5094","CITY OF PORT ADELAIDE ENFIELD",2,0,0,0,0,2019,"May","Thursday","12:40 pm","060","Divided Road","Straight road","Level","Not Applicable","Sealed","Wet","Raining","Daylight","Rear End","02","Driver Rider","1: PDO","No Control","","",1327344.23,1679240.47,"13273441679240"
"2019-4676-27/05/2021","2 Metropolitan","ADELAIDE AIRPORT","5950","CITY OF WEST TORRENS",2,0,0,0,0,2019,"May","Monday","05:05 am","020","One Way","Straight road","Level","Not Applicable","Sealed","Dry","Not Raining","Night","Rear End","02","Driver Rider","1: PDO","No Control","","",1322689.68,1669548.31,"13226901669548"
"2019-4677-27/05/2021","2 Metropolitan","MAWSON LAKES","5095","CITY OF SALISBURY",3,1,0,0,1,2019,"May","Monday","08:37 am","060","Cross Road","Straight road","Level","Not Applicable","Sealed","Dry","Not Raining","Daylight","Rear End","01","Driver Rider","2: MI","Traffic Signals","","",1330497.74,1683929.66,"13304981683930"