"REPORT_ID","Stats Area","Suburb","Postcode","LGA Name","Total Units","Total Cas","Total Fats","Total SI","Total MI","Year","Month","Day","Time","Area Speed","Position Type","Horizontal Align","Vertical Align","Other Feat","Road Surface","Moisture Cond","Weather Cond","DayNight","Crash Type","Unit Resp","Entity Code","CSEF Severity","Traffic Ctrls","DUI Involved","Drugs Involved","ACCLOC_X","ACCLOC_Y","UNIQUE_LOC"
"2019-4841-27/05/2021","2 Metropolitan","BUCHFELDE","5118","LIGHT REGIONAL COUNCIL",2,0,0,0,0,2019,"May","Thursday","07:30 pm","110","Not Divided","Straight road","Level","Not Applicable","Sealed","Dry","Not Raining","Night","Hit Animal","02","Animal","1: PDO","No Control","","",1337562.48,1705299.85,"13375621705300"
"2019-4842-27/05/2021","3 Country","SOLOMONTOWN","5540","PT.PIRIE CITY & DIST. COUNCIL ",2,0,0,0,0,2019,"May","Thursday","09:15 pm","025","Not Divided","Straight road","Level","Not Applicable","Unsealed","Dry","Not Raining","Night","Hit Fixed Object","01","Driver Rider","1: PDO","No Control","","",1280816.28,1865172.31,"12808161865172"
"2019-4843-27/05/2021","2 Metropolitan","PARA HILLS","5096","CITY OF SALISBURY",2,0,0,0,0,2019,"May","Friday","01:00 am","050","T-Junction","Straight road","Level","Not Applicable","Sealed","Dry","Not Raining","Night","Hit Fixed Object","01","Driver Rider","1: PDO","No Control","","",1333460.18,1682723.22,"13334601682723"
"2019-4844-27/05/2021","2 Metropolitan","GEPPS CROSS","5085","CITY OF PORT ADELAIDE ENFIELD",2,0,0,0,0,2019,"May","Friday","06:11 am","060","Cross Road","Straight road","Slope","Not Applicable","Sealed","Dry","Not Raining","Night","Right Turn","01","Driver Rider","1: PDO","Traffic Signals","","",1330375.07,1679310.36,"13303751679310"
"2019-4845-27/05/2021","2 Metropolitan","CROMER","5235","THE ADELAIDE HILLS COUNCIL",2,0,0,0,0,2019,"May","Thursday","03:45 pm","100","Cross Road","Straight road","Level","Not Applicable","Sealed","Dry","Not Raining","Daylight","Right Angle","02","Driver Rider","1: PDO","Give Way Sign","","",1361394.91,1684498.8,"13613951684499"
"2019-4846-27/05/2021","3 Country","MOUNT GAMBIER","5290","CC MT.GAMBIER.                ",1,1,0,1,0,2019,"May","Thursday","03:30 pm","050","Not Divided","Straight road","Level","Not Applicable","Sealed","Dry","Not Raining","Daylight","Roll Over","01","Driver Rider","3: SI","No Control","","",1509491.69,1340318.73,"15094921340319"
"2019-4847-27/05/2021","2 Metropolitan","HAPPY VALLEY","5159","CITY OF ONKAPARINGA",2,1,0,0,1,2019,"May","Friday","07:20 am","060","T-Junction","Straight road","Level","Not Applicable","Sealed","Dry","Not Raining","Daylight","Right Angle","01","Driver Rider","2: MI","Stop Sign","","",1326281.49,1653501.44,"13262811653501"
"2019-4848-27/05/2021","2 Metropolitan","OAKLANDS PARK","5046","CC MARION.                    ",2,0,0,0,0,2019,"May","Thursday","08:35 am","050","Not Divided","Straight road","Level","Not Applicable","Sealed","Dry","Not Raining","Daylight","Hit Parked Vehicle","01","Driver Rider","1: PDO","No Control","","",1323388.46,1661779.43,"13233881661779"
"2019-4849-27/05/2021","3 Country","MIDDLEBACK RANGE","5609","CC WHYALLA.                   ",2,2,0,2,0,2019,"May","Friday","06:03 am","110","Not Divided","Straight road","Level","Not Applicable","Sealed","Dry","Not Raining","Night","Head On","01","Driver Rider","3: SI","No Control","","",1218922.74,1876486.83,"12189231876487"
"2019-4850-27/05/2021","2 Metropolitan","GILLMAN","5013","CITY OF PORT ADELAIDE ENFIELD",2,1,0,0,1,2019,"May","Friday","07:50 am","060","Not Divided","Straight road","Level","Not Applicable","Sealed","Dry","Not Raining","Daylight","Side Swipe","01","Driver Rider","2: MI","No Control","","",1322024.85,1680429.91,"13220251680430"
"2019-4851-27/05/2021","2 Metropolitan","CLOVELLY PARK","5042","CC MARION.                    ",2,0,0,0,0,2019,"May","Friday","08:35 am","060","T-Junction","Straight road","Level","Not Applicable","Sealed","Dry","Not Raining","Daylight","Right Angle","01","Driver Rider","1: PDO","No Control","","",1325460.63,1663302.73,"13254611663303"
"2019-4852-27/05/2021","2 Metropolitan","CUMBERLAND PARK","5041","CC MITCHAM.                   ",2,1,0,0,1,2019,"May","Thursday","01:05 pm","060","T-Junction","Straight road","Level","Not Applicable","Sealed","Dry","Not Raining","Daylight","Side Swipe","02","Driver Rider","2: MI","No Control","","",1327365.28,1666195.35,"13273651666195"
"2019-4853-27/05/2021","2 Metropolitan","MILLBROOK","5231","THE ADELAIDE HILLS COUNCIL",2,0,0,0,0,2019,"May","Thursday","07:30 am","080","T-Junction","CURVED, VIEW OPEN","Level","Not Applicable","Sealed","Dry","Not Raining","Daylight","Hit Object on Road","01","Driver Rider","1: PDO","Give Way Sign","","",1349824.62,1681247.67,"13498251681248"
"2019-4854-27/05/2021","2 Metropolitan","WEST LAKES SHORE","5020","CITY OF CHARLES STURT",2,1,0,0,1,2019,"May","Friday","08:30 am","060","T-Junction","Straight road","Level","Not Applicable","Sealed","Dry","Not Raining","Daylight","Side Swipe","01","Driver Rider","2: MI","No Control","","",1318089.25,1676625.94,"13180891676626"
"2019-4855-27/05/2021","2 Metropolitan","UNDERDALE","5032","CITY OF WEST TORRENS",3,0,0,0,0,2019,"May","Friday","08:25 am","060","T-Junction","Straight road","Level","Not Applicable","Sealed","Dry","Not Raining","Daylight","Right Turn","01","Driver Rider","1: PDO","Traffic Signals","","",1323829.19,1671602.14,"13238291671602"
"2019-4856-27/05/2021","2 Metropolitan","HILLBANK","5112","CITY OF PLAYFORD.",2,0,0,0,0,2019,"May","Friday","10:08 am","080","Cross Road","Straight road","Level","Not Applicable","Sealed","Dry","Not Raining","Daylight","Rear End","01","Driver Rider","1: PDO","Traffic Signals","","",1336127.25,1690847.05,"13361271690847"
"2019-4857-27/05/2021","2 Metropolitan","OVINGHAM","5082","CITY OF CHARLES STURT",2,0,0,0,0,2019,"May","Thursday","06:30 pm","060","Cross Road","Straight road","Level","Not Applicable","Sealed","Dry","Not Raining","Night","Rear End","01","Driver Rider","1: PDO","Traffic Signals","","",1327131.58,1673269.49,"13271321673269"
"2019-4858-27/05/2021","2 Metropolitan","GREENACRES","5086","CITY OF PORT ADELAIDE ENFIELD",2,0,0,0,0,2019,"May","Friday","09:45 am","050","T-Junction","Straight road","Level","Not Applicable","Sealed","Dry","Not Raining","Daylight","Side Swipe","01","Driver Rider","1: PDO","No Control","","",1332071.63,1677281.87,"13320721677282"
"2019-4859-27/05/2021","2 Metropolitan","THEBARTON","5031","CITY OF WEST TORRENS",2,0,0,0,0,2019,"May","Thursday","06:30 pm","060","Divided Road","Straight road","Level","Not Applicable","Sealed","Dry","Not Raining","Night","Rear End","02","Driver Rider","1: PDO","No Control","","",1326466.78,1672535.4,"13264671672535"
"2019-4860-27/05/2021","2 Metropolitan","SHEIDOW PARK","5158","CC MARION.                    ",2,0,0,0,0,2019,"May","Thursday","06:40 pm","050","T-Junction","Straight road","Level","Not Applicable","Sealed","Dry","Not Raining","Night","Right Angle","01","Driver Rider","1: PDO","Give Way Sign","","",1321273.24,1653827.38,"13212731653827"
"2019-4861-27/05/2021","2 Metropolitan","WOODVILLE SOUTH","5011","CITY OF CHARLES STURT",2,1,0,0,1,2019,"May","Friday","11:20 am","060","Divided Road","Straight road","Level","Driveway or Entrance","Sealed","Dry","Not Raining","Daylight","Right Angle","01","Driver Rider","2: MI","No Control","","",1322601.08,1675943.51,"13226011675944"
"2019-4862-27/05/2021","2 Metropolitan","GREEN FIELDS","5107","CITY OF SALISBURY",2,1,0,0,1,2019,"May","Thursday","10:00 am","090","T-Junction","Straight road","Level","Not Applicable","Sealed","Dry","Not Raining","Daylight","Rear End","02","Driver Rider","2: MI","Traffic Signals","","",1328656.28,1685901.86,"13286561685902"
"2019-4863-27/05/2021","2 Metropolitan","ROSTREVOR","5073","CC CAMPBELLTOWN.              ",2,2,0,0,2,2019,"May","Thursday","10:50 am","060","T-Junction","Straight road","Level","Not Applicable","Sealed","Dry","Not Raining","Daylight","Right Angle","02","Driver Rider","2: MI","No Control","","",1335431.99,1673762.38,"13354321673762"
"2019-4864-27/05/2021","2 Metropolitan","GEPPS CROSS","5094","CITY OF PORT ADELAIDE ENFIELD",2,1,0,0,1,2019,"May","Thursday","05:23 pm","070","T-Junction","Straight road","Level","Not Applicable","Sealed","Dry","Not Raining","Night","Rear End","02","Driver Rider","2: MI","Traffic Signals","","",1329435.85,1680216.96,"13294361680217"
"2019-4865-27/05/2021","2 Metropolitan","TRANMERE","5073","CC CAMPBELLTOWN.              ",2,0,0,0,0,2019,"May","Friday","12:00 pm","050","Not Divided","Straight road","Slope","Not Applicable","Sealed","Dry","Not Raining","Daylight","Hit Fixed Object","01","Driver Rider","1: PDO","No Control","","",1334264.62,1672373.84,"13342651672374"
"2019-4866-27/05/2021","2 Metropolitan","PASADENA","5042","CC MITCHAM.                   ",2,1,0,0,1,2019,"May","Friday","07:55 am","060","T-Junction","Straight road","Slope","Not Applicable","Sealed","Dry","Not Raining","Daylight","Right Turn","01","Driver Rider","2: MI","Give Way Sign","","",1327593.23,1663023.71,"13275931663024"
"2019-4867-27/05/2021","2 Metropolitan","GILBERTON","5081","WALKERVILLE TOWN COUNCIL",3,0,0,0,0,2019,"May","Thursday","05:45 pm","060","Divided Road","Straight road","Level","Not Applicable","Sealed","Dry","Not Raining","Night","Rear End","01","Driver Rider","1: PDO","No Control","","",1329595.91,1673107.64,"13295961673108"
"2019-4868-27/05/2021","2 Metropolitan","VALE PARK","5081","WALKERVILLE TOWN COUNCIL",2,1,0,0,1,2019,"May","Friday","03:24 pm","060","Cross Road","Straight road","Level","Not Applicable","Sealed","Dry","Not Raining","Daylight","Right Angle","02","Driver Rider","2: MI","Traffic Signals","","",1331192.88,1674745.74,"13311931674746"
"2019-4869-27/05/2021","2 Metropolitan","SALISBURY EAST","5109","CITY OF SALISBURY",2,1,0,0,1,2019,"May","Friday","02:50 pm","080","Cross Road","Straight road","Level","Not Applicable","Sealed","Dry","Not Raining","Daylight","Rear End","02","Driver Rider","2: MI","Traffic Signals","","",1333277.7,1685371.45,"13332781685371"
"2019-4870-27/05/2021","3 Country","FLAXMAN VALLEY","5235","THE BAROSSA COUNCIL.",2,2,0,0,2,2019,"May","Friday","02:39 pm","100","Not Divided","CURVED, VIEW OBSCURED","Level","Not Applicable","Sealed","Dry","Not Raining","Daylight","Hit Fixed Object","01","Driver Rider","2: MI","No Control","","",1368717.81,1706502.75,"13687181706503"
"2019-4871-27/05/2021","2 Metropolitan","GLANDORE","5037","CITY OF UNLEY",2,0,0,0,0,2019,"May","Wednesday","03:30 pm","060","Divided Road","Straight road","Level","Not Applicable","Sealed","Dry","Not Raining","Daylight","Side Swipe","01","Driver Rider","1: PDO","No Control","","",1325857.24,1667119.84,"13258571667120"
"2019-4872-27/05/2021","2 Metropolitan","REGENCY PARK","5010","CITY OF PORT ADELAIDE ENFIELD",2,0,0,0,0,2019,"May","Friday","09:30 am","060","Cross Road","Straight road","Level","Not Applicable","Sealed","Dry","Not Raining","Daylight","Rear End","01","Driver Rider","1: PDO","Traffic Signals","","",1326061.02,1676376.98,"13260611676377"
"2019-4873-27/05/2021","2 Metropolitan","PORT ADELAIDE","5015","CITY OF PORT ADELAIDE ENFIELD",2,1,0,0,1,2019,"May","Friday","02:30 pm","060","T-Junction","Straight road","Level","Not Applicable","Sealed","Dry","Not Raining","Daylight","Rear End","02","Driver Rider","2: MI","No Control","","",1320486.5,1678923.84,"13204871678924"
"2019-4874-27/05/2021","2 Metropolitan","TOORAK GARDENS","5065","CITY OF BURNSIDE",2,1,0,0,1,2019,"May","Friday","12:25 pm","060","T-Junction","Straight road","Level","Not Applicable","Sealed","Dry","Not Raining","Daylight","Side Swipe","02","Driver Rider","2: MI","No Control","","",1332280.75,1670292.54,"13322811670293"
"2019-4875-27/05/2021","2 Metropolitan","ELIZABETH SOUTH","5112","CITY OF PLAYFORD.",2,1,0,0,1,2019,"May","Friday","02:34 pm","060","T-Junction","Straight road","Level","Not Applicable","Sealed","Dry","Not Raining","Daylight","Right Angle","02","Driver Rider","2: MI","No Control","","Y",1335215.14,1692411.87,"13352151692412"
"2019-4876-27/05/2021","2 Metropolitan","MORPHETT VALE","5162","CITY OF ONKAPARINGA",2,0,0,0,0,2019,"May","Friday","04:45 pm","070","Cross Road","Straight road","Slope","Not Applicable","Sealed","Dry","Not Raining","Daylight","Rear End","01","Driver Rider","1: PDO","Traffic Signals","","",1319739.6,1650989.54,"13197401650990"
"2019-4877-27/05/2021","2 Metropolitan","DULWICH","5065","CITY OF BURNSIDE",2,0,0,0,0,2019,"May","Wednesday","08:45 am","060","T-Junction","Straight road","Level","Not Applicable","Sealed","Dry","Not Raining","Daylight","Right Angle","02","Driver Rider","1: PDO","No Control","","",1330656.29,1669532.66,"13306561669533"
"2019-4878-27/05/2021","3 Country","MOUNT GAMBIER","5290","CC MT.GAMBIER.                ",2,0,0,0,0,2019,"May","Friday","04:37 pm","050","T-Junction","Straight road","Level","Not Applicable","Sealed","Dry","Not Raining","Daylight","Right Turn","01","Driver Rider","1: PDO","No Control","","",1508718.22,1341831.76,"15087181341832"
"2019-4879-27/05/2021","2 Metropolitan","POORAKA","5095","CITY OF SALISBURY",2,0,0,0,0,2019,"May","Friday","05:45 pm","050","Not Divided","Straight road","Level","Driveway or Entrance","Sealed","Dry","Not Raining","Night","Hit Pedestrian","02","Pedestrian","1: PDO","No Control","","",1330749.71,1681985.08,"13307501681985"
"2019-4880-27/05/2021","2 Metropolitan","PORT ADELAIDE","5015","CITY OF PORT ADELAIDE ENFIELD",1,1,0,0,1,2019,"May","Friday","05:30 pm","050","Not Divided","Straight road","Level","Not Applicable","Sealed","Dry","Not Raining","Night","Roll Over","01","Driver Rider","2: MI","No Control","","",1320937.31,1681176.88,"13209371681177"
"2019-4881-27/05/2021","2 Metropolitan","WINGFIELD","5013","CITY OF PORT ADELAIDE ENFIELD",4,1,0,0,1,2019,"May","Friday","02:40 pm","060","Divided Road","Straight road","Level","Not Applicable","Sealed","Dry","Not Raining","Daylight","Rear End","01","Driver Rider","2: MI","No Control","","",1323981.66,1679154.33,"13239821679154"
"2019-4882-27/05/2021","2 Metropolitan","POORAKA","5095","CITY OF SALISBURY",2,0,0,0,0,2019,"May","Friday","05:20 pm","080","T-Junction","Straight road","Level","Not Applicable","Sealed","Dry","Not Raining","Night","Right Angle","02","Driver Rider","1: PDO","Stop Sign","","",1331536.65,1683142.51,"13315371683143"
"2019-4883-27/05/2021","1 City","ADELAIDE","5000","CITY OF ADELAIDE",2,0,0,0,0,2019,"May","Friday","06:31 pm","050","T-Junction","Straight road","Slope","Not Applicable","Sealed","Dry","Not Raining","Night","Rear End","01","Driver Rider","1: PDO","No Control","","",1328346.8,1671131.3,"13283471671131"
"2019-4884-27/05/2021","2 Metropolitan","GEPPS CROSS","5094","CITY OF PORT ADELAIDE ENFIELD",2,1,0,0,1,2019,"May","Friday","05:58 pm","060","Divided Road","Straight road","Slope","Not Applicable","Sealed","Dry","Not Raining","Night","Side Swipe","02","Driver Rider","2: MI","No Control","","",1329055.14,1679671.72,"13290551679672"
"2019-4885-27/05/2021","2 Metropolitan","ASHFORD","5035","CITY OF WEST TORRENS",2,1,0,0,1,2019,"May","Friday","06:18 pm","060","T-Junction","Straight road","Level","Not Applicable","Sealed","Dry","Not Raining","Night","Right Angle","01","Driver Rider","2: MI","No Control","","",1326385.5,1668265.44,"13263861668265"
"2019-4886-27/05/2021","2 Metropolitan","MAYLANDS","5069","CC OF NORWOOD,PAYNEHAM & ST PETERS",4,2,0,0,2,2019,"May","Friday","09:05 pm","060","Cross Road","Straight road","Level","Not Applicable","Sealed","Dry","Not Raining","Night","Right Angle","01","Driver Rider","2: MI","Traffic Signals","","",1332227.63,1671761.35,"13322281671761"
"2019-4887-27/05/2021","2 Metropolitan","MORPHETT VALE","5162","CITY OF ONKAPARINGA",2,0,0,0,0,2019,"May","Friday","08:15 pm","060","Divided Road","Straight road","Slope","Median Opening (not at I/S)","Sealed","Dry","Not Raining","Night","Hit Fixed Object","01","Driver Rider","1: PDO","No Control","Y","",1321953.16,1649133.18,"13219531649133"
"2019-4888-27/05/2021","2 Metropolitan","QUEENSTOWN","5014","CITY OF PORT ADELAIDE ENFIELD",2,0,0,0,0,2019,"May","Friday","05:16 pm","050","Not Divided","Straight road","Level","Not Applicable","Sealed","Dry","Not Raining","Daylight","Hit Parked Vehicle","01","Driver Rider","1: PDO","No Control","","",1320568.16,1677998.71,"13205681677999"
"2019-4889-27/05/2021","2 Metropolitan","NORWOOD","5067","CC OF NORWOOD,PAYNEHAM & ST PETERS",2,1,0,0,1,2019,"May","Friday","09:10 pm","060","Cross Road","Straight road","Slope","Not Applicable","Sealed","Dry","Not Raining","Night","Hit Pedestrian","01","Driver Rider","2: MI","Stop Sign","Y","",1331874.28,1670398.69,"13318741670399"
"2019-4890-27/05/2021","3 Country","HINDMARSH VALLEY","5211","DC VICTOR HARBOR.             ",2,1,0,1,0,2019,"May","Saturday","12:45 am","100","Not Divided","CURVED, VIEW OBSCURED","Slope","Not Applicable","Sealed","Dry","Not Raining","Night","Hit Fixed Object","01","Driver Rider","3: SI","No Control","","",1330258.16,1610407.53,"13302581610408"
"2019-4891-27/05/2021","3 Country","CRYSTAL BROOK","5523","PT.PIRIE CITY & DIST. COUNCIL ",3,1,0,0,1,2019,"May","Saturday","07:35 am","100","Not Divided","CURVED, VIEW OPEN","Slope","Not Applicable","Sealed","Dry","Not Raining","Daylight","Roll Over","01","Driver Rider","2: MI","No Control","","",1300009.49,1845890.4,"13000091845890"
"2019-4892-27/05/2021","2 Metropolitan","UNLEY","5061","CITY OF UNLEY",2,0,0,0,0,2019,"May","Saturday","12:05 am","040","Not Divided","Straight road","Level","Not Applicable","Sealed","Dry","Not Raining","Night","Hit Parked Vehicle","01","Driver Rider","1: PDO","No Control","","",1328814.03,1667934.71,"13288141667935"
"2019-4893-27/05/2021","2 Metropolitan","ST PETERS","5069","CC OF NORWOOD,PAYNEHAM & ST PETERS",2,0,0,0,0,2019,"May","Saturday","09:34 am","060","Divided Road","Straight road","Slope","Not Applicable","Sealed","Dry","Not Raining","Daylight","Rear End","02","Driver Rider","1: PDO","No Control","","",1330843.9,1672040.57,"13308441672041"
"2019-4894-27/05/2021","2 Metropolitan","BRIGHTON","5048","CITY OF HOLDFAST BAY",2,0,0,0,0,2019,"May","Saturday","09:25 am","060","T-Junction","Straight road","Level","Not Applicable","Sealed","Dry","Not Raining","Daylight","Right Angle","02","Driver Rider","1: PDO","No Control","","",1321321.98,1660556.03,"13213221660556"
"2019-4895-27/05/2021","1 City","ADELAIDE","5000","CITY OF ADELAIDE",2,1,0,0,1,2019,"May","Friday","05:40 pm","060","Cross Road","Straight road","Level","Not Applicable","Sealed","Dry","Not Raining","Night","Right Turn","02","Driver Rider","2: MI","Traffic Signals","","",1327363.85,1670321.47,"13273641670321"
"2019-4896-27/05/2021","2 Metropolitan","PARKSIDE","5063","CITY OF UNLEY",2,1,0,1,0,2019,"May","Thursday","07:45 am","060","Not Divided","Straight road","Level","Not Applicable","Sealed","Dry","Not Raining","Daylight","Rear End","01","Driver Rider","3: SI","No Control","","",1330295.08,1668646.81,"13302951668647"
"2019-4897-27/05/2021","2 Metropolitan","WATERLOO CORNER","5110","CITY OF SALISBURY",2,0,0,0,0,2019,"May","Saturday","08:40 am","070","T-Junction","Straight road","Level","Not Applicable","Sealed","Dry","Not Raining","Daylight","Side Swipe","02","Driver Rider","1: PDO","Roundabout","","",1328258.79,1692163.2,"13282591692163"
"2019-4898-27/05/2021","2 Metropolitan","MELROSE PARK","5039","CC MITCHAM.                   ",2,0,0,0,0,2019,"May","Saturday","11:10 am","060","Cross Road","Straight road","Level","Not Applicable","Sealed","Dry","Not Raining","Daylight","Right Turn","02","Driver Rider","1: PDO","Traffic Signals","","",1325912.09,1664949,"13259121664949"
"2019-4899-27/05/2021","3 Country","NARACOORTE","5271","DC NARACOORTE & LUCINDALE.",2,0,0,0,0,2019,"May","Saturday","01:58 pm","060","Cross Road","Straight road","Level","Not Applicable","Sealed","Dry","Not Raining","Daylight","Hit Fixed Object","09","Other","1: PDO","Give Way Sign","","",1511598.49,1436175.67,"15115981436176"
"2019-4900-27/05/2021","2 Metropolitan","INGLE FARM","5098","CITY OF SALISBURY",2,0,0,0,0,2019,"May","Saturday","12:45 pm","050","Not Divided","Straight road","Level","Not Applicable","Sealed","Dry","Not Raining","Daylight","Hit Fixed Object","01","Driver Rider","1: PDO","No Control","","",1334058.7,1681919.36,"13340591681919"
"2019-4901-27/05/2021","3 Country","TUMBY BAY","5605","DC TUMBY BAY.                 ",2,2,1,1,0,2019,"May","Saturday","04:30 am","100","Not Divided","CURVED, VIEW OPEN","Level","Not Applicable","Sealed","Dry","Not Raining","Night","Hit Fixed Object","01","Driver Rider","4: Fatal","No Control","","",1099113.08,1737086.42,"10991131737086"
"2019-4902-27/05/2021","3 Country","MOUNT GAMBIER","5290","CC MT.GAMBIER.                ",2,2,0,0,2,2019,"May","Saturday","01:20 pm","050","Cross Road","Straight road","Bottom of Hill","Not Applicable","Sealed","Dry","Not Raining","Daylight","Right Angle","02","Driver Rider","2: MI","Give Way Sign","","",1509354.79,1341526.67,"15093551341527"
"2019-4903-27/05/2021","1 City","ADELAIDE","5000","CITY OF ADELAIDE",2,0,0,0,0,2019,"May","Thursday","05:46 pm","050","Cross Road","Straight road","Level","Not Applicable","Sealed","Dry","Not Raining","Night","Right Turn","01","Driver Rider","1: PDO","Traffic Signals","","",1328463.96,1670516.22,"13284641670516"
"2019-4904-27/05/2021","2 Metropolitan","SMITHFIELD","5114","CITY OF PLAYFORD.",3,0,0,0,0,2019,"May","Friday","04:15 pm","080","Divided Road","Straight road","Level","Not Applicable","Sealed","Dry","Not Raining","Daylight","Rear End","01","Driver Rider","1: PDO","No Control","","",1337780.65,1696952.53,"13377811696953"
"2019-4905-27/05/2021","2 Metropolitan","GAWLER EAST","5118","CT GAWLER.                    ",1,0,0,0,0,2019,"May","Saturday","01:40 pm","080","T-Junction","CURVED, VIEW OPEN","Level","Not Applicable","Sealed","Dry","Not Raining","Daylight","Roll Over","01","Driver Rider","1: PDO","Give Way Sign","","",1345776.04,1706540.78,"13457761706541"
"2019-4906-27/05/2021","2 Metropolitan","MODBURY NORTH","5092","CITY OF TEA TREE GULLY",2,0,0,0,0,2019,"May","Saturday","03:20 pm","060","T-Junction","Straight road","Slope","Not Applicable","Sealed","Dry","Not Raining","Daylight","Hit Fixed Object","01","Driver Rider","1: PDO","No Control","","",1335452.79,1682330.71,"13354531682331"
"2019-4907-27/05/2021","2 Metropolitan","HOLDEN HILL","5088","CITY OF PORT ADELAIDE ENFIELD",3,0,0,0,0,2019,"May","Saturday","03:26 pm","060","Cross Road","Straight road","Level","Not Applicable","Sealed","Dry","Not Raining","Daylight","Side Swipe","02","Driver Rider","1: PDO","Traffic Signals","","",1333815.87,1678085.87,"13338161678086"
"2019-4908-27/05/2021","2 Metropolitan","HAWTHORNDENE","5051","CC MITCHAM.                   ",2,0,0,0,0,2019,"May","Friday","06:30 pm","060","T-Junction","CURVED, VIEW OPEN","Slope","Not Applicable","Sealed","Dry","Not Raining","Night","Right Angle","01","Driver Rider","1: PDO","Stop Sign","","",1330046.87,1659778.23,"13300471659778"
"2019-4909-27/05/2021","2 Metropolitan","MUNNO PARA","5115","CITY OF PLAYFORD.",2,1,0,0,1,2019,"May","Friday","09:30 pm","050","T-Junction","Straight road","Level","Not Applicable","Sealed","Dry","Not Raining","Night","Right Turn","02","Driver Rider","2: MI","No Control","","",1338079.83,1698072.97,"13380801698073"
"2019-4910-27/05/2021","2 Metropolitan","NORTHFIELD","5085","CITY OF PORT ADELAIDE ENFIELD",2,1,0,1,0,2019,"May","Saturday","03:45 pm","060","T-Junction","Straight road","Crest of Hill","Not Applicable","Sealed","Dry","Not Raining","Daylight","Rear End","02","Driver Rider","3: SI","No Control","","",1330859.68,1680068.64,"13308601680069"
"2019-4911-27/05/2021","2 Metropolitan","PLYMPTON","5038","CITY OF WEST TORRENS",2,1,0,0,1,2019,"May","Saturday","04:00 pm","060","T-Junction","Straight road","Level","Not Applicable","Sealed","Dry","Not Raining","Daylight","Side Swipe","01","Driver Rider","2: MI","No Control","","",1323649.56,1666086.57,"13236501666087"
"2019-4912-27/05/2021","3 Country","MIDGEE","5602","DC FRANKLIN HARBOR.           ",1,1,0,1,0,2019,"May","Friday","10:34 pm","110","Not Divided","Straight road","Level","Not Applicable","Sealed","Dry","Not Raining","Night","Left Road - Out of Control","01","Driver Rider","3: SI","No Control","Y","",1191452.99,1847759.05,"11914531847759"
"2019-4913-27/05/2021","2 Metropolitan","HILLIER","5116","CITY OF PLAYFORD.",2,1,0,1,0,2019,"May","Thursday","07:45 pm","110","Freeway","Straight road","Level","Not Applicable","Sealed","Dry","Not Raining","Night","Hit Object on Road","01","Driver Rider","3: SI","No Control","","",1336185.97,1703099.67,"13361861703100"
"2019-4914-27/05/2021","2 Metropolitan","PARAFIELD GARDENS","5107","CITY OF SALISBURY",2,0,0,0,0,2019,"May","Saturday","11:30 pm","050","Not Divided","Straight road","Level","Not Applicable","Sealed","Dry","Not Raining","Night","Hit Parked Vehicle","01","Driver Rider","1: PDO","No Control","","",1330339.27,1684764.79,"13303391684765"
"2019-4915-27/05/2021","2 Metropolitan","CHANDLERS HILL","5159","CITY OF ONKAPARINGA",1,0,0,0,0,2019,"May","Sunday","03:00 am","070","Not Divided","CURVED, VIEW OBSCURED","Level","Not Applicable","Sealed","Dry","Not Raining","Night","Roll Over","01","Driver Rider","1: PDO","No Control","","",1329362.95,1652635.12,"13293631652635"
"2019-4916-27/05/2021","2 Metropolitan","ELIZABETH DOWNS","5113","CITY OF PLAYFORD.",4,1,0,1,0,2019,"May","Sunday","02:50 am","050","Not Divided","Straight road","Level","Not Applicable","Sealed","Dry","Not Raining","Night","Hit Parked Vehicle","01","Driver Rider","3: SI","No Control","","Y",1337435.05,1694712.99,"13374351694713"
"2019-4917-27/05/2021","2 Metropolitan","SOUTH PLYMPTON","5038","CC MARION.                    ",2,1,0,0,1,2019,"May","Saturday","11:45 am","060","Cross Road","Straight road","Level","Not Applicable","Sealed","Dry","Not Raining","Daylight","Rear End","02","Driver Rider","2: MI","Traffic Signals","","",1324280.88,1665110.12,"13242811665110"
"2019-4918-27/05/2021","3 Country","WHYALLA NORRIE","5608","CC WHYALLA.                   ",2,0,0,0,0,2019,"May","Sunday","08:15 am","050","Not Divided","Straight road","Level","Driveway or Entrance","Sealed","Dry","Not Raining","Daylight","Right Angle","01","Driver Rider","1: PDO","No Control","","",1237396.84,1882844.55,"12373971882845"
"2019-4919-27/05/2021","3 Country","KOOTABERRA","5713",,2,0,0,0,0,2019,"May","Saturday","10:00 am","110","Not Divided","Straight road","Level","Driveway or Entrance","Sealed","Dry","Not Raining","Daylight","Rear End","02","Driver Rider","1: PDO","No Control","","",1233339.58,1978092.13,"12333401978092"
"2019-4920-27/05/2021","2 Metropolitan","SEACLIFF","5049","CITY OF HOLDFAST BAY",2,0,0,0,0,2019,"May","Saturday","12:15 pm","060","Divided Road","Straight road","Slope","Not Applicable","Sealed","Dry","Not Raining","Daylight","Rear End","02","Driver Rider","1: PDO","No Control","","",1321199.11,1658844.91,"13211991658845"
"2019-4921-27/05/2021","2 Metropolitan","WINGFIELD","5013","CITY OF PORT ADELAIDE ENFIELD",2,0,0,0,0,2019,"May","Sunday","10:30 am","090","Freeway","Straight road","Level","Not Applicable","Sealed","Wet","Raining","Daylight","Hit Fixed Object","01","Driver Rider","1: PDO","No Control","","",1323903.22,1681026.93,"13239031681027"