"REPORT_ID","Stats Area","Suburb","Postcode","LGA Name","Total Units","Total Cas","Total Fats","Total SI","Total MI","Year","Month","Day","Time","Area Speed","Position Type","Horizontal Align","Vertical Align","Other Feat","Road Surface","Moisture Cond","Weather Cond","DayNight","Crash Type","Unit Resp","Entity Code","CSEF Severity","Traffic Ctrls","DUI Involved","Drugs Involved","ACCLOC_X","ACCLOC_Y","UNIQUE_LOC"
"2019-5166-27/05/2021","2 Metropolitan","KINGSWOOD","5062","CC MITCHAM.                   ",2,0,0,0,0,2019,"May","Saturday","02:10 pm","060","Cross Road","Straight road","Level","Not Applicable","Sealed","Wet","Raining","Daylight","Right Angle","02","Driver Rider","1: PDO","Traffic Signals","","",1329135.99,1666253.56,"13291361666254"
"2019-5167-27/05/2021","2 Metropolitan","SOUTH PLYMPTON","5038","CC MARION.                    ",3,0,0,0,0,2019,"May","Saturday","02:30 pm","060","Cross Road","Straight road","Level","Not Applicable","Sealed","Wet","Not Raining","Daylight","Rear End","02","Driver Rider","1: PDO","Traffic Signals","","",1324237.94,1666104.08,"13242381666104"
"2019-5168-27/05/2021","2 Metropolitan","SMITHFIELD","5114","CITY OF PLAYFORD.",3,1,0,0,1,2019,"May","Saturday","01:45 pm","080","Divided Road","Straight road","Level","Not Applicable","Sealed","Dry","Not Raining","Daylight","Rear End","01","Driver Rider","2: MI","No Control","","",1337436.86,1696344.31,"13374371696344"
"2019-5169-27/05/2021","1 City","ADELAIDE","5000","CITY OF ADELAIDE",2,1,0,0,1,2019,"May","Saturday","04:10 pm","050","Divided Road","Straight road","Level","Not Applicable","Sealed","Wet","Raining","Daylight","Hit Parked Vehicle","01","Driver Rider","2: MI","No Control","","",1327650.25,1670807.08,"13276501670807"
"2019-5170-27/05/2021","2 Metropolitan","KESWICK","5035","CITY OF WEST TORRENS",2,0,0,0,0,2019,"May","Saturday","05:35 pm","050","Not Divided","Straight road","Level","Not Applicable","Sealed","Wet","Not Raining","Night","Right Turn","02","Driver Rider","1: PDO","No Control","","",1326189.46,1668490.18,"13261891668490"
"2019-5171-27/05/2021","2 Metropolitan","GEPPS CROSS","5094","CITY OF PORT ADELAIDE ENFIELD",2,2,0,0,2,2019,"May","Saturday","06:02 pm","060","Cross Road","CURVED, VIEW OPEN","Level","Not Applicable","Sealed","Wet","Raining","Night","Right Turn","02","Driver Rider","2: MI","Traffic Signals","","",1330377.17,1679315.41,"13303771679315"
"2019-5172-27/05/2021","3 Country","MOUNT GAMBIER","5290","CC MT.GAMBIER.                ",2,0,0,0,0,2019,"May","Saturday","06:49 pm","050","Not Divided","Straight road","Level","Not Applicable","Sealed","Wet","Not Raining","Night","Hit Parked Vehicle","02","Driver Rider","1: PDO","No Control","","",1508841.6,1341774.65,"15088421341775"
"2019-5173-27/05/2021","2 Metropolitan","HALLETT COVE","5158","CC MARION.                    ",2,1,0,1,0,2019,"May","Saturday","07:55 pm","080","T-Junction","Straight road","Level","Not Applicable","Sealed","Wet","Not Raining","Night","Right Turn","02","Driver Rider","3: SI","No Control","","",1321385.64,1654936.41,"13213861654936"
"2019-5174-27/05/2021","2 Metropolitan","ELIZABETH VALE","5112","CITY OF PLAYFORD.",3,0,0,0,0,2019,"May","Saturday","07:20 pm","060","Cross Road","Straight road","Level","Not Applicable","Sealed","Wet","Raining","Night","Hit Fixed Object","01","Driver Rider","1: PDO","Roundabout","","",1334450.22,1689811.49,"13344501689811"
"2019-5175-27/05/2021","2 Metropolitan","OTTOWAY","5013","CITY OF PORT ADELAIDE ENFIELD",2,0,0,0,0,2019,"May","Saturday","07:20 pm","060","Cross Road","Straight road","Level","Not Applicable","Sealed","Wet","Raining","Night","Right Angle","01","Driver Rider","1: PDO","Stop Sign","","",1322882.11,1679348.41,"13228821679348"
"2019-5176-27/05/2021","2 Metropolitan","OLD REYNELLA","5161","CITY OF ONKAPARINGA",2,1,0,0,1,2019,"May","Sunday","12:50 am","050","Not Divided","Straight road","Level","Not Applicable","Sealed","Dry","Not Raining","Night","Hit Fixed Object","01","Driver Rider","2: MI","No Control","Y","",1322449.62,1652451.62,"13224501652452"
"2019-5177-27/05/2021","2 Metropolitan","ENFIELD","5085","CITY OF PORT ADELAIDE ENFIELD",2,0,0,0,0,2019,"May","Sunday","10:15 am","060","Divided Road","Straight road","Level","Not Applicable","Sealed","Wet","Raining","Daylight","Side Swipe","01","Driver Rider","1: PDO","No Control","","",1328818.25,1678725.04,"13288181678725"
"2019-5178-27/05/2021","3 Country","PORT AUGUSTA","5700","CC PT.AUGUSTA.                ",3,0,0,0,0,2019,"May","Sunday","10:00 am","050","Not Divided","Straight road","Slope","Not Applicable","Sealed","Dry","Not Raining","Daylight","Side Swipe","02","Driver Rider","1: PDO","No Control","","",1260781.91,1940254.87,"12607821940255"
"2019-5179-27/05/2021","2 Metropolitan","WINGFIELD","5013","CITY OF PORT ADELAIDE ENFIELD",2,3,0,0,3,2019,"May","Sunday","11:15 am","060","Divided Road","Straight road","Level","Not Applicable","Sealed","Wet","Not Raining","Daylight","Rear End","01","Driver Rider","2: MI","No Control","","",1324240.59,1679161.08,"13242411679161"
"2019-5180-27/05/2021","2 Metropolitan","PARACOMBE","5132","THE ADELAIDE HILLS COUNCIL",2,2,0,0,2,2019,"May","Sunday","01:10 am","080","Not Divided","CURVED, VIEW OPEN","Slope","Not Applicable","Sealed","Wet","Not Raining","Night","Hit Fixed Object","01","Driver Rider","2: MI","No Control","","",1342838.15,1679362.85,"13428381679363"
"2019-5181-27/05/2021","2 Metropolitan","BELAIR","5052","CC MITCHAM.                   ",2,0,0,0,0,2019,"May","Sunday","11:40 am","060","Not Divided","CURVED, VIEW OPEN","Crest of Hill","Not Applicable","Sealed","Wet","Raining","Daylight","Hit Fixed Object","01","Driver Rider","1: PDO","No Control","","",1332680.9,1660407.88,"13326811660408"
"2019-5182-27/05/2021","1 City","ADELAIDE","5000","CITY OF ADELAIDE",2,0,0,0,0,2019,"May","Saturday","05:30 pm","050","Cross Road","Straight road","Level","Not Applicable","Sealed","Dry","Not Raining","Night","Rear End","02","Driver Rider","1: PDO","Traffic Signals","","",1329020.91,1670834.63,"13290211670835"
"2019-5183-27/05/2021","2 Metropolitan","MODBURY NORTH","5092","CITY OF TEA TREE GULLY",2,1,0,0,1,2019,"May","Sunday","12:10 pm","060","Cross Road","Straight road","Level","Not Applicable","Sealed","Wet","Not Raining","Daylight","Right Turn","02","Driver Rider","2: MI","Traffic Signals","","",1336150.87,1681195.09,"13361511681195"
"2019-5184-27/05/2021","2 Metropolitan","FULHAM GARDENS","5024","CITY OF CHARLES STURT",3,0,0,0,0,2019,"May","Sunday","01:15 pm","050","Not Divided","Straight road","Level","Not Applicable","Sealed","Wet","Not Raining","Daylight","Hit Fixed Object","01","Driver Rider","1: PDO","No Control","","",1320911.6,1672355.17,"13209121672355"
"2019-5185-27/05/2021","2 Metropolitan","LOWER HERMITAGE","5131","THE ADELAIDE HILLS COUNCIL",2,0,0,0,0,2019,"May","Sunday","01:04 pm","080","Not Divided","CURVED, VIEW OBSCURED","Slope","Not Applicable","Sealed","Wet","Raining","Daylight","Hit Fixed Object","01","Driver Rider","1: PDO","No Control","","",1346204.74,1686546.17,"13462051686546"
"2019-5186-27/05/2021","2 Metropolitan","SURREY DOWNS","5126","CITY OF TEA TREE GULLY",2,0,0,0,0,2019,"May","Sunday","01:30 pm","050","Not Divided","Straight road","Slope","Not Applicable","Sealed","Wet","Raining","Daylight","Hit Parked Vehicle","01","Driver Rider","1: PDO","No Control","","",1339035.12,1683992.03,"13390351683992"
"2019-5187-27/05/2021","2 Metropolitan","WINGFIELD","5013","CITY OF PORT ADELAIDE ENFIELD",2,0,0,0,0,2019,"May","Sunday","03:15 pm","040","Divided Road","Straight road","Level","Roadworks","Sealed","Wet","Not Raining","Daylight","Rear End","02","Driver Rider","1: PDO","No Control","","",1325438.1,1680735.55,"13254381680736"
"2019-5188-27/05/2021","2 Metropolitan","PENFIELD","5121","CITY OF PLAYFORD.",2,0,0,0,0,2019,"May","Sunday","04:40 pm","080","Not Divided","Straight road","Level","Not Applicable","Sealed","Wet","Not Raining","Daylight","Hit Fixed Object","01","Driver Rider","1: PDO","No Control","","",1332945.3,1696637.35,"13329451696637"
"2019-5189-27/05/2021","2 Metropolitan","SALISBURY DOWNS","5108","CITY OF SALISBURY",2,0,0,0,0,2019,"May","Sunday","05:17 pm","060","Cross Road","Straight road","Level","Not Applicable","Sealed","Wet","Raining","Night","Right Angle","02","Driver Rider","1: PDO","Roundabout","","",1330533.89,1687541.31,"13305341687541"
"2019-5190-27/05/2021","2 Metropolitan","TAPEROO","5017","CITY OF PORT ADELAIDE ENFIELD",2,1,0,0,1,2019,"May","Sunday","05:35 pm","050","Cross Road","Straight road","Level","Not Applicable","Sealed","Wet","Raining","Night","Right Angle","02","Driver Rider","2: MI","Give Way Sign","","",1319623.64,1684787.06,"13196241684787"
"2019-5191-27/05/2021","1 City","ADELAIDE","5000","CITY OF ADELAIDE",2,1,0,0,1,2019,"May","Sunday","05:10 pm","050","Cross Road","Straight road","Level","Not Applicable","Sealed","Wet","Raining","Daylight","Right Angle","02","Driver Rider","2: MI","Traffic Signals","","",1329024.85,1670686.76,"13290251670687"
"2019-5192-27/05/2021","2 Metropolitan","NORWOOD","5067","CC OF NORWOOD,PAYNEHAM & ST PETERS",2,0,0,0,0,2019,"May","Sunday","06:00 pm","060","Cross Road","Straight road","Level","Not Applicable","Sealed","Wet","Raining","Night","Right Angle","01","Driver Rider","1: PDO","Stop Sign","","",1332073.07,1670405.35,"13320731670405"
"2019-5193-27/05/2021","2 Metropolitan","SALISBURY EAST","5109","CITY OF SALISBURY",2,2,0,0,2,2019,"May","Sunday","07:55 pm","080","T-Junction","Straight road","Level","Not Applicable","Sealed","Dry","Not Raining","Night","Right Turn","01","Driver Rider","2: MI","Traffic Signals","","",1336038.27,1686960.47,"13360381686960"
"2019-5194-27/05/2021","3 Country","FINNISS","5255","ALEXANDRINA COUNCIL",2,1,1,0,0,2019,"May","Sunday","03:55 pm","100","Not Divided","Straight road","Level","Not Applicable","Sealed","Wet","Raining","Daylight","Hit Fixed Object","01","Driver Rider","4: Fatal","No Control","","",1349135.49,1619314.72,"13491351619315"
"2019-5195-27/05/2021","3 Country","YAHL","5291","DISTRICT COUNCIL OF GRANT",2,1,1,0,0,2019,"May","Sunday","05:30 pm","110","Not Divided","CURVED, VIEW OPEN","Level","Not Applicable","Sealed","Unknown","Unknown","Night","Hit Fixed Object","01","Driver Rider","4: Fatal","No Control","","Y",1518775.93,1336210.3,"15187761336210"
"2019-5196-27/05/2021","2 Metropolitan","ROSEWATER","5013","CITY OF PORT ADELAIDE ENFIELD",3,0,0,0,0,2019,"May","Sunday","08:35 pm","050","Not Divided","Straight road","Level","Not Applicable","Sealed","Wet","Raining","Night","Hit Fixed Object","01","Driver Rider","1: PDO","No Control","","",1321653.34,1679593.33,"13216531679593"
"2019-5197-27/05/2021","2 Metropolitan","HAPPY VALLEY","5159","CITY OF ONKAPARINGA",3,2,0,2,0,2019,"May","Sunday","08:10 pm","080","T-Junction","CURVED, VIEW OPEN","Level","Not Applicable","Sealed","Wet","Raining","Night","Right Angle","01","Driver Rider","3: SI","Traffic Signals","Y","",1324309.46,1655855.42,"13243091655855"
"2019-5198-27/05/2021","2 Metropolitan","ONKAPARINGA HILLS","5163","CITY OF ONKAPARINGA",2,1,1,0,0,2019,"May","Sunday","11:20 pm","080","Not Divided","CURVED, VIEW OPEN","Level","Not Applicable","Sealed","Wet","Unknown","Night","Hit Fixed Object","01","Driver Rider","4: Fatal","No Control","Y","",1325584.58,1646346.99,"13255851646347"
"2019-5199-27/05/2021","2 Metropolitan","PANORAMA","5041","CC MITCHAM.                   ",2,0,0,0,0,2019,"May","Monday","08:12 am","050","Cross Road","Straight road","Level","Not Applicable","Sealed","Dry","Not Raining","Daylight","Right Angle","01","Driver Rider","1: PDO","Give Way Sign","","",1327999.27,1663395.32,"13279991663395"
"2019-5200-27/05/2021","2 Metropolitan","DAW PARK","5041","CC MITCHAM.                   ",3,0,0,0,0,2019,"May","Monday","09:03 am","060","Divided Road","Straight road","Level","Not Applicable","Sealed","Dry","Not Raining","Daylight","Rear End","02","Driver Rider","1: PDO","No Control","","",1327592.16,1663547.61,"13275921663548"
"2019-5201-27/05/2021","2 Metropolitan","TORRENSVILLE","5031","CITY OF WEST TORRENS",2,0,0,0,0,2019,"May","Sunday","11:40 pm","050","Divided Road","Straight road","Level","Not Applicable","Sealed","Wet","Raining","Night","Hit Parked Vehicle","02","Driver Rider","1: PDO","No Control","","",1324688.54,1670955.43,"13246891670955"
"2019-5202-27/05/2021","1 City","ADELAIDE","5000","CITY OF ADELAIDE",2,0,0,0,0,2019,"May","Monday","06:40 am","060","Divided Road","Straight road","Level","Not Applicable","Sealed","Wet","Not Raining","Night","Rear End","01","Driver Rider","1: PDO","No Control","","",1327365.23,1670279.63,"13273651670280"
"2019-5203-27/05/2021","2 Metropolitan","TONSLEY","5042","CC MARION.                    ",2,0,0,0,0,2019,"May","Friday","04:05 pm","040","Divided Road","Straight road","Level","Roadworks","Sealed","Dry","Not Raining","Daylight","Rear End","02","Driver Rider","1: PDO","No Control","","",1325908.47,1661209.34,"13259081661209"
"2019-5204-27/05/2021","3 Country","COMPTON","5291","CC MT.GAMBIER.                ",2,0,0,0,0,2019,"May","Monday","07:20 am","080","T-Junction","Straight road","Level","Not Applicable","Sealed","Dry","Not Raining","Daylight","Hit Fixed Object","01","Driver Rider","1: PDO","No Control","","",1507337.66,1339923.75,"15073381339924"
"2019-5205-27/05/2021","2 Metropolitan","WESTBOURNE PARK","5041","CC MITCHAM.                   ",2,2,0,0,2,2019,"May","Monday","09:30 am","060","Cross Road","Straight road","Level","Not Applicable","Sealed","Dry","Not Raining","Daylight","Right Turn","02","Driver Rider","2: MI","Traffic Signals","","",1327508,1666198.52,"13275081666199"
"2019-5206-27/05/2021","3 Country","PIPALYATJARA","0872",,2,1,0,0,1,2019,"May","Monday","09:00 am","100","Not Divided","Straight road","Level","Not Applicable","Sealed","Dry","Not Raining","Daylight","Hit Pedestrian","02","Pedestrian","2: MI","No Control","","",415748.24,2630859.98,"04157482630860"
"2019-5207-27/05/2021","2 Metropolitan","PASADENA","5042","CC MITCHAM.                   ",2,0,0,0,0,2019,"May","Monday","12:15 pm","060","Divided Road","Straight road","Level","Not Applicable","Sealed","Dry","Not Raining","Daylight","Hit Fixed Object","01","Driver Rider","1: PDO","No Control","","",1327102.43,1661792.21,"13271021661792"
"2019-5208-27/05/2021","3 Country","PAGES FLAT","5172","ALEXANDRINA COUNCIL",2,0,0,0,0,2019,"May","Wednesday","03:15 pm","100","Not Divided","Straight road","Level","Not Applicable","Sealed","Dry","Not Raining","Daylight","Hit Animal","02","Animal","1: PDO","No Control","","",1322217.42,1626195.55,"13222171626196"
"2019-5209-27/05/2021","3 Country","MCCRACKEN","5211","DC VICTOR HARBOR.             ",2,1,0,0,1,2019,"May","Monday","09:45 am","040","Not Divided","Straight road","Level","Not Applicable","Sealed","Dry","Not Raining","Daylight","Hit Fixed Object","01","Driver Rider","2: MI","No Control","","",1328844.62,1602239.24,"13288451602239"
"2019-5210-27/05/2021","2 Metropolitan","MAWSON LAKES","5095","CITY OF SALISBURY",2,0,0,0,0,2019,"May","Monday","11:00 am","050","T-Junction","Straight road","Level","Not Applicable","Sealed","Dry","Not Raining","Daylight","Rear End","02","Driver Rider","1: PDO","No Control","","",1330486.09,1683736.33,"13304861683736"
"2019-5211-27/05/2021","2 Metropolitan","BRIGHTON","5048","CITY OF HOLDFAST BAY",2,0,0,0,0,2019,"May","Monday","12:45 pm","050","T-Junction","Straight road","Level","Not Applicable","Sealed","Dry","Not Raining","Daylight","Right Turn","01","Driver Rider","1: PDO","No Control","","",1320348.75,1660926.42,"13203491660926"
"2019-5212-27/05/2021","3 Country","YALATA","5690",,2,1,0,0,1,2019,"May","Monday","11:00 am","110","Not Divided","Straight road","Level","Not Applicable","Sealed","Wet","Raining","Daylight","Hit Fixed Object","01","Driver Rider","2: MI","No Control","","",652249.13,2064886.31,"06522492064886"
"2019-5213-27/05/2021","3 Country","WATTLE FLAT","5203","DC YANKALILLA.                ",2,0,0,0,0,2019,"May","Monday","08:43 am","100","Not Divided","CURVED, VIEW OPEN","Slope","Not Applicable","Sealed","Wet","Not Raining","Daylight","Hit Fixed Object","01","Driver Rider","1: PDO","No Control","","",1308881.28,1616323,"13088811616323"
"2019-5214-27/05/2021","3 Country","PENOLA","5277","WATTLE RANGE COUNCIL",2,0,0,0,0,2019,"May","Monday","09:10 am","080","Not Divided","Straight road","Level","Driveway or Entrance","Sealed","Wet","Unknown","Daylight","Right Angle","02","Driver Rider","1: PDO","No Control","","",1517983.96,1390893.42,"15179841390893"
"2019-5215-27/05/2021","3 Country","MURRAY BRIDGE","5253","RC MURRAY BRIDGE.             ",2,1,0,0,1,2019,"May","Sunday","08:45 pm","050","Cross Road","Straight road","Level","Not Applicable","Sealed","Wet","Raining","Night","Rear End","02","Driver Rider","2: MI","Roundabout","","",1389576.32,1645940.72,"13895761645941"
"2019-5216-27/05/2021","2 Metropolitan","ONE TREE HILL","5114","CITY OF PLAYFORD.",3,0,0,0,0,2019,"May","Monday","02:50 pm","100","Not Divided","Straight road","Level","Not Applicable","Sealed","Wet","Raining","Daylight","Head On","02","Driver Rider","1: PDO","No Control","","",1342226.73,1693126.62,"13422271693127"
"2019-5217-27/05/2021","3 Country","GLENCOE","5291","WATTLE RANGE COUNCIL",2,1,1,0,0,2019,"May","Monday","01:25 pm","100","Not Divided","Straight road","Slope","Not Applicable","Sealed","Dry","Not Raining","Daylight","Hit Fixed Object","01","Driver Rider","4: Fatal","No Control","","",1490007.88,1357697.64,"14900081357698"
"2019-5218-27/05/2021","2 Metropolitan","HINDMARSH","5007","CITY OF CHARLES STURT",3,1,0,0,1,2019,"May","Monday","11:40 am","060","T-Junction","Straight road","Level","Not Applicable","Sealed","Dry","Not Raining","Daylight","Rear End","01","Driver Rider","2: MI","Traffic Signals","","",1326125.23,1672575.24,"13261251672575"
"2019-5219-27/05/2021","2 Metropolitan","OAKLANDS PARK","5046","CC MARION.                    ",3,0,0,0,0,2019,"May","Monday","03:00 pm","050","T-Junction","Straight road","Level","Not Applicable","Sealed","Wet","Raining","Daylight","Right Angle","01","Driver Rider","1: PDO","No Control","","",1323245.73,1661633.75,"13232461661634"
"2019-5220-27/05/2021","2 Metropolitan","TRINITY GARDENS","5068","CC OF NORWOOD,PAYNEHAM & ST PETERS",2,1,0,0,1,2019,"May","Monday","04:50 pm","050","Cross Road","Straight road","Level","Not Applicable","Sealed","Wet","Not Raining","Daylight","Right Angle","01","Driver Rider","2: MI","Give Way Sign","","",1332859.24,1672065.37,"13328591672065"
"2019-5221-27/05/2021","2 Metropolitan","RICHMOND","5033","CITY OF WEST TORRENS",2,0,0,0,0,2019,"May","Monday","03:02 pm","060","Divided Road","Straight road","Level","Not Applicable","Sealed","Dry","Not Raining","Daylight","Side Swipe","02","Driver Rider","1: PDO","No Control","","",1325788.21,1669192.27,"13257881669192"
"2019-5222-27/05/2021","2 Metropolitan","ST MORRIS","5068","CC OF NORWOOD,PAYNEHAM & ST PETERS",2,0,0,0,0,2019,"May","Monday","02:30 pm","060","Not Divided","Straight road","Level","Driveway or Entrance","Sealed","Dry","Not Raining","Daylight","Hit Parked Vehicle","01","Driver Rider","1: PDO","No Control","","",1333281.08,1671789.43,"13332811671789"
"2019-5223-27/05/2021","2 Metropolitan","LEABROOK","5068","CITY OF BURNSIDE",4,0,0,0,0,2019,"May","Monday","05:38 pm","060","Not Divided","Straight road","Level","Not Applicable","Sealed","Wet","Not Raining","Night","Hit Fixed Object","01","Driver Rider","1: PDO","No Control","","",1333921,1669716.79,"13339211669717"
"2019-5224-27/05/2021","2 Metropolitan","FULLARTON","5063","CITY OF UNLEY",2,0,0,0,0,2019,"May","Monday","08:00 am","060","Not Divided","Straight road","Level","Not Applicable","Sealed","Dry","Not Raining","Daylight","Side Swipe","02","Driver Rider","1: PDO","No Control","","",1330769.2,1668269.72,"13307691668270"
"2019-5225-27/05/2021","2 Metropolitan","TORRENSVILLE","5031","CITY OF WEST TORRENS",2,1,0,1,0,2019,"May","Monday","06:05 pm","060","Divided Road","Straight road","Level","Not Applicable","Sealed","Wet","Raining","Night","Hit Pedestrian","02","Pedestrian","3: SI","No Control","Y","",1325536.22,1671756.64,"13255361671757"
"2019-5226-27/05/2021","2 Metropolitan","PAYNEHAM","5070","CC OF NORWOOD,PAYNEHAM & ST PETERS",2,0,0,0,0,2019,"May","Monday","03:45 pm","060","Cross Road","Straight road","Level","Not Applicable","Sealed","Dry","Not Raining","Daylight","Side Swipe","02","Driver Rider","1: PDO","Traffic Signals","","",1332172.02,1673790.11,"13321721673790"
"2019-5227-27/05/2021","2 Metropolitan","ELIZABETH VALE","5112","CITY OF PLAYFORD.",2,0,0,0,0,2019,"May","Monday","06:20 pm","080","T-Junction","CURVED, VIEW OPEN","Level","Not Applicable","Sealed","Wet","Raining","Night","Rear End","02","Driver Rider","1: PDO","Traffic Signals","","",1336162.73,1690282.12,"13361631690282"
"2019-5228-27/05/2021","2 Metropolitan","GOLDEN GROVE","5125","CITY OF TEA TREE GULLY",2,0,0,0,0,2019,"May","Monday","06:00 pm","060","Not Divided","CURVED, VIEW OPEN","Level","Not Applicable","Sealed","Wet","Raining","Night","Hit Fixed Object","01","Driver Rider","1: PDO","No Control","","",1339217.35,1686006.18,"13392171686006"
"2019-5229-27/05/2021","2 Metropolitan","SALISBURY PLAIN","5109","CITY OF SALISBURY",2,0,0,0,0,2019,"May","Monday","05:00 pm","060","Cross Road","Straight road","Level","Not Applicable","Sealed","Dry","Not Raining","Daylight","Side Swipe","01","Driver Rider","1: PDO","Roundabout","","",1333807.7,1687916.19,"13338081687916"
"2019-5230-27/05/2021","2 Metropolitan","BROWN HILL CREEK","5062","CC MITCHAM.                   ",3,1,0,0,1,2019,"May","Monday","06:40 pm","100","Freeway","CURVED, VIEW OPEN","Slope","Not Applicable","Sealed","Wet","Raining","Night","Rear End","01","Driver Rider","2: MI","No Control","","",1333301.62,1665283.29,"13333021665283"
"2019-5231-27/05/2021","2 Metropolitan","ROSTREVOR","5073","CC CAMPBELLTOWN.              ",2,0,0,0,0,2019,"May","Monday","06:53 pm","060","Not Divided","Straight road","Level","Not Applicable","Sealed","Wet","Not Raining","Night","Rear End","01","Driver Rider","1: PDO","No Control","","",1335450.32,1673087.43,"13354501673087"
"2019-5232-27/05/2021","2 Metropolitan","SALISBURY DOWNS","5108","CITY OF SALISBURY",2,0,0,0,0,2019,"May","Monday","04:00 pm","060","Divided Road","Straight road","Level","Driveway or Entrance","Sealed","Wet","Not Raining","Daylight","Side Swipe","01","Driver Rider","1: PDO","No Control","","",1331482.98,1686857.21,"13314831686857"
"2019-5233-27/05/2021","2 Metropolitan","KINGSWOOD","5062","CC MITCHAM.                   ",2,0,0,0,0,2019,"May","Monday","04:15 pm","060","Cross Road","Straight road","Level","Not Applicable","Sealed","Dry","Not Raining","Daylight","Right Turn","02","Driver Rider","1: PDO","Traffic Signals","","",1329135.99,1666253.56,"13291361666254"
"2019-5234-27/05/2021","2 Metropolitan","ELIZABETH PARK","5113","CITY OF PLAYFORD.",4,1,0,1,0,2019,"May","Monday","09:04 pm","080","Cross Road","Straight road","Level","Not Applicable","Sealed","Dry","Not Raining","Night","Right Angle","02","Driver Rider","3: SI","Traffic Signals","","",1336500.9,1694621.89,"13365011694622"
"2019-5235-27/05/2021","2 Metropolitan","BRAHMA LODGE","5109","CITY OF SALISBURY",2,1,0,0,1,2019,"May","Monday","09:55 pm","080","Divided Road","Straight road","Level","Not Applicable","Sealed","Wet","Raining","Night","Hit Fixed Object","01","Driver Rider","2: MI","No Control","","",1334013.68,1686340.19,"13340141686340"
"2019-5236-27/05/2021","2 Metropolitan","STIRLING","5152","THE ADELAIDE HILLS COUNCIL",1,1,0,0,1,2019,"May","Monday","08:30 pm","080","T-Junction","CURVED, VIEW OPEN","Level","Not Applicable","Sealed","Wet","Raining","Night","Left Road - Out of Control","01","Driver Rider","2: MI","No Control","","",1338154.83,1661214.25,"13381551661214"
"2019-5237-27/05/2021","2 Metropolitan","BELAIR","5052","CC MITCHAM.                   ",2,0,0,0,0,2019,"May","Tuesday","12:10 am","060","Not Divided","CURVED, VIEW OBSCURED","Slope","Not Applicable","Sealed","Wet","Raining","Night","Hit Fixed Object","01","Driver Rider","1: PDO","No Control","","",1332324.93,1660642.85,"13323251660643"
"2019-5238-27/05/2021","2 Metropolitan","WINGFIELD","5013","CITY OF PORT ADELAIDE ENFIELD",2,1,0,0,1,2019,"May","Tuesday","03:35 am","060","Divided Road","Straight road","Level","Not Applicable","Sealed","Wet","Raining","Night","Hit Fixed Object","01","Driver Rider","2: MI","No Control","","",1324937.58,1679187.92,"13249381679188"
"2019-5239-27/05/2021","2 Metropolitan","CROYDON PARK","5008","CITY OF PORT ADELAIDE ENFIELD",2,0,0,0,0,2019,"May","Tuesday","05:30 am","060","Not Divided","Straight road","Level","Not Applicable","Sealed","Wet","Not Raining","Night","Side Swipe","02","Driver Rider","1: PDO","No Control","","",1326077.9,1675794.77,"13260781675795"
"2019-5240-27/05/2021","2 Metropolitan","SPRINGFIELD","5062","CC MITCHAM.                   ",2,1,0,0,1,2019,"May","Tuesday","07:49 am","060","Not Divided","Straight road","Level","Not Applicable","Sealed","Dry","Not Raining","Daylight","Side Swipe","02","Driver Rider","2: MI","No Control","","",1330800.65,1665054.93,"13308011665055"
"2019-5241-27/05/2021","2 Metropolitan","KESWICK","5035","CITY OF WEST TORRENS",2,0,0,0,0,2019,"May","Tuesday","07:48 am","050","Not Divided","Straight road","Level","Not Applicable","Sealed","Dry","Not Raining","Daylight","Hit Fixed Object","01","Driver Rider","1: PDO","No Control","","",1326446.64,1668826.16,"13264471668826"
"2019-5242-27/05/2021","2 Metropolitan","NOARLUNGA CENTRE","5168","CITY OF ONKAPARINGA",2,0,0,0,0,2019,"May","Tuesday","09:00 am","050","Not Divided","Straight road","Slope","Driveway or Entrance","Sealed","Dry","Not Raining","Daylight","Side Swipe","02","Driver Rider","1: PDO","No Control","","",1317484.54,1647147.54,"13174851647148"
"2019-5243-27/05/2021","2 Metropolitan","POORAKA","5095","CITY OF SALISBURY",2,1,0,0,1,2019,"May","Monday","11:45 am","080","T-Junction","Straight road","Level","Not Applicable","Sealed","Dry","Not Raining","Daylight","Rear End","02","Driver Rider","2: MI","Stop Sign","","",1331520.62,1683155,"13315211683155"
"2019-5244-27/05/2021","3 Country","YALATA","5690",,1,0,0,0,0,2019,"May","Monday","04:00 pm","110","Not Divided","Straight road","Level","Not Applicable","Sealed","Dry","Not Raining","Daylight","Roll Over","01","Driver Rider","1: PDO","No Control","","",665047.93,2063617.36,"06650482063617"
"2019-5245-27/05/2021","2 Metropolitan","WINGFIELD","5013","CITY OF PORT ADELAIDE ENFIELD",2,1,0,0,1,2019,"May","Monday","01:32 pm","050","Cross Road","Straight road","Level","Not Applicable","Sealed","Dry","Not Raining","Daylight","Hit Parked Vehicle","02","Driver Rider","2: MI","Give Way Sign","","",1325714.67,1680474.43,"13257151680474"
"2019-5246-27/05/2021","2 Metropolitan","TRINITY GARDENS","5068","CC OF NORWOOD,PAYNEHAM & ST PETERS",2,0,0,0,0,2019,"May","Monday","06:00 pm","050","Not Divided","Straight road","Slope","Driveway or Entrance","Sealed","Dry","Not Raining","Night","Hit Parked Vehicle","01","Driver Rider","1: PDO","No Control","","",1332981.02,1672003.89,"13329811672004"
"2019-5247-27/05/2021","2 Metropolitan","DRY CREEK","5094","CITY OF PORT ADELAIDE ENFIELD",2,1,0,0,1,2019,"May","Tuesday","09:19 am","060","T-Junction","Straight road","Level","Not Applicable","Unsealed","Dry","Not Raining","Daylight","Right Angle","01","Driver Rider","2: MI","Give Way Sign","","",1327643.67,1680495.2,"13276441680495"