"REPORT_ID","Stats Area","Suburb","Postcode","LGA Name","Total Units","Total Cas","Total Fats","Total SI","Total MI","Year","Month","Day","Time","Area Speed","Position Type","Horizontal Align","Vertical Align","Other Feat","Road Surface","Moisture Cond","Weather Cond","DayNight","Crash Type","Unit Resp","Entity Code","CSEF Severity","Traffic Ctrls","DUI Involved","Drugs Involved","ACCLOC_X","ACCLOC_Y","UNIQUE_LOC"
"2019-5898-27/05/2021","1 City","ADELAIDE","5000","CITY OF ADELAIDE",2,1,0,0,1,2019,"June","Thursday","09:15 pm","050","Multiple","CURVED, VIEW OPEN","Level","Not Applicable","Sealed","Dry","Not Raining","Night","Right Angle","02","Driver Rider","2: MI","Give Way Sign","","",1327933.54,1669792.34,"13279341669792"
"2019-5899-27/05/2021","2 Metropolitan","GEPPS CROSS","5094","CITY OF PORT ADELAIDE ENFIELD",2,0,0,0,0,2019,"June","Friday","08:30 am","070","T-Junction","Straight road","Level","Not Applicable","Sealed","Wet","Not Raining","Daylight","Rear End","02","Driver Rider","1: PDO","Traffic Signals","","",1328771.99,1680470.25,"13287721680470"
"2019-5900-27/05/2021","1 City","NORTH ADELAIDE","5006","CITY OF ADELAIDE",3,0,0,0,0,2019,"June","Friday","08:52 am","050","Not Divided","Straight road","Level","Not Applicable","Sealed","Wet","Not Raining","Daylight","Rear End","02","Driver Rider","1: PDO","No Control","","",1327478.05,1673179.16,"13274781673179"
"2019-5901-27/05/2021","2 Metropolitan","CAMPBELLTOWN","5074","CC CAMPBELLTOWN.              ",2,0,0,0,0,2019,"June","Thursday","04:00 pm","050","Not Divided","Straight road","Crest of Hill","Not Applicable","Sealed","Dry","Not Raining","Daylight","Hit Parked Vehicle","01","Driver Rider","1: PDO","No Control","","",1333871.66,1675757.39,"13338721675757"
"2019-5902-27/05/2021","3 Country","PORT VINCENT","5581","YORKE PENINSULA COUNCIL",1,0,0,0,0,2019,"June","Thursday","03:30 pm","100","Not Divided","CURVED, VIEW OBSCURED","Level","Not Applicable","Sealed","Dry","Not Raining","Daylight","Left Road - Out of Control","01","Driver Rider","1: PDO","No Control","","",1257765.78,1682688.61,"12577661682689"
"2019-5903-27/05/2021","2 Metropolitan","GLENELG SOUTH","5045","CITY OF HOLDFAST BAY",2,0,0,0,0,2019,"June","Friday","02:30 pm","050","Not Divided","Straight road","Level","Not Applicable","Sealed","Dry","Not Raining","Daylight","Hit Parked Vehicle","02","Driver Rider","1: PDO","No Control","","",1320120.1,1663783.35,"13201201663783"
"2019-5904-27/05/2021","1 City","NORTH ADELAIDE","5006","CITY OF ADELAIDE",3,2,0,0,2,2019,"June","Friday","03:30 pm","050","Cross Road","Straight road","Level","Not Applicable","Sealed","Dry","Not Raining","Daylight","Rear End","01","Driver Rider","2: MI","Traffic Signals","","",1327668.37,1673224.8,"13276681673225"
"2019-5905-27/05/2021","2 Metropolitan","MILE END SOUTH","5031","CITY OF WEST TORRENS",2,0,0,0,0,2019,"June","Thursday","01:00 pm","050","Not Divided","Straight road","Level","Driveway or Entrance","Sealed","Dry","Not Raining","Daylight","Hit Parked Vehicle","02","Driver Rider","1: PDO","No Control","","",1326302.28,1669598.34,"13263021669598"
"2019-5906-27/05/2021","2 Metropolitan","EDWARDSTOWN","5039","CC MARION.                    ",2,0,0,0,0,2019,"June","Friday","05:11 pm","060","Divided Road","Straight road","Level","Not Applicable","Sealed","Dry","Not Raining","Night","Hit Fixed Object","01","Driver Rider","1: PDO","No Control","","",1325905.2,1665025.88,"13259051665026"
"2019-5907-27/05/2021","2 Metropolitan","SMITHFIELD","5114","CITY OF PLAYFORD.",2,0,0,0,0,2019,"June","Thursday","02:00 pm","050","Not Divided","Straight road","Level","Driveway or Entrance","Sealed","Dry","Not Raining","Daylight","Rear End","02","Driver Rider","1: PDO","No Control","","",1337241.45,1697552.24,"13372411697552"
"2019-5908-27/05/2021","2 Metropolitan","MOUNT BARKER","5251","DC MT.BARKER.                 ",2,0,0,0,0,2019,"June","Thursday","12:15 pm","050","Cross Road","Straight road","Level","Not Applicable","Sealed","Dry","Not Raining","Daylight","Right Angle","01","Driver Rider","1: PDO","Give Way Sign","","",1351408.01,1654309.77,"13514081654310"
"2019-5909-27/05/2021","3 Country","CORDILLO DOWNS","5731",,1,1,0,1,0,2019,"June","Wednesday","12:00 pm","100","Not Divided","Straight road","Level","Not Applicable","Unsealed","Dry","Not Raining","Daylight","Roll Over","01","Driver Rider","3: SI","No Control","","",1544065.14,2634146.32,"15440652634146"
"2019-5910-27/05/2021","2 Metropolitan","SALISBURY PARK","5109","CITY OF SALISBURY",3,0,0,0,0,2019,"June","Friday","05:20 pm","080","Divided Road","Straight road","Level","Not Applicable","Sealed","Dry","Not Raining","Night","Rear End","01","Driver Rider","1: PDO","No Control","","",1335529.92,1688224.78,"13355301688225"
"2019-5911-27/05/2021","3 Country","BLYTH","5462","WAKEFIELD REGIONAL COUNCIL",1,0,0,0,0,2019,"June","Thursday","06:12 pm","110","Not Divided","Straight road","Level","Not Applicable","Sealed","Dry","Not Raining","Night","Roll Over","01","Driver Rider","1: PDO","No Control","","",1315612.74,1792029.34,"13156131792029"
"2019-5912-27/05/2021","2 Metropolitan","POORAKA","5095","CITY OF SALISBURY",4,5,0,0,5,2019,"June","Friday","05:20 pm","070","Divided Road","Straight road","Level","Not Applicable","Sealed","Dry","Not Raining","Night","Rear End","01","Driver Rider","2: MI","No Control","","",1332101.59,1681800.38,"13321021681800"
"2019-5913-27/05/2021","2 Metropolitan","DRY CREEK","5094","CITY OF SALISBURY",2,0,0,0,0,2019,"June","Friday","03:35 pm","090","Divided Road","CURVED, VIEW OPEN","Level","Not Applicable","Sealed","Dry","Not Raining","Daylight","Rear End","02","Driver Rider","1: PDO","No Control","","",1327414.64,1681284.64,"13274151681285"
"2019-5914-27/05/2021","2 Metropolitan","WINGFIELD","5013","CITY OF PORT ADELAIDE ENFIELD",2,0,0,0,0,2019,"June","Thursday","09:15 am","060","Not Divided","Straight road","Level","Not Applicable","Sealed","Dry","Not Raining","Daylight","Side Swipe","01","Driver Rider","1: PDO","No Control","","",1326371.72,1679239.18,"13263721679239"
"2019-5915-27/05/2021","3 Country","MOUNT GAMBIER","5290","CC MT.GAMBIER.                ",3,3,0,0,3,2019,"June","Friday","04:35 pm","060","T-Junction","Straight road","Level","Not Applicable","Sealed","Dry","Not Raining","Daylight","Right Turn","01","Driver Rider","2: MI","Traffic Signals","","",1511191.82,1342562.65,"15111921342563"
"2019-5916-27/05/2021","2 Metropolitan","GILBERTON","5081","WALKERVILLE TOWN COUNCIL",2,0,0,0,0,2019,"June","Friday","05:49 pm","060","Divided Road","Straight road","Level","Not Applicable","Sealed","Wet","Not Raining","Night","Rear End","01","Driver Rider","1: PDO","No Control","","",1329717.34,1672433.24,"13297171672433"
"2019-5917-27/05/2021","2 Metropolitan","SEACLIFF PARK","5049","CITY OF HOLDFAST BAY",2,1,0,0,1,2019,"June","Friday","03:40 pm","060","T-Junction","Straight road","Slope","Not Applicable","Sealed","Wet","Not Raining","Daylight","Rear End","01","Driver Rider","2: MI","No Control","","",1321197.71,1659018.3,"13211981659018"
"2019-5918-27/05/2021","2 Metropolitan","NOARLUNGA DOWNS","5168","CITY OF ONKAPARINGA",2,0,0,0,0,2019,"June","Friday","07:20 am","060","Cross Road","Straight road","Level","Not Applicable","Sealed","Dry","Not Raining","Night","Right Angle","01","Driver Rider","1: PDO","Roundabout","","",1317857.01,1646860.51,"13178571646861"
"2019-5919-27/05/2021","2 Metropolitan","RICHMOND","5033","CITY OF WEST TORRENS",3,0,0,0,0,2019,"June","Friday","05:20 pm","050","Cross Road","Straight road","Level","Not Applicable","Sealed","Wet","Raining","Night","Rear End","01","Driver Rider","1: PDO","Roundabout","","",1324951.94,1669830.44,"13249521669830"
"2019-5920-27/05/2021","2 Metropolitan","HALLETT COVE","5158","CC MARION.                    ",2,0,0,0,0,2019,"June","Friday","08:30 pm","050","Not Divided","Straight road","Slope","Not Applicable","Sealed","Wet","Raining","Night","Hit Fixed Object","01","Driver Rider","1: PDO","No Control","","",1319455.98,1655121.5,"13194561655122"
"2019-5921-27/05/2021","2 Metropolitan","BRIDGEWATER","5155","THE ADELAIDE HILLS COUNCIL",1,1,0,0,1,2019,"June","Friday","07:10 pm","060","Rail Crossing","CURVED, VIEW OBSCURED","Level","Not Applicable","Sealed","Wet","Not Raining","Night","Other","01","Driver Rider","2: MI","Rail Xing - Flashing","","",1341954.72,1661011.76,"13419551661012"
"2019-5922-27/05/2021","2 Metropolitan","CROYDON","5008","CITY OF CHARLES STURT",2,0,0,0,0,2019,"June","Friday","09:05 pm","060","Cross Road","Straight road","Level","Not Applicable","Sealed","Dry","Not Raining","Night","Right Angle","02","Driver Rider","1: PDO","Traffic Signals","","",1325512.99,1673486.39,"13255131673486"
"2019-5923-27/05/2021","2 Metropolitan","COROMANDEL VALLEY","5051","CITY OF ONKAPARINGA",2,1,0,1,0,2019,"June","Friday","05:40 pm","050","Not Divided","Straight road","Level","Not Applicable","Sealed","Wet","Raining","Night","Hit Pedestrian","02","Pedestrian","3: SI","No Control","","",1329800.27,1657163.64,"13298001657164"
"2019-5924-27/05/2021","2 Metropolitan","MAWSON LAKES","5095","CITY OF SALISBURY",2,0,0,0,0,2019,"June","Friday","11:30 pm","050","T-Junction","CURVED, VIEW OPEN","Level","Not Applicable","Sealed","Wet","Not Raining","Night","Hit Fixed Object","01","Driver Rider","1: PDO","Give Way Sign","","",1329448.15,1682830.77,"13294481682831"
"2019-5925-27/05/2021","2 Metropolitan","TRANMERE","5073","CC CAMPBELLTOWN.              ",5,0,0,0,0,2019,"June","Saturday","02:00 am","050","Not Divided","Straight road","Level","Driveway or Entrance","Sealed","Wet","Not Raining","Night","Hit Fixed Object","01","Driver Rider","1: PDO","No Control","","",1334176.11,1673633.67,"13341761673634"
"2019-5926-27/05/2021","2 Metropolitan","WOODVILLE GARDENS","5012","CITY OF PORT ADELAIDE ENFIELD",2,1,0,0,1,2019,"June","Saturday","05:32 am","050","Cross Road","Straight road","Level","Not Applicable","Sealed","Wet","Not Raining","Night","Right Angle","02","Driver Rider","2: MI","Give Way Sign","Y","",1324541.73,1676854.09,"13245421676854"
"2019-5927-27/05/2021","2 Metropolitan","HENLEY BEACH","5022","CITY OF CHARLES STURT",3,0,0,0,0,2019,"June","Saturday","06:55 am","050","Cross Road","Straight road","Slope","Not Applicable","Sealed","Wet","Not Raining","Night","Right Angle","02","Driver Rider","1: PDO","Give Way Sign","","",1318758.23,1672301.01,"13187581672301"
"2019-5928-27/05/2021","2 Metropolitan","UNDERDALE","5032","CITY OF WEST TORRENS",2,0,0,0,0,2019,"June","Friday","04:30 pm","060","T-Junction","Straight road","Level","Not Applicable","Sealed","Dry","Not Raining","Daylight","Right Angle","02","Driver Rider","1: PDO","No Control","","",1324328.3,1670954.65,"13243281670955"
"2019-5929-27/05/2021","2 Metropolitan","UNLEY","5061","CITY OF UNLEY",2,0,0,0,0,2019,"June","Friday","08:50 am","050","Not Divided","Straight road","Level","Not Applicable","Sealed","Dry","Not Raining","Daylight","Other","02","Driver Rider","1: PDO","No Control","","",1328617.9,1668875.59,"13286181668876"
"2019-5930-27/05/2021","2 Metropolitan","GOLDEN GROVE","5125","CITY OF TEA TREE GULLY",2,0,0,0,0,2019,"June","Saturday","08:55 am","060","Cross Road","Straight road","Slope","Not Applicable","Sealed","Wet","Raining","Daylight","Rear End","02","Driver Rider","1: PDO","Traffic Signals","","",1337892.14,1685350.36,"13378921685350"
"2019-5931-27/05/2021","2 Metropolitan","KILKENNY","5009","CITY OF CHARLES STURT",2,0,0,0,0,2019,"June","Saturday","10:43 am","060","Cross Road","Straight road","Level","Not Applicable","Sealed","Dry","Not Raining","Daylight","Right Angle","02","Driver Rider","1: PDO","Stop Sign","","",1324553.99,1676329.39,"13245541676329"
"2019-5932-27/05/2021","2 Metropolitan","CHELTENHAM","5014","CITY OF CHARLES STURT",2,0,0,0,0,2019,"June","Friday","10:00 pm","060","Cross Road","Straight road","Level","Not Applicable","Sealed","Dry","Not Raining","Night","Side Swipe","02","Driver Rider","1: PDO","Traffic Signals","","",1322125.85,1676413.1,"13221261676413"
"2019-5933-27/05/2021","2 Metropolitan","CUDLEE CREEK","5232","THE ADELAIDE HILLS COUNCIL",1,0,0,0,0,2019,"June","Saturday","09:30 am","080","Not Divided","CURVED, VIEW OBSCURED","Level","Not Applicable","Sealed","Wet","Not Raining","Daylight","Left Road - Out of Control","01","Driver Rider","1: PDO","No Control","","",1349115.52,1679744.83,"13491161679745"
"2019-5934-27/05/2021","2 Metropolitan","ROSE PARK","5067","CITY OF BURNSIDE",2,1,0,0,1,2019,"June","Friday","05:20 pm","060","Divided Road","Straight road","Level","Not Applicable","Sealed","Wet","Raining","Night","Rear End","02","Driver Rider","2: MI","No Control","","",1330641.05,1670285.6,"13306411670286"
"2019-5935-27/05/2021","2 Metropolitan","BUCKLAND PARK","5120","CITY OF PLAYFORD.",2,0,0,0,0,2019,"June","Saturday","11:50 am","060","Not Divided","Straight road","Level","Driveway or Entrance","Sealed","Dry","Not Raining","Daylight","Side Swipe","02","Driver Rider","1: PDO","No Control","","",1323618.94,1698394.4,"13236191698394"
"2019-5936-27/05/2021","2 Metropolitan","GAWLER","5118","CT GAWLER.                    ",4,0,0,0,0,2019,"June","Saturday","12:30 pm","050","T-Junction","Straight road","Level","Not Applicable","Sealed","Dry","Not Raining","Daylight","Rear End","01","Driver Rider","1: PDO","Traffic Signals","","",1343359.66,1706705.69,"13433601706706"
"2019-5937-27/05/2021","2 Metropolitan","INGLE FARM","5098","CITY OF SALISBURY",5,4,0,1,3,2019,"June","Saturday","12:15 pm","060","T-Junction","Straight road","Slope","Not Applicable","Sealed","Dry","Not Raining","Daylight","Rear End","01","Driver Rider","3: SI","Traffic Signals","","",1333676.11,1681209.82,"13336761681210"
"2019-5938-27/05/2021","2 Metropolitan","HACKHAM WEST","5163","CITY OF ONKAPARINGA",2,1,0,0,1,2019,"June","Saturday","01:05 pm","060","T-Junction","Straight road","Level","Not Applicable","Sealed","Dry","Not Raining","Daylight","Rear End","02","Driver Rider","2: MI","No Control","","",1320451.54,1646358.26,"13204521646358"
"2019-5939-27/05/2021","2 Metropolitan","WEST LAKES SHORE","5020","CITY OF CHARLES STURT",2,0,0,0,0,2019,"June","Saturday","01:35 pm","050","Not Divided","Straight road","Level","Not Applicable","Sealed","Dry","Not Raining","Daylight","Rear End","01","Driver Rider","1: PDO","No Control","","",1318087,1677236.03,"13180871677236"
"2019-5940-27/05/2021","3 Country","AUBURN","5451","CLARE AND GILBERT VALLEYS DISTRICT COUNCIL",2,0,0,0,0,2019,"June","Saturday","11:45 am","050","Not Divided","Straight road","Level","Not Applicable","Sealed","Dry","Not Raining","Daylight","Hit Parked Vehicle","02","Driver Rider","1: PDO","No Control","","",1339706.06,1769940.08,"13397061769940"
"2019-5941-27/05/2021","2 Metropolitan","ELIZABETH PARK","5113","CITY OF PLAYFORD.",2,0,0,0,0,2019,"June","Saturday","02:30 pm","080","Cross Road","Straight road","Level","Not Applicable","Sealed","Dry","Not Raining","Daylight","Right Angle","02","Driver Rider","1: PDO","Traffic Signals","","",1335960.32,1693276.69,"13359601693277"
"2019-5942-27/05/2021","2 Metropolitan","THORNGATE","5082","WALKERVILLE TOWN COUNCIL",2,0,0,0,0,2019,"June","Friday","02:25 pm","060","Divided Road","Straight road","Level","Not Applicable","Sealed","Dry","Not Raining","Daylight","Hit Parked Vehicle","02","Driver Rider","1: PDO","No Control","","",1328567.89,1673888.42,"13285681673888"
"2019-5943-27/05/2021","2 Metropolitan","MILE END","5031","CITY OF WEST TORRENS",2,0,0,0,0,2019,"June","Saturday","03:48 pm","050","Not Divided","Straight road","Level","Not Applicable","Sealed","Dry","Not Raining","Daylight","Hit Fixed Object","01","Driver Rider","1: PDO","No Control","","",1324937.93,1670605.41,"13249381670605"
"2019-5944-27/05/2021","2 Metropolitan","FERRYDEN PARK","5010","CITY OF PORT ADELAIDE ENFIELD",3,0,0,0,0,2019,"June","Saturday","04:00 pm","050","Not Divided","Straight road","Level","Driveway or Entrance","Sealed","Dry","Not Raining","Daylight","Hit Parked Vehicle","01","Driver Rider","1: PDO","No Control","","",1325027.68,1677329.74,"13250281677330"
"2019-5945-27/05/2021","3 Country","WESTERN FLAT","5268","DC TATIARA.                   ",2,2,0,2,0,2019,"June","Saturday","02:00 pm","110","Not Divided","Straight road","Level","Not Applicable","Sealed","Dry","Not Raining","Daylight","Hit Fixed Object","01","Driver Rider","3: SI","No Control","","",1515678.12,1484475.26,"15156781484475"
"2019-5946-27/05/2021","2 Metropolitan","FLAGSTAFF HILL","5159","CITY OF ONKAPARINGA",2,1,0,1,0,2019,"June","Saturday","04:14 pm","060","Not Divided","Straight road","Level","Not Applicable","Sealed","Dry","Not Raining","Daylight","Side Swipe","02","Driver Rider","3: SI","No Control","","",1327572.64,1656421.98,"13275731656422"
"2019-5947-27/05/2021","2 Metropolitan","BLAIR ATHOL","5084","CITY OF PORT ADELAIDE ENFIELD",2,0,0,0,0,2019,"June","Saturday","05:16 pm","050","Cross Road","Straight road","Level","Not Applicable","Sealed","Dry","Not Raining","Night","Right Angle","01","Driver Rider","1: PDO","Roundabout","","",1328376.36,1678792.75,"13283761678793"
"2019-5948-27/05/2021","2 Metropolitan","KENSINGTON GARDENS","5068","CITY OF BURNSIDE",2,0,0,0,0,2019,"June","Saturday","04:50 pm","050","Cross Road","Straight road","Level","Not Applicable","Sealed","Dry","Not Raining","Daylight","Right Angle","01","Driver Rider","1: PDO","Give Way Sign","","",1334016.56,1670791.87,"13340171670792"
"2019-5949-27/05/2021","2 Metropolitan","CLOVELLY PARK","5042","CC MARION.                    ",2,0,0,0,0,2019,"June","Saturday","05:15 pm","060","T-Junction","Straight road","Level","Not Applicable","Sealed","Dry","Not Raining","Night","Right Angle","02","Driver Rider","1: PDO","No Control","","",1325460.63,1663302.73,"13254611663303"
"2019-5950-27/05/2021","3 Country","KEITH","5267","DC TATIARA.                   ",2,0,0,0,0,2019,"June","Saturday","05:30 am","110","Not Divided","Straight road","Level","Not Applicable","Sealed","Dry","Not Raining","Night","Hit Fixed Object","01","Driver Rider","1: PDO","No Control","","",1484635.85,1530824.42,"14846361530824"
"2019-5951-27/05/2021","3 Country","MOUNT WILLOUGHBY","5723",,1,2,0,0,2,2019,"June","Saturday","03:35 pm","110","Not Divided","CURVED, VIEW OPEN","Level","Not Applicable","Sealed","Dry","Not Raining","Daylight","Roll Over","01","Driver Rider","2: MI","No Control","","",923994.7,2386022.66,"09239952386023"
"2019-5952-27/05/2021","2 Metropolitan","FLINDERS PARK","5025","CITY OF CHARLES STURT",2,0,0,0,0,2019,"June","Saturday","06:30 pm","060","Not Divided","Straight road","Level","Not Applicable","Sealed","Dry","Not Raining","Night","Hit Parked Vehicle","01","Driver Rider","1: PDO","No Control","","",1323910.66,1672524.4,"13239111672524"
"2019-5953-27/05/2021","2 Metropolitan","MORPHETT VALE","5162","CITY OF ONKAPARINGA",2,0,0,0,0,2019,"June","Saturday","05:25 pm","060","Divided Road","Straight road","Slope","Not Applicable","Sealed","Wet","Not Raining","Night","Hit Parked Vehicle","01","Driver Rider","1: PDO","No Control","","",1320836.66,1647740.55,"13208371647741"
"2019-5954-27/05/2021","2 Metropolitan","PARAFIELD GARDENS","5107","CITY OF SALISBURY",2,0,0,0,0,2019,"June","Saturday","07:15 pm","050","Not Divided","Straight road","Level","Not Applicable","Sealed","Dry","Not Raining","Night","Hit Fixed Object","01","Driver Rider","1: PDO","No Control","","",1329222.6,1685619.87,"13292231685620"
"2019-5955-27/05/2021","1 City","ADELAIDE","5000","CITY OF ADELAIDE",2,0,0,0,0,2019,"June","Saturday","03:20 pm","060","T-Junction","Straight road","Level","Not Applicable","Sealed","Dry","Not Raining","Daylight","Rear End","01","Driver Rider","1: PDO","Traffic Signals","","",1326873.73,1671362.14,"13268741671362"
"2019-5956-27/05/2021","2 Metropolitan","PENFIELD","5121","CITY OF PLAYFORD.",2,3,0,0,3,2019,"June","Saturday","09:10 pm","080","Cross Road","Straight road","Level","Not Applicable","Sealed","Dry","Not Raining","Night","Right Angle","02","Driver Rider","2: MI","Give Way Sign","","",1333441.32,1696359.08,"13334411696359"
"2019-5957-27/05/2021","2 Metropolitan","CAREY GULLY","5144","THE ADELAIDE HILLS COUNCIL",2,1,0,0,1,2019,"June","Saturday","09:15 pm","080","Not Divided","CURVED, VIEW OBSCURED","Slope","Not Applicable","Sealed","Wet","Not Raining","Night","Hit Fixed Object","01","Driver Rider","2: MI","No Control","","",1344085.58,1666071.57,"13440861666072"
"2019-5958-27/05/2021","3 Country","FINNISS","5255","ALEXANDRINA COUNCIL",2,2,0,2,0,2019,"June","Sunday","12:30 am","100","Not Divided","Straight road","Level","Not Applicable","Sealed","Dry","Not Raining","Night","Hit Fixed Object","01","Driver Rider","3: SI","No Control","","",1353014.9,1618895.71,"13530151618896"
"2019-5959-27/05/2021","2 Metropolitan","TRANMERE","5073","CC CAMPBELLTOWN.              ",2,1,0,0,1,2019,"June","Sunday","03:30 am","060","Divided Road","Straight road","Level","Not Applicable","Sealed","Dry","Not Raining","Night","Hit Parked Vehicle","01","Driver Rider","2: MI","No Control","Y","",1333827.53,1673175.92,"13338281673176"
"2019-5960-27/05/2021","2 Metropolitan","BRIDGEWATER","5155","THE ADELAIDE HILLS COUNCIL",2,1,0,0,1,2019,"June","Sunday","07:12 am","110","Freeway","Straight road","Slope","Not Applicable","Sealed","Dry","Not Raining","Night","Hit Fixed Object","01","Driver Rider","2: MI","No Control","","",1343779.85,1661282.38,"13437801661282"
"2019-5961-27/05/2021","2 Metropolitan","TOORAK GARDENS","5065","CITY OF BURNSIDE",2,0,0,0,0,2019,"June","Sunday","11:00 am","050","Not Divided","Straight road","Level","Not Applicable","Sealed","Dry","Not Raining","Daylight","Right Angle","02","Driver Rider","1: PDO","No Control","","",1331887.06,1669959.7,"13318871669960"
"2019-5962-27/05/2021","2 Metropolitan","O'HALLORAN HILL","5158","CC MARION.                    ",2,1,0,0,1,2019,"June","Saturday","01:50 pm","050","Not Divided","Straight road","Slope","Not Applicable","Sealed","Dry","Not Raining","Daylight","Hit Fixed Object","01","Driver Rider","2: MI","No Control","","",1322948.54,1654265.53,"13229491654266"
"2019-5963-27/05/2021","2 Metropolitan","EDWARDSTOWN","5039","CC MARION.                    ",2,0,0,0,0,2019,"June","Sunday","12:39 pm","060","Divided Road","Straight road","Level","Not Applicable","Sealed","Dry","Not Raining","Daylight","Rear End","02","Driver Rider","1: PDO","No Control","","",1325927.28,1664254.27,"13259271664254"
"2019-5964-27/05/2021","2 Metropolitan","MAWSON LAKES","5095","CITY OF SALISBURY",1,0,0,0,0,2019,"June","Sunday","10:00 am","060","Cross Road","Straight road","Level","Not Applicable","Sealed","Dry","Not Raining","Daylight","Other","01","Driver Rider","1: PDO","Traffic Signals","","",1330496.17,1683915.05,"13304961683915"
"2019-5965-27/05/2021","2 Metropolitan","PARALOWIE","5108","CITY OF SALISBURY",2,0,0,0,0,2019,"June","Sunday","12:00 pm","060","T-Junction","CURVED, VIEW OPEN","Level","Not Applicable","Sealed","Dry","Not Raining","Daylight","Hit Fixed Object","01","Driver Rider","1: PDO","Roundabout","","",1328632.06,1688769.49,"13286321688769"
"2019-5966-27/05/2021","2 Metropolitan","HILLBANK","5112","CITY OF PLAYFORD.",2,0,0,0,0,2019,"June","Sunday","11:15 am","080","Divided Road","Straight road","Level","Not Applicable","Sealed","Dry","Not Raining","Daylight","Side Swipe","02","Driver Rider","1: PDO","No Control","","",1336152.95,1690756.44,"13361531690756"
"2019-5967-27/05/2021","2 Metropolitan","ONE TREE HILL","5114","CITY OF PLAYFORD.",2,2,0,0,2,2019,"June","Sunday","03:15 pm","100","Not Divided","CURVED, VIEW OBSCURED","Slope","Not Applicable","Sealed","Dry","Not Raining","Daylight","Side Swipe","01","Driver Rider","2: MI","No Control","","Y",1344187.25,1695004.03,"13441871695004"
"2019-5968-27/05/2021","2 Metropolitan","PAYNEHAM SOUTH","5070","CC OF NORWOOD,PAYNEHAM & ST PETERS",2,0,0,0,0,2019,"June","Sunday","03:00 pm","050","Not Divided","Straight road","Level","Not Applicable","Sealed","Dry","Not Raining","Daylight","Hit Parked Vehicle","02","Driver Rider","1: PDO","No Control","","",1332995.99,1672599.6,"13329961672600"
"2019-5969-27/05/2021","2 Metropolitan","GLEN OSMOND","5064","CITY OF BURNSIDE",2,0,0,0,0,2019,"June","Sunday","10:54 am","060","Divided Road","Straight road","Level","Not Applicable","Sealed","Dry","Not Raining","Daylight","Hit Parked Vehicle","02","Driver Rider","1: PDO","No Control","","",1332374.29,1666858.6,"13323741666859"
"2019-5970-27/05/2021","2 Metropolitan","ALDGATE","5154","THE ADELAIDE HILLS COUNCIL",2,0,0,0,0,2019,"June","Sunday","03:30 pm","050","Not Divided","Straight road","Level","Driveway or Entrance","Sealed","Dry","Not Raining","Daylight","Right Angle","01","Driver Rider","1: PDO","No Control","","",1340678.16,1660286.72,"13406781660287"
"2019-5971-27/05/2021","2 Metropolitan","MOUNT GEORGE","5155","THE ADELAIDE HILLS COUNCIL",2,0,0,0,0,2019,"June","Sunday","04:30 pm","110","Freeway","Straight road","Slope","Not Applicable","Sealed","Dry","Not Raining","Daylight","Side Swipe","01","Driver Rider","1: PDO","No Control","","",1343452.96,1661454.12,"13434531661454"
"2019-5972-27/05/2021","2 Metropolitan","PARIS CREEK","5201","DC MT.BARKER.                 ",1,1,0,1,0,2019,"June","Sunday","04:15 pm","080","Not Divided","CURVED, VIEW OPEN","Level","Not Applicable","Sealed","Dry","Not Raining","Daylight","Roll Over","01","Driver Rider","3: SI","No Control","","",1343227.11,1637578.27,"13432271637578"
"2019-5973-27/05/2021","2 Metropolitan","BRIDGEWATER","5155","THE ADELAIDE HILLS COUNCIL",2,1,0,1,0,2019,"June","Sunday","04:45 pm","050","Not Divided","CURVED, VIEW OPEN","Slope","Not Applicable","Sealed","Dry","Not Raining","Daylight","Hit Fixed Object","01","Driver Rider","3: SI","No Control","","",1344024.65,1660447.12,"13440251660447"
"2019-5974-27/05/2021","2 Metropolitan","GEPPS CROSS","5094","CITY OF PORT ADELAIDE ENFIELD",2,1,0,0,1,2019,"June","Sunday","07:44 pm","070","Divided Road","Straight road","Level","Not Applicable","Sealed","Dry","Not Raining","Night","Rear End","02","Driver Rider","2: MI","No Control","","",1329522.97,1680389.89,"13295231680390"
"2019-5975-27/05/2021","3 Country","VICTOR HARBOR","5211","DC VICTOR HARBOR.             ",2,0,0,0,0,2019,"June","Sunday","05:15 pm","050","Cross Road","Straight road","Level","Not Applicable","Sealed","Dry","Not Raining","Night","Right Angle","01","Driver Rider","1: PDO","Stop Sign","","",1328059.71,1600946.96,"13280601600947"
"2019-5976-27/05/2021","3 Country","OB FLAT","5291","DISTRICT COUNCIL OF GRANT",2,1,0,1,0,2019,"June","Sunday","10:20 pm","110","Not Divided","Straight road","Slope","Not Applicable","Sealed","Wet","Raining","Night","Hit Fixed Object","01","Driver Rider","3: SI","No Control","","",1510700.32,1332819.77,"15107001332820"
"2019-5977-27/05/2021","2 Metropolitan","NORTHFIELD","5085","CITY OF PORT ADELAIDE ENFIELD",2,0,0,0,0,2019,"June","Monday","04:00 am","070","Divided Road","Straight road","Level","Not Applicable","Sealed","Dry","Not Raining","Night","Hit Fixed Object","01","Driver Rider","1: PDO","No Control","","",1331784.12,1679301.56,"13317841679302"
"2019-5978-27/05/2021","2 Metropolitan","MODBURY HEIGHTS","5092","CITY OF TEA TREE GULLY",2,0,0,0,0,2019,"June","Monday","06:40 am","070","T-Junction","Straight road","Level","Not Applicable","Sealed","Dry","Not Raining","Night","Right Turn","01","Driver Rider","1: PDO","Traffic Signals","","",1337510.78,1682495.94,"13375111682496"