"REPORT_ID","Stats Area","Suburb","Postcode","LGA Name","Total Units","Total Cas","Total Fats","Total SI","Total MI","Year","Month","Day","Time","Area Speed","Position Type","Horizontal Align","Vertical Align","Other Feat","Road Surface","Moisture Cond","Weather Cond","DayNight","Crash Type","Unit Resp","Entity Code","CSEF Severity","Traffic Ctrls","DUI Involved","Drugs Involved","ACCLOC_X","ACCLOC_Y","UNIQUE_LOC"
"2019-6384-27/05/2021","2 Metropolitan","PROSPECT","5082","CITY OF PROSPECT",3,0,0,0,0,2019,"June","Thursday","11:47 am","060","Divided Road","Straight road","Level","Median Opening (not at I/S)","Sealed","Dry","Not Raining","Daylight","Rear End","02","Driver Rider","1: PDO","No Control","","",1328694.32,1674020.99,"13286941674021"
"2019-6385-27/05/2021","3 Country","PORT PIRIE","5540","PT.PIRIE CITY & DIST. COUNCIL ",2,1,0,0,1,2019,"June","Thursday","10:45 am","050","Cross Road","Straight road","Level","Not Applicable","Sealed","Dry","Not Raining","Daylight","Hit Pedestrian","02","Pedestrian","2: MI","Roundabout","","",1280001.37,1865634.4,"12800011865634"
"2019-6386-27/05/2021","2 Metropolitan","CHARLESTON","5244","THE ADELAIDE HILLS COUNCIL",2,0,0,0,0,2019,"June","Wednesday","01:30 pm","100","Not Divided","Straight road","Level","Bridge, Culvert, Causeway","Sealed","Dry","Not Raining","Daylight","Head On","02","Driver Rider","1: PDO","No Control","","",1357207.41,1671943.8,"13572071671944"
"2019-6387-27/05/2021","2 Metropolitan","SMITHFIELD","5114","CITY OF PLAYFORD.",2,0,0,0,0,2019,"June","Wednesday","04:00 pm","050","T-Junction","CURVED, VIEW OPEN","Level","Not Applicable","Sealed","Dry","Not Raining","Daylight","Rear End","01","Driver Rider","1: PDO","No Control","","",1337526.67,1697026.77,"13375271697027"
"2019-6388-27/05/2021","2 Metropolitan","FLINDERS PARK","5025","CITY OF CHARLES STURT",2,0,0,0,0,2019,"June","Wednesday","03:30 pm","060","Cross Road","Straight road","Level","Not Applicable","Sealed","Dry","Not Raining","Daylight","Rear End","02","Driver Rider","1: PDO","Traffic Signals","","",1323665.75,1673163.02,"13236661673163"
"2019-6389-27/05/2021","1 City","ADELAIDE","5000","CITY OF ADELAIDE",2,0,0,0,0,2019,"June","Thursday","02:00 pm","050","Divided Road","Straight road","Level","Not Applicable","Sealed","Dry","Not Raining","Daylight","Rear End","02","Driver Rider","1: PDO","No Control","","",1328034.5,1670334.91,"13280351670335"
"2019-6390-27/05/2021","2 Metropolitan","DOVER GARDENS","5048","CC MARION.                    ",2,0,0,0,0,2019,"June","Thursday","03:00 pm","060","Cross Road","Straight road","Level","Not Applicable","Sealed","Dry","Not Raining","Daylight","Right Turn","01","Driver Rider","1: PDO","Traffic Signals","","",1322776.93,1660610.37,"13227771660610"
"2019-6391-27/05/2021","2 Metropolitan","SALISBURY EAST","5109","CITY OF SALISBURY",2,1,0,0,1,2019,"June","Friday","08:20 am","060","Cross Road","Straight road","Level","Not Applicable","Sealed","Dry","Not Raining","Daylight","Right Angle","02","Driver Rider","2: MI","Traffic Signals","","",1334189.82,1684652.72,"13341901684653"
"2019-6392-27/05/2021","2 Metropolitan","HAMPSTEAD GARDENS","5086","CITY OF PORT ADELAIDE ENFIELD",3,0,0,0,0,2019,"June","Thursday","03:32 pm","060","Divided Road","Straight road","Level","Not Applicable","Sealed","Dry","Not Raining","Daylight","Rear End","01","Driver Rider","1: PDO","No Control","","",1331953.42,1676606.87,"13319531676607"
"2019-6393-27/05/2021","2 Metropolitan","THE RANGE","5172","CITY OF ONKAPARINGA",2,1,0,0,1,2019,"June","Thursday","03:29 pm","080","Cross Road","CURVED, VIEW OPEN","Level","Not Applicable","Sealed","Dry","Not Raining","Daylight","Hit Fixed Object","01","Driver Rider","2: MI","Give Way Sign","","",1330070.93,1636460.96,"13300711636461"
"2019-6394-27/05/2021","2 Metropolitan","KESWICK","5035","CITY OF WEST TORRENS",2,0,0,0,0,2019,"June","Thursday","03:40 pm","060","T-Junction","Straight road","Level","Not Applicable","Sealed","Dry","Not Raining","Daylight","Right Turn","01","Driver Rider","1: PDO","No Control","","",1326549.31,1668969.26,"13265491668969"
"2019-6395-27/05/2021","2 Metropolitan","UPPER STURT","5156","CC MITCHAM.                   ",2,1,0,0,1,2019,"June","Wednesday","04:43 pm","060","Not Divided","Straight road","Crest of Hill","Not Applicable","Sealed","Dry","Not Raining","Daylight","Rear End","02","Driver Rider","2: MI","No Control","","",1334468.86,1659451.89,"13344691659452"
"2019-6396-27/05/2021","2 Metropolitan","GAWLER BELT","5118","LIGHT REGIONAL COUNCIL",2,0,0,0,0,2019,"June","Thursday","04:15 pm","110","Divided Road","Straight road","Level","Not Applicable","Sealed","Dry","Not Raining","Daylight","Hit Fixed Object","01","Driver Rider","1: PDO","No Control","","",1342882.62,1709113.96,"13428831709114"
"2019-6397-27/05/2021","2 Metropolitan","SOUTH PLYMPTON","5038","CC MARION.                    ",2,1,0,0,1,2019,"June","Thursday","03:52 pm","060","Cross Road","Straight road","Level","Not Applicable","Sealed","Dry","Not Raining","Daylight","Right Turn","02","Driver Rider","2: MI","Traffic Signals","","",1324247.86,1666104.37,"13242481666104"
"2019-6398-27/05/2021","2 Metropolitan","MUNNO PARA","5115","CITY OF PLAYFORD.",2,0,0,0,0,2019,"June","Thursday","05:50 pm","060","Divided Road","Straight road","Level","Not Applicable","Sealed","Dry","Not Raining","Night","Rear End","01","Driver Rider","1: PDO","No Control","","",1337779.54,1697989.39,"13377801697989"
"2019-6399-27/05/2021","2 Metropolitan","LEABROOK","5068","CITY OF BURNSIDE",2,0,0,0,0,2019,"June","Thursday","05:47 pm","060","Cross Road","Straight road","Level","Not Applicable","Sealed","Dry","Not Raining","Night","Right Angle","01","Driver Rider","1: PDO","Traffic Signals","","",1333899.19,1670462.72,"13338991670463"
"2019-6400-27/05/2021","2 Metropolitan","HOPE VALLEY","5090","CITY OF TEA TREE GULLY",3,1,0,0,1,2019,"June","Thursday","06:05 pm","060","T-Junction","Straight road","Crest of Hill","Not Applicable","Sealed","Dry","Not Raining","Night","Right Angle","02","Driver Rider","2: MI","No Control","","",1338097.39,1679009.39,"13380971679009"
"2019-6401-27/05/2021","2 Metropolitan","NORWOOD","5067","CC OF NORWOOD,PAYNEHAM & ST PETERS",2,0,0,0,0,2019,"June","Thursday","07:00 pm","060","Cross Road","Straight road","Level","Not Applicable","Sealed","Dry","Not Raining","Night","Right Angle","01","Driver Rider","1: PDO","Stop Sign","","",1331874.28,1670398.69,"13318741670399"
"2019-6402-27/05/2021","3 Country","WHYALLA","5600","CC WHYALLA.                   ",2,0,0,0,0,2019,"June","Thursday","05:11 pm","060","Cross Road","Straight road","Level","Not Applicable","Unsealed","Dry","Not Raining","Daylight","Right Angle","01","Driver Rider","1: PDO","Give Way Sign","","",1239467.5,1883186.01,"12394681883186"
"2019-6403-27/05/2021","2 Metropolitan","BALHANNAH","5242","THE ADELAIDE HILLS COUNCIL",2,0,0,0,0,2019,"June","Thursday","05:45 pm","080","Not Divided","Straight road","Bottom of Hill","Not Applicable","Sealed","Dry","Not Raining","Night","Hit Fixed Object","01","Driver Rider","1: PDO","No Control","","",1346188.37,1663451.22,"13461881663451"
"2019-6404-27/05/2021","2 Metropolitan","HALLETT COVE","5158","CC MARION.                    ",2,1,0,0,1,2019,"June","Wednesday","01:15 pm","050","Divided Road","Straight road","Level","Driveway or Entrance","Sealed","Dry","Not Raining","Daylight","Right Angle","02","Driver Rider","2: MI","No Control","","",1320237.39,1653978.48,"13202371653978"
"2019-6405-27/05/2021","2 Metropolitan","GAWLER SOUTH","5118","CT GAWLER.                    ",2,1,0,0,1,2019,"June","Thursday","08:55 pm","050","T-Junction","Straight road","Level","Not Applicable","Sealed","Dry","Not Raining","Night","Right Angle","01","Driver Rider","2: MI","No Control","","",1343088.4,1705805.71,"13430881705806"
"2019-6406-27/05/2021","3 Country","MOUNT GAMBIER","5290","CC MT.GAMBIER.                ",3,1,0,0,1,2019,"June","Thursday","09:15 pm","050","Cross Road","Straight road","Level","Not Applicable","Sealed","Dry","Not Raining","Night","Right Angle","02","Driver Rider","2: MI","Give Way Sign","","",1509929.03,1339849.75,"15099291339850"
"2019-6407-27/05/2021","3 Country","ASHBOURNE","5157","ALEXANDRINA COUNCIL",4,0,0,0,0,2019,"June","Thursday","02:30 pm","100","Not Divided","Straight road","Level","Bridge, Culvert, Causeway","Sealed","Dry","Not Raining","Daylight","Hit Fixed Object","01","Driver Rider","1: PDO","No Control","","",1341080.32,1628361.54,"13410801628362"
"2019-6408-27/05/2021","2 Metropolitan","ROSSLYN PARK","5072","CITY OF BURNSIDE",2,0,0,0,0,2019,"June","Thursday","10:10 pm","060","Cross Road","Straight road","Slope","Not Applicable","Sealed","Dry","Not Raining","Night","Right Angle","01","Driver Rider","1: PDO","Roundabout","","",1335500.57,1671157.56,"13355011671158"
"2019-6409-27/05/2021","2 Metropolitan","GLENELG EAST","5045","CITY OF HOLDFAST BAY",2,1,0,1,0,2019,"June","Thursday","11:30 pm","060","Divided Road","Straight road","Level","Not Applicable","Sealed","Dry","Not Raining","Night","Hit Fixed Object","01","Driver Rider","3: SI","No Control","","",1321024.99,1664979.79,"13210251664980"
"2019-6410-27/05/2021","2 Metropolitan","OAKDEN","5086","CITY OF PORT ADELAIDE ENFIELD",3,0,0,0,0,2019,"June","Friday","07:05 am","070","Divided Road","Straight road","Level","Not Applicable","Sealed","Dry","Not Raining","Night","Rear End","01","Driver Rider","1: PDO","No Control","","",1332594.37,1679324.4,"13325941679324"
"2019-6411-27/05/2021","2 Metropolitan","CROYDON PARK","5008","CITY OF PORT ADELAIDE ENFIELD",2,0,0,0,0,2019,"June","Friday","08:01 am","060","Cross Road","Straight road","Level","Not Applicable","Sealed","Dry","Not Raining","Daylight","Right Turn","01","Driver Rider","1: PDO","Traffic Signals","","",1326082.02,1675556.39,"13260821675556"
"2019-6412-27/05/2021","2 Metropolitan","NORWOOD","5067","CC OF NORWOOD,PAYNEHAM & ST PETERS",3,0,0,0,0,2019,"June","Friday","07:40 am","060","Divided Road","Straight road","Slope","Not Applicable","Sealed","Dry","Not Raining","Daylight","Rear End","01","Driver Rider","1: PDO","No Control","","",1332258.02,1671116.04,"13322581671116"
"2019-6413-27/05/2021","2 Metropolitan","TORRENS PARK","5062","CC MITCHAM.                   ",2,0,0,0,0,2019,"June","Friday","08:20 am","060","T-Junction","Straight road","Slope","Not Applicable","Sealed","Dry","Not Raining","Daylight","Right Angle","02","Driver Rider","1: PDO","Give Way Sign","","",1329215.75,1663423.47,"13292161663423"
"2019-6414-27/05/2021","2 Metropolitan","GLENELG SOUTH","5045","CITY OF HOLDFAST BAY",2,0,0,0,0,2019,"June","Thursday","06:30 pm","050","Cross Road","Straight road","Level","Not Applicable","Sealed","Dry","Not Raining","Night","Right Angle","01","Driver Rider","1: PDO","Stop Sign","","",1320830.32,1663765.12,"13208301663765"
"2019-6415-27/05/2021","2 Metropolitan","SALISBURY NORTH","5108","CITY OF SALISBURY",2,1,0,0,1,2019,"June","Friday","08:45 am","050","Cross Road","CURVED, VIEW OPEN","Level","Not Applicable","Sealed","Dry","Not Raining","Daylight","Right Angle","02","Driver Rider","2: MI","Give Way Sign","","",1332609.95,1690193.38,"13326101690193"
"2019-6416-27/05/2021","1 City","ADELAIDE","5000","CITY OF ADELAIDE",2,0,0,0,0,2019,"June","Thursday","05:21 pm","050","Cross Road","Straight road","Level","Not Applicable","Sealed","Dry","Not Raining","Night","Right Turn","02","Driver Rider","1: PDO","Traffic Signals","","",1329034.22,1670362.17,"13290341670362"
"2019-6417-27/05/2021","2 Metropolitan","CLOVELLY PARK","5042","CC MARION.                    ",2,1,0,1,0,2019,"June","Thursday","12:30 pm","050","T-Junction","Straight road","Level","Not Applicable","Sealed","Dry","Not Raining","Daylight","Right Angle","02","Driver Rider","3: SI","No Control","","",1325769.73,1662649.74,"13257701662650"
"2019-6418-27/05/2021","3 Country","WELBOURN HILL","5724",,1,1,0,0,1,2019,"June","Thursday","05:30 pm","110","T-Junction","Straight road","Level","Not Applicable","Sealed","Dry","Not Raining","Night","Roll Over","01","Driver Rider","2: MI","No Control","","",863797.8,2518552.37,"08637982518552"
"2019-6419-27/05/2021","2 Metropolitan","ST AGNES","5097","CITY OF TEA TREE GULLY",2,1,0,0,1,2019,"June","Friday","03:55 pm","060","Cross Road","Straight road","Level","Not Applicable","Sealed","Dry","Not Raining","Daylight","Rear End","02","Driver Rider","2: MI","Traffic Signals","","",1339724.11,1681912.39,"13397241681912"
"2019-6420-27/05/2021","2 Metropolitan","KIDMAN PARK","5025","CITY OF CHARLES STURT",2,0,0,0,0,2019,"June","Friday","10:27 am","060","T-Junction","Straight road","Level","Not Applicable","Sealed","Dry","Not Raining","Daylight","Right Angle","01","Driver Rider","1: PDO","No Control","","",1321925.02,1673111.13,"13219251673111"
"2019-6421-27/05/2021","2 Metropolitan","NEWTON","5074","CC CAMPBELLTOWN.              ",2,0,0,0,0,2019,"June","Friday","10:03 am","060","T-Junction","Straight road","Level","Not Applicable","Sealed","Dry","Not Raining","Daylight","Right Angle","02","Driver Rider","1: PDO","Stop Sign","","",1337017.24,1675378.51,"13370171675379"
"2019-6422-27/05/2021","2 Metropolitan","ELIZABETH VALE","5112","CITY OF PLAYFORD.",2,1,0,1,0,2019,"June","Friday","11:04 am","060","T-Junction","Straight road","Level","Not Applicable","Sealed","Dry","Not Raining","Daylight","Hit Pedestrian","02","Pedestrian","3: SI","No Control","","",1335254.54,1690056.88,"13352551690057"
"2019-6423-27/05/2021","2 Metropolitan","OAKLANDS PARK","5046","CC MARION.                    ",3,1,1,0,0,2019,"June","Friday","08:57 am","010","Other","Straight road","Level","Not Applicable","Sealed","Dry","Not Raining","Daylight","Hit Parked Vehicle","01","Driver Rider","4: Fatal","No Control","","",1323289.91,1660692.88,"13232901660693"
"2019-6424-27/05/2021","2 Metropolitan","MORPHETT VALE","5162","CITY OF ONKAPARINGA",2,3,0,0,3,2019,"June","Friday","11:15 am","060","Cross Road","Straight road","Level","Not Applicable","Sealed","Dry","Not Raining","Daylight","Right Turn","02","Driver Rider","2: MI","Traffic Signals","","",1320740.69,1651011.75,"13207411651012"
"2019-6425-27/05/2021","3 Country","TANUNDA","5352","THE BAROSSA COUNCIL.",3,0,0,0,0,2019,"June","Friday","12:55 pm","050","Not Divided","Straight road","Level","Not Applicable","Sealed","Dry","Not Raining","Daylight","Side Swipe","01","Driver Rider","1: PDO","No Control","","",1362327.42,1713546.89,"13623271713547"
"2019-6426-27/05/2021","2 Metropolitan","PLYMPTON PARK","5038","CC MARION.                    ",3,0,0,0,0,2019,"July","Tuesday","04:36 pm","050","T-Junction","Straight road","Level","Not Applicable","Sealed","Dry","Not Raining","Daylight","Rear End","01","Driver Rider","1: PDO","No Control","","",1323741.22,1664739.04,"13237411664739"
"2019-6427-27/05/2021","1 City","ADELAIDE","5000","CITY OF ADELAIDE",2,0,0,0,0,2019,"June","Friday","12:30 pm","050","T-Junction","Straight road","Level","Not Applicable","Sealed","Dry","Not Raining","Daylight","Side Swipe","01","Driver Rider","1: PDO","No Control","","",1327928.7,1670388.38,"13279291670388"
"2019-6428-27/05/2021","2 Metropolitan","BELAIR","5052","CC MITCHAM.                   ",2,0,0,0,0,2019,"June","Thursday","01:13 pm","060","T-Junction","Straight road","Level","Not Applicable","Sealed","Dry","Not Raining","Daylight","Side Swipe","02","Driver Rider","1: PDO","No Control","","",1330339.87,1662425.63,"13303401662426"
"2019-6429-27/05/2021","2 Metropolitan","NORTHGATE","5085","CITY OF PORT ADELAIDE ENFIELD",2,0,0,0,0,2019,"June","Friday","12:00 pm","070","T-Junction","Straight road","Level","Not Applicable","Sealed","Dry","Not Raining","Daylight","Rear End","01","Driver Rider","1: PDO","No Control","","",1331464.44,1679287.03,"13314641679287"
"2019-6430-27/05/2021","2 Metropolitan","FULLARTON","5063","CITY OF UNLEY",2,0,0,0,0,2019,"June","Friday","01:51 pm","060","Not Divided","Straight road","Slope","Not Applicable","Sealed","Dry","Not Raining","Daylight","Hit Fixed Object","01","Driver Rider","1: PDO","No Control","","",1330895.5,1668174.14,"13308961668174"
"2019-6431-27/05/2021","2 Metropolitan","ALBERTON","5014","CITY OF PORT ADELAIDE ENFIELD",2,1,0,1,0,2019,"June","Friday","08:30 am","050","Not Divided","Straight road","Level","Driveway or Entrance","Sealed","Dry","Not Raining","Daylight","Hit Pedestrian","01","Driver Rider","3: SI","No Control","","",1321043.46,1678147.71,"13210431678148"
"2019-6432-27/05/2021","2 Metropolitan","MEDINDIE","5081","WALKERVILLE TOWN COUNCIL",2,1,0,0,1,2019,"June","Friday","02:32 pm","060","T-Junction","Straight road","Crest of Hill","Not Applicable","Sealed","Dry","Not Raining","Daylight","Right Angle","01","Driver Rider","2: MI","No Control","","",1329049.81,1673438.84,"13290501673439"
"2019-6433-27/05/2021","1 City","ADELAIDE","5000","CITY OF ADELAIDE",2,0,0,0,0,2019,"June","Friday","01:20 pm","060","Divided Road","Straight road","Level","Median Opening (not at I/S)","Sealed","Dry","Not Raining","Daylight","Rear End","02","Driver Rider","1: PDO","No Control","","",1327261.56,1670310.12,"13272621670310"
"2019-6434-27/05/2021","2 Metropolitan","WALKERVILLE","5081","WALKERVILLE TOWN COUNCIL",3,1,0,0,1,2019,"June","Friday","03:07 pm","060","Divided Road","Straight road","Level","Not Applicable","Sealed","Dry","Not Raining","Daylight","Rear End","01","Driver Rider","2: MI","No Control","","",1330408.62,1675155.69,"13304091675156"
"2019-6435-27/05/2021","2 Metropolitan","POORAKA","5095","CITY OF SALISBURY",2,0,0,0,0,2019,"June","Friday","01:30 pm","050","Not Divided","Straight road","Level","Not Applicable","Sealed","Dry","Not Raining","Daylight","Side Swipe","02","Driver Rider","1: PDO","No Control","","",1330108.38,1680877.53,"13301081680878"
"2019-6436-27/05/2021","2 Metropolitan","KENSINGTON","5068","CC OF NORWOOD,PAYNEHAM & ST PETERS",2,0,0,0,0,2019,"June","Friday","08:18 am","060","Cross Road","Straight road","Level","Not Applicable","Sealed","Dry","Not Raining","Daylight","Side Swipe","01","Driver Rider","1: PDO","Traffic Signals","","",1332249.68,1671082.45,"13322501671082"
"2019-6437-27/05/2021","2 Metropolitan","ST MARYS","5042","CC MITCHAM.                   ",3,0,0,0,0,2019,"June","Friday","09:50 am","060","Divided Road","Straight road","Level","Not Applicable","Sealed","Dry","Not Raining","Daylight","Hit Object on Road","01","Driver Rider","1: PDO","Other","","",1325996.67,1661572.55,"13259971661573"
"2019-6438-27/05/2021","1 City","NORTH ADELAIDE","5006","CITY OF ADELAIDE",2,0,0,0,0,2019,"June","Friday","03:38 pm","060","Cross Road","Straight road","Level","Not Applicable","Sealed","Dry","Not Raining","Daylight","Right Angle","01","Driver Rider","1: PDO","Traffic Signals","","",1327668.37,1673224.8,"13276681673225"
"2019-6439-27/05/2021","2 Metropolitan","GLENELG","5045","CITY OF HOLDFAST BAY",2,0,0,0,0,2019,"June","Friday","01:26 pm","050","Not Divided","Straight road","Level","Not Applicable","Sealed","Dry","Not Raining","Daylight","Right Angle","02","Driver Rider","1: PDO","No Control","","",1320535.98,1664948.21,"13205361664948"
"2019-6440-27/05/2021","2 Metropolitan","COLLINSWOOD","5081","CITY OF PROSPECT",2,1,0,0,1,2019,"June","Friday","04:52 pm","060","T-Junction","Straight road","Level","Not Applicable","Sealed","Dry","Not Raining","Daylight","Right Turn","01","Driver Rider","2: MI","No Control","","Y",1330186.09,1674963.57,"13301861674964"
"2019-6441-27/05/2021","2 Metropolitan","MAYLANDS","5069","CC OF NORWOOD,PAYNEHAM & ST PETERS",2,1,0,0,1,2019,"June","Friday","06:00 pm","060","Not Divided","Straight road","Level","Driveway or Entrance","Sealed","Dry","Not Raining","Night","Rear End","01","Driver Rider","2: MI","No Control","","",1331979.92,1671755.07,"13319801671755"
"2019-6442-27/05/2021","2 Metropolitan","KENSINGTON","5068","CC OF NORWOOD,PAYNEHAM & ST PETERS",2,0,0,0,0,2019,"June","Friday","06:00 pm","060","Divided Road","Straight road","Level","Not Applicable","Sealed","Dry","Not Raining","Night","Rear End","02","Driver Rider","1: PDO","No Control","","",1332250.41,1671046.08,"13322501671046"
"2019-6443-27/05/2021","3 Country","BORDERTOWN","5268","DC TATIARA.                   ",2,0,0,0,0,2019,"June","Friday","03:55 pm","100","Not Divided","CURVED, VIEW OPEN","Level","Not Applicable","Sealed","Dry","Not Raining","Daylight","Hit Fixed Object","09","Other","1: PDO","No Control","","",1514978.51,1511680.16,"15149791511680"
"2019-6444-27/05/2021","2 Metropolitan","KILKENNY","5009","CITY OF CHARLES STURT",2,0,0,0,0,2019,"June","Friday","07:05 pm","050","Cross Road","Straight road","Level","Not Applicable","Sealed","Dry","Not Raining","Night","Right Angle","02","Driver Rider","1: PDO","Roundabout","","",1324305.6,1676747.91,"13243061676748"
"2019-6445-27/05/2021","2 Metropolitan","ANGLE VALE","5117","CITY OF PLAYFORD.",2,0,0,0,0,2019,"June","Friday","07:22 pm","060","Not Divided","Straight road","Level","Driveway or Entrance","Sealed","Dry","Not Raining","Night","Right Turn","01","Driver Rider","1: PDO","No Control","","",1333580.74,1701381.73,"13335811701382"
"2019-6446-27/05/2021","3 Country","NARACOORTE","5271","DC NARACOORTE & LUCINDALE.",2,0,0,0,0,2019,"June","Friday","06:00 pm","100","Cross Road","CURVED, VIEW OBSCURED","Level","Not Applicable","Unsealed","Dry","Not Raining","Night","Right Angle","01","Driver Rider","1: PDO","No Control","","",1515077.12,1439536.37,"15150771439536"
"2019-6447-27/05/2021","2 Metropolitan","SALISBURY DOWNS","5108","CITY OF SALISBURY",3,2,0,0,2,2019,"June","Friday","08:35 pm","060","Cross Road","Straight road","Level","Not Applicable","Sealed","Dry","Not Raining","Night","Right Turn","01","Driver Rider","2: MI","Traffic Signals","","",1331449.68,1686814.24,"13314501686814"
"2019-6448-27/05/2021","2 Metropolitan","WOODVILLE NORTH","5012","CITY OF CHARLES STURT",4,0,0,0,0,2019,"June","Friday","06:20 pm","060","T-Junction","Straight road","Level","Not Applicable","Sealed","Dry","Not Raining","Night","Rear End","01","Driver Rider","1: PDO","Traffic Signals","","",1323965.46,1676423.83,"13239651676424"
"2019-6449-27/05/2021","2 Metropolitan","BEDFORD PARK","5042","CC MARION.                    ",2,0,0,0,0,2019,"June","Friday","10:30 am","050","T-Junction","Straight road","Level","Roadworks","Sealed","Dry","Not Raining","Daylight","Side Swipe","02","Driver Rider","1: PDO","Traffic Signals","","",1324854.16,1660080.43,"13248541660080"
"2019-6450-27/05/2021","2 Metropolitan","LOCKLEYS","5032","CITY OF WEST TORRENS",2,1,0,0,1,2019,"June","Friday","09:30 pm","060","Cross Road","Straight road","Level","Additional Control Operating","Sealed","Dry","Not Raining","Night","Right Angle","02","Driver Rider","2: MI","Traffic Signals","","",1320925.87,1669961.54,"13209261669962"
"2019-6451-27/05/2021","3 Country","WHITES RIVER","5607","DC LOWER EYRE PENINSULA       ",2,1,1,0,0,2019,"June","Friday","06:45 pm","110","Not Divided","Straight road","Level","Not Applicable","Sealed","Dry","Not Raining","Night","Head On","01","Driver Rider","4: Fatal","No Control","","",1085245.69,1724582.73,"10852461724583"
"2019-6452-27/05/2021","2 Metropolitan","PARAFIELD","5106","CITY OF SALISBURY",2,1,0,0,1,2019,"June","Saturday","06:23 am","080","Cross Road","Straight road","Level","Not Applicable","Sealed","Wet","Raining","Night","Right Turn","01","Driver Rider","2: MI","Traffic Signals","","",1332521.09,1684419.56,"13325211684420"
"2019-6453-27/05/2021","2 Metropolitan","GRANGE","5022","CITY OF CHARLES STURT",2,1,0,0,1,2019,"June","Saturday","07:10 am","050","Cross Road","Straight road","Level","Not Applicable","Sealed","Wet","Raining","Night","Right Angle","01","Driver Rider","2: MI","Stop Sign","","",1318619.9,1673581.58,"13186201673582"
"2019-6454-27/05/2021","3 Country","STRATHALBYN","5255","ALEXANDRINA COUNCIL",2,0,0,0,0,2019,"June","Friday","03:50 pm","050","Not Divided","Straight road","Level","Driveway or Entrance","Sealed","Dry","Not Raining","Daylight","Right Angle","01","Driver Rider","1: PDO","No Control","","",1353657.89,1632145.36,"13536581632145"
"2019-6455-27/05/2021","2 Metropolitan","BLACKWOOD","5051","CC MITCHAM.                   ",2,0,0,0,0,2019,"June","Friday","05:30 pm","050","Cross Road","Straight road","Slope","Not Applicable","Sealed","Dry","Not Raining","Night","Right Angle","01","Driver Rider","1: PDO","Stop Sign","","",1329485.91,1660040.61,"13294861660041"
"2019-6456-27/05/2021","2 Metropolitan","WEST LAKES","5021","CITY OF CHARLES STURT",2,0,0,0,0,2019,"June","Saturday","08:15 am","060","Divided Road","Straight road","Level","Not Applicable","Sealed","Wet","Raining","Daylight","Head On","01","Driver Rider","1: PDO","No Control","","",1319668.25,1679088.81,"13196681679089"
"2019-6457-27/05/2021","2 Metropolitan","WARRADALE","5046","CC MARION.                    ",2,1,0,0,1,2019,"June","Saturday","08:20 am","050","Cross Road","Straight road","Level","Not Applicable","Sealed","Wet","Raining","Daylight","Right Angle","01","Driver Rider","2: MI","Give Way Sign","","",1322201.98,1662756.91,"13222021662757"
"2019-6458-27/05/2021","2 Metropolitan","THEBARTON","5031","CITY OF WEST TORRENS",2,0,0,0,0,2019,"June","Saturday","11:00 am","060","Divided Road","Straight road","Level","Not Applicable","Sealed","Wet","Not Raining","Daylight","Rear End","02","Driver Rider","1: PDO","No Control","","",1326530.16,1672135.44,"13265301672135"
"2019-6459-27/05/2021","1 City","ADELAIDE","5000","CITY OF ADELAIDE",2,0,0,0,0,2019,"June","Saturday","01:05 pm","050","Cross Road","Straight road","Level","Not Applicable","Sealed","Wet","Raining","Daylight","Right Angle","02","Driver Rider","1: PDO","Traffic Signals","","",1327938.96,1670017.4,"13279391670017"
"2019-6460-27/05/2021","2 Metropolitan","O'HALLORAN HILL","5158","CC MARION.                    ",2,1,0,0,1,2019,"June","Saturday","01:40 pm","080","Freeway","Straight road","Slope","Not Applicable","Sealed","Wet","Raining","Daylight","Hit Fixed Object","01","Driver Rider","2: MI","No Control","","",1323110.77,1656599.45,"13231111656599"
"2019-6461-27/05/2021","3 Country","LAKE PLAINS","5255","ALEXANDRINA COUNCIL",4,0,0,0,0,2019,"June","Friday","01:15 pm","100","Not Divided","Straight road","Level","Not Applicable","Unsealed","Dry","Not Raining","Daylight","Side Swipe","02","Driver Rider","1: PDO","No Control","","",1367863.75,1620286.48,"13678641620286"
"2019-6462-27/05/2021","3 Country","MOORLANDS","5301","COORONG DISTRICT COUNCIL",2,1,0,0,1,2019,"June","Saturday","11:15 am","110","Not Divided","Straight road","Level","Not Applicable","Sealed","Wet","Raining","Daylight","Hit Fixed Object","01","Driver Rider","2: MI","No Control","","",1422462.59,1625603.27,"14224631625603"
"2019-6463-27/05/2021","2 Metropolitan","BURNSIDE","5066","CITY OF BURNSIDE",2,1,0,1,0,2019,"June","Saturday","02:30 pm","060","T-Junction","Straight road","Crest of Hill","Not Applicable","Sealed","Wet","Raining","Daylight","Right Angle","02","Driver Rider","3: SI","Stop Sign","","",1334752.82,1669124.21,"13347531669124"
"2019-6464-27/05/2021","2 Metropolitan","WOODVILLE NORTH","5012","CITY OF CHARLES STURT",2,2,0,0,2,2019,"June","Saturday","03:20 pm","060","T-Junction","Straight road","Level","Not Applicable","Sealed","Wet","Raining","Daylight","Right Turn","01","Driver Rider","2: MI","No Control","","",1323146.28,1677085.09,"13231461677085"