"REPORT_ID","Stats Area","Suburb","Postcode","LGA Name","Total Units","Total Cas","Total Fats","Total SI","Total MI","Year","Month","Day","Time","Area Speed","Position Type","Horizontal Align","Vertical Align","Other Feat","Road Surface","Moisture Cond","Weather Cond","DayNight","Crash Type","Unit Resp","Entity Code","CSEF Severity","Traffic Ctrls","DUI Involved","Drugs Involved","ACCLOC_X","ACCLOC_Y","UNIQUE_LOC"
"2019-6953-27/05/2021","3 Country","RENMARK","5341","DC RENMARK PARINGA            ",2,1,0,0,1,2019,"July","Monday","09:50 am","060","Cross Road","Straight road","Level","Not Applicable","Sealed","Wet","Not Raining","Daylight","Right Angle","01","Driver Rider","2: MI","Give Way Sign","","",1528366.03,1745057.51,"15283661745058"
"2019-6954-27/05/2021","2 Metropolitan","EDWARDSTOWN","5039","CC MITCHAM.                   ",2,1,0,0,1,2019,"July","Saturday","02:20 pm","060","Pedestrian Crossing","Straight road","Level","Median Opening (not at I/S)","Sealed","Dry","Not Raining","Daylight","Rear End","01","Driver Rider","2: MI","Traffic Signals","","",1325905.8,1665348.24,"13259061665348"
"2019-6955-27/05/2021","2 Metropolitan","MOANA","5169","CITY OF ONKAPARINGA",2,0,0,0,0,2019,"July","Monday","10:00 am","050","Not Divided","Straight road","Level","Not Applicable","Sealed","Dry","Not Raining","Daylight","Hit Parked Vehicle","02","Driver Rider","1: PDO","No Control","","",1316265.06,1638573.76,"13162651638574"
"2019-6956-27/05/2021","3 Country","MOYHALL","5271","DC NARACOORTE & LUCINDALE.",2,0,0,0,0,2019,"June","Saturday","05:00 pm","100","Not Divided","Straight road","Level","Not Applicable","Unsealed","Wet","Not Raining","Daylight","Hit Fixed Object","01","Driver Rider","1: PDO","No Control","","",1507470.11,1432508.81,"15074701432509"
"2019-6957-27/05/2021","2 Metropolitan","CHRISTIES BEACH","5165","CITY OF ONKAPARINGA",2,0,0,0,0,2019,"July","Saturday","10:50 am","050","Not Divided","Straight road","Level","Not Applicable","Sealed","Dry","Not Raining","Daylight","Hit Parked Vehicle","01","Driver Rider","1: PDO","No Control","","",1315922.9,1648204.77,"13159231648205"
"2019-6958-27/05/2021","2 Metropolitan","CHELTENHAM","5014","CITY OF CHARLES STURT",2,0,0,0,0,2019,"July","Monday","10:50 am","060","Cross Road","Straight road","Level","Not Applicable","Sealed","Dry","Not Raining","Daylight","Rear End","02","Driver Rider","1: PDO","Traffic Signals","","",1322118.29,1676363.89,"13221181676364"
"2019-6959-27/05/2021","3 Country","STOCKWELL","5355","THE BAROSSA COUNCIL.",2,0,0,0,0,2019,"July","Thursday","06:30 pm","110","Not Divided","Straight road","Slope","Not Applicable","Sealed","Wet","Raining","Night","Side Swipe","02","Driver Rider","1: PDO","No Control","","",1371986.77,1724478.84,"13719871724479"
"2019-6960-27/05/2021","2 Metropolitan","ST MORRIS","5068","CC OF NORWOOD,PAYNEHAM & ST PETERS",2,0,0,0,0,2019,"July","Saturday","06:00 pm","060","Not Divided","Straight road","Level","Not Applicable","Sealed","Wet","Not Raining","Night","Hit Parked Vehicle","02","Driver Rider","1: PDO","No Control","","",1333303.16,1671790.02,"13333031671790"
"2019-6961-27/05/2021","3 Country","RENMARK","5341","DC RENMARK PARINGA            ",2,0,0,0,0,2019,"July","Monday","11:50 am","050","Not Divided","Straight road","Level","Not Applicable","Sealed","Dry","Not Raining","Daylight","Hit Pedestrian","02","Driver Rider","1: PDO","No Control","","",1529000.99,1745513.74,"15290011745514"
"2019-6962-27/05/2021","2 Metropolitan","SEAFORD","5169","CITY OF ONKAPARINGA",3,0,0,0,0,2019,"July","Saturday","05:00 pm","070","Divided Road","Straight road","Level","Not Applicable","Sealed","Wet","Not Raining","Daylight","Hit Object on Road","01","Driver Rider","1: PDO","No Control","","",1316372.04,1641810.64,"13163721641811"
"2019-6963-27/05/2021","2 Metropolitan","KESWICK TERMINAL","5035","CITY OF WEST TORRENS",2,1,0,0,1,2019,"July","Friday","10:45 am","060","Cross Road","Straight road","Level","Not Applicable","Sealed","Dry","Not Raining","Daylight","Rear End","02","Driver Rider","2: MI","Traffic Signals","","",1326194.85,1670098.05,"13261951670098"
"2019-6964-27/05/2021","2 Metropolitan","COROMANDEL VALLEY","5051","CITY OF ONKAPARINGA",2,1,0,0,1,2019,"July","Monday","02:30 pm","060","Not Divided","Straight road","Level","Driveway or Entrance","Sealed","Wet","Raining","Daylight","Right Angle","01","Driver Rider","2: MI","No Control","","",1329881.27,1656705.75,"13298811656706"
"2019-6965-27/05/2021","2 Metropolitan","SALISBURY SOUTH","5106","CITY OF SALISBURY",2,0,0,0,0,2019,"July","Monday","03:10 pm","050","Not Divided","Straight road","Level","Not Applicable","Sealed","Wet","Not Raining","Daylight","Hit Fixed Object","01","Driver Rider","1: PDO","No Control","","",1333353.49,1686197.66,"13333531686198"
"2019-6966-27/05/2021","3 Country","WILLIAMSTOWN","5351","THE BAROSSA COUNCIL.",2,1,0,0,1,2019,"July","Monday","02:15 am","100","Not Divided","CURVED, VIEW OPEN","Slope","Not Applicable","Sealed","Wet","Raining","Night","Hit Fixed Object","01","Driver Rider","2: MI","No Control","","",1352053.25,1697392.62,"13520531697393"
"2019-6967-27/05/2021","1 City","ADELAIDE","5000","CITY OF ADELAIDE",2,0,0,0,0,2019,"July","Monday","02:30 pm","050","Cross Road","Straight road","Level","Not Applicable","Sealed","Dry","Not Raining","Daylight","Rear End","01","Driver Rider","1: PDO","Traffic Signals","","",1329033.89,1670373.94,"13290341670374"
"2019-6968-27/05/2021","2 Metropolitan","DERNANCOURT","5075","CITY OF TEA TREE GULLY",2,0,0,0,0,2019,"July","Monday","01:40 pm","060","Divided Road","Straight road","Level","Not Applicable","Sealed","Wet","Not Raining","Daylight","Rear End","01","Driver Rider","1: PDO","No Control","","",1336278.42,1677521.81,"13362781677522"
"2019-6969-27/05/2021","2 Metropolitan","VISTA","5091","CITY OF TEA TREE GULLY",2,0,0,0,0,2019,"July","Monday","04:30 pm","080","Not Divided","CURVED, VIEW OBSCURED","Slope","Not Applicable","Sealed","Wet","Raining","Daylight","Hit Fixed Object","01","Driver Rider","1: PDO","No Control","","",1341067.61,1679483.28,"13410681679483"
"2019-6970-27/05/2021","2 Metropolitan","WEST HINDMARSH","5007","CITY OF CHARLES STURT",2,1,0,0,1,2019,"July","Monday","04:30 pm","060","Cross Road","Straight road","Level","Not Applicable","Sealed","Dry","Not Raining","Daylight","Rear End","02","Driver Rider","2: MI","Traffic Signals","","",1325421.27,1673141.18,"13254211673141"
"2019-6971-27/05/2021","2 Metropolitan","BEDFORD PARK","5042","CC MARION.                    ",2,0,0,0,0,2019,"July","Thursday","08:30 am","060","T-Junction","Straight road","Level","Roadworks","Sealed","Wet","Not Raining","Daylight","Right Turn","02","Driver Rider","1: PDO","No Control","","",1325132.65,1660685.79,"13251331660686"
"2019-6972-27/05/2021","2 Metropolitan","MODBURY HEIGHTS","5092","CITY OF TEA TREE GULLY",2,0,0,0,0,2019,"July","Monday","03:20 pm","050","Not Divided","Straight road","Level","Driveway or Entrance","Sealed","Wet","Not Raining","Daylight","Right Angle","01","Driver Rider","1: PDO","No Control","","",1336025.41,1682448.56,"13360251682449"
"2019-6973-27/05/2021","2 Metropolitan","VALLEY VIEW","5093","CITY OF TEA TREE GULLY",2,1,0,0,1,2019,"July","Monday","05:50 pm","060","Cross Road","Straight road","Level","Not Applicable","Sealed","Wet","Not Raining","Night","Right Angle","01","Driver Rider","2: MI","Roundabout","","",1335704.92,1680585.16,"13357051680585"
"2019-6974-27/05/2021","2 Metropolitan","DAVOREN PARK","5113","CITY OF PLAYFORD.",2,2,0,0,2,2019,"July","Monday","05:45 pm","050","Not Divided","Straight road","Level","Not Applicable","Sealed","Wet","Not Raining","Night","Hit Parked Vehicle","01","Driver Rider","2: MI","No Control","","",1335124.58,1696201.2,"13351251696201"
"2019-6975-27/05/2021","2 Metropolitan","LEWISTON","5501","DC MALLALA.                   ",2,0,0,0,0,2019,"July","Friday","08:00 am","080","Not Divided","Straight road","Level","Not Applicable","Sealed","Wet","Not Raining","Daylight","Hit Fixed Object","01","Driver Rider","1: PDO","No Control","","",1332226.65,1706575.47,"13322271706575"
"2019-6976-27/05/2021","2 Metropolitan","HOLDEN HILL","5088","CITY OF PORT ADELAIDE ENFIELD",2,1,0,0,1,2019,"July","Monday","05:30 pm","060","Cross Road","Straight road","Level","Not Applicable","Sealed","Dry","Not Raining","Night","Rear End","02","Driver Rider","2: MI","Traffic Signals","","",1333819.81,1678101.49,"13338201678101"
"2019-6977-27/05/2021","2 Metropolitan","LEABROOK","5068","CITY OF BURNSIDE",2,0,0,0,0,2019,"July","Friday","11:15 am","060","Cross Road","Straight road","Level","Unknown","Sealed","Dry","Not Raining","Daylight","Rear End","02","Driver Rider","1: PDO","Traffic Signals","","",1333899.19,1670462.72,"13338991670463"
"2019-6978-27/05/2021","2 Metropolitan","REGENCY PARK","5010","CITY OF PORT ADELAIDE ENFIELD",3,0,0,0,0,2019,"July","Monday","06:30 pm","060","Cross Road","Straight road","Level","Not Applicable","Sealed","Wet","Raining","Night","Right Turn","01","Driver Rider","1: PDO","Traffic Signals","","",1325607.25,1676354.38,"13256071676354"
"2019-6979-27/05/2021","3 Country","SECOND VALLEY","5204","DC YANKALILLA.                ",1,1,0,0,1,2019,"July","Monday","06:30 am","060","Not Divided","CURVED, VIEW OPEN","Slope","Not Applicable","Sealed","Wet","Raining","Night","Roll Over","01","Driver Rider","2: MI","No Control","","",1292659.19,1605078.72,"12926591605079"
"2019-6980-27/05/2021","2 Metropolitan","FULHAM","5024","CITY OF WEST TORRENS",2,0,0,0,0,2019,"July","Tuesday","03:00 am","060","T-Junction","Straight road","Level","Not Applicable","Sealed","Wet","Raining","Night","Hit Fixed Object","01","Driver Rider","1: PDO","Stop Sign","","",1320968.4,1670593.81,"13209681670594"
"2019-6981-27/05/2021","3 Country","HAMLEY BRIDGE","5401","WAKEFIELD REGIONAL COUNCIL",2,1,0,0,1,2019,"July","Tuesday","06:00 am","060","T-Junction","Straight road","Slope","Not Applicable","Unsealed","Wet","Raining","Night","Hit Fixed Object","01","Driver Rider","2: MI","Give Way Sign","","",1336192.75,1733151.35,"13361931733151"
"2019-6982-27/05/2021","2 Metropolitan","CAVAN","5094","CITY OF SALISBURY",3,1,0,0,1,2019,"July","Tuesday","06:55 am","050","Not Divided","Straight road","Level","Not Applicable","Sealed","Wet","Raining","Night","Hit Parked Vehicle","01","Driver Rider","2: MI","No Control","","",1329171.27,1682059.44,"13291711682059"
"2019-6983-27/05/2021","2 Metropolitan","BRIGHTON","5048","CITY OF HOLDFAST BAY",3,0,0,0,0,2019,"July","Monday","10:40 am","060","T-Junction","Straight road","Level","Not Applicable","Sealed","Wet","Raining","Daylight","Rear End","01","Driver Rider","1: PDO","Traffic Signals","","",1321133.01,1660807.27,"13211331660807"
"2019-6984-27/05/2021","2 Metropolitan","STURT","5047","CC MARION.                    ",2,1,0,0,1,2019,"July","Tuesday","08:45 am","060","Divided Road","Straight road","Level","Driveway or Entrance","Sealed","Wet","Raining","Daylight","Right Turn","01","Driver Rider","2: MI","No Control","","",1323785.59,1660651.94,"13237861660652"
"2019-6985-27/05/2021","2 Metropolitan","CAVAN","5094","CITY OF SALISBURY",2,1,0,0,1,2019,"July","Tuesday","06:30 am","070","T-Junction","Straight road","Level","Not Applicable","Sealed","Wet","Raining","Night","Rear End","02","Driver Rider","2: MI","Traffic Signals","","",1328753.78,1681107.18,"13287541681107"
"2019-6986-27/05/2021","2 Metropolitan","BLAIR ATHOL","5084","CITY OF PORT ADELAIDE ENFIELD",2,0,0,0,0,2019,"July","Tuesday","09:37 am","060","T-Junction","Straight road","Level","Not Applicable","Sealed","Wet","Raining","Daylight","Right Angle","02","Driver Rider","1: PDO","Stop Sign","","",1328801.22,1679044.33,"13288011679044"
"2019-6987-27/05/2021","2 Metropolitan","GILLES PLAINS","5086","CITY OF PORT ADELAIDE ENFIELD",2,1,0,0,1,2019,"July","Tuesday","10:59 am","060","T-Junction","Straight road","Level","Not Applicable","Sealed","Wet","Not Raining","Daylight","Right Turn","02","Driver Rider","2: MI","No Control","","",1334025.98,1678234.34,"13340261678234"
"2019-6988-27/05/2021","2 Metropolitan","MITCHELL PARK","5043","CC MARION.                    ",2,0,0,0,0,2019,"July","Monday","10:42 am","060","Divided Road","Straight road","Level","Not Applicable","Sealed","Wet","Not Raining","Daylight","Rear End","01","Driver Rider","1: PDO","No Control","","",1324344.97,1662556.39,"13243451662556"
"2019-6989-27/05/2021","3 Country","INNAMINCKA","5731",,2,0,0,0,0,2019,"July","Sunday","10:30 pm","060","Not Divided","CURVED, VIEW OPEN","Level","Not Applicable","Unsealed","Dry","Not Raining","Night","Hit Fixed Object","01","Driver Rider","1: PDO","No Control","","",1565641.47,2455601.46,"15656412455601"
"2019-6990-27/05/2021","3 Country","MOUNT GAMBIER","5290","CC MT.GAMBIER.                ",2,0,0,0,0,2019,"July","Tuesday","10:58 am","050","Cross Road","Straight road","Level","Not Applicable","Sealed","Wet","Raining","Daylight","Right Angle","01","Driver Rider","1: PDO","Traffic Signals","","",1509554.9,1340453.69,"15095551340454"
"2019-6991-27/05/2021","2 Metropolitan","URRBRAE","5064","CC MITCHAM.                   ",2,0,0,0,0,2019,"July","Monday","12:30 pm","060","Cross Road","CURVED, VIEW OPEN","Slope","Not Applicable","Sealed","Wet","Raining","Daylight","Side Swipe","02","Driver Rider","1: PDO","Traffic Signals","","",1332373.16,1666370.92,"13323731666371"
"2019-6992-27/05/2021","2 Metropolitan","HAZELWOOD PARK","5066","CITY OF BURNSIDE",1,1,0,1,0,2019,"July","Tuesday","12:00 pm","060","Cross Road","Straight road","Slope","Not Applicable","Sealed","Wet","Not Raining","Daylight","Roll Over","01","Driver Rider","3: SI","Roundabout","","",1333940.82,1668883.85,"13339411668884"
"2019-6993-27/05/2021","2 Metropolitan","CAMPBELLTOWN","5074","CC CAMPBELLTOWN.              ",2,0,0,0,0,2019,"July","Tuesday","12:59 pm","060","T-Junction","Straight road","Level","Not Applicable","Sealed","Dry","Not Raining","Daylight","Right Angle","01","Driver Rider","1: PDO","No Control","","",1334268.17,1675361.7,"13342681675362"
"2019-6994-27/05/2021","2 Metropolitan","PORT ADELAIDE","5015","CITY OF PORT ADELAIDE ENFIELD",2,0,0,0,0,2019,"July","Tuesday","02:15 pm","050","Multiple","Straight road","Level","Not Applicable","Sealed","Dry","Not Raining","Daylight","Right Angle","02","Driver Rider","1: PDO","Traffic Signals","","",1319886.25,1679923.64,"13198861679924"
"2019-6995-27/05/2021","2 Metropolitan","NORTHFIELD","5085","CITY OF PORT ADELAIDE ENFIELD",2,1,0,1,0,2019,"July","Tuesday","02:30 pm","060","Divided Road","Straight road","Level","Not Applicable","Sealed","Dry","Not Raining","Daylight","Hit Fixed Object","01","Driver Rider","3: SI","No Control","","",1330569.16,1679303.51,"13305691679304"
"2019-6996-27/05/2021","2 Metropolitan","FULHAM","5024","CITY OF WEST TORRENS",2,0,0,0,0,2019,"July","Tuesday","02:45 pm","060","Divided Road","Straight road","Level","Roadworks","Sealed","Dry","Not Raining","Daylight","Side Swipe","02","Driver Rider","1: PDO","No Control","","",1320965.46,1670539.66,"13209651670540"
"2019-6997-27/05/2021","2 Metropolitan","STIRLING","5152","THE ADELAIDE HILLS COUNCIL",2,0,0,0,0,2019,"July","Monday","07:00 pm","100","Freeway","Straight road","Level","Not Applicable","Sealed","Wet","Not Raining","Night","Rear End","02","Driver Rider","1: PDO","No Control","","",1339241.43,1661974.95,"13392411661975"
"2019-6998-27/05/2021","2 Metropolitan","SEMAPHORE PARK","5019","CITY OF CHARLES STURT",2,0,0,0,0,2019,"July","Tuesday","03:30 pm","060","T-Junction","Straight road","Level","Not Applicable","Sealed","Dry","Not Raining","Daylight","Rear End","02","Driver Rider","1: PDO","Stop Sign","","",1318162.05,1679316.24,"13181621679316"
"2019-6999-27/05/2021","2 Metropolitan","REGENCY PARK","5010","CITY OF PORT ADELAIDE ENFIELD",2,0,0,0,0,2019,"July","Tuesday","04:16 pm","090","Divided Road","Straight road","Level","Not Applicable","Sealed","Dry","Not Raining","Daylight","Side Swipe","01","Driver Rider","1: PDO","No Control","","",1326025.28,1677145.25,"13260251677145"
"2019-7000-27/05/2021","3 Country","HINDMARSH VALLEY","5211","DC VICTOR HARBOR.             ",2,1,0,0,1,2019,"July","Tuesday","04:15 pm","080","Cross Road","Straight road","Level","Not Applicable","Sealed","Dry","Not Raining","Daylight","Rear End","02","Driver Rider","2: MI","Roundabout","","",1329376.05,1604814.92,"13293761604815"
"2019-7001-27/05/2021","2 Metropolitan","WALKLEY HEIGHTS","5098","CITY OF SALISBURY",2,0,0,0,0,2019,"July","Tuesday","04:30 pm","060","T-Junction","Straight road","Level","Not Applicable","Sealed","Dry","Not Raining","Daylight","Right Angle","01","Driver Rider","1: PDO","Roundabout","","",1332610.25,1680504.6,"13326101680505"
"2019-7002-27/05/2021","2 Metropolitan","MODBURY","5092","CITY OF TEA TREE GULLY",2,1,0,0,1,2019,"July","Tuesday","04:30 pm","060","Cross Road","Straight road","Level","Not Applicable","Sealed","Dry","Not Raining","Daylight","Right Angle","02","Driver Rider","2: MI","Roundabout","","",1336881.64,1680619.77,"13368821680620"
"2019-7003-27/05/2021","2 Metropolitan","THEBARTON","5031","CITY OF WEST TORRENS",2,0,0,0,0,2019,"July","Tuesday","06:03 pm","060","Divided Road","Straight road","Level","Not Applicable","Sealed","Dry","Not Raining","Night","Rear End","02","Driver Rider","1: PDO","No Control","","",1325634.17,1671508.94,"13256341671509"
"2019-7004-27/05/2021","2 Metropolitan","THEBARTON","5031","CITY OF WEST TORRENS",2,0,0,0,0,2019,"July","Friday","12:28 pm","060","T-Junction","Straight road","Level","Not Applicable","Sealed","Wet","Raining","Daylight","Right Angle","02","Driver Rider","1: PDO","No Control","","",1326583.86,1671377.49,"13265841671377"
"2019-7005-27/05/2021","2 Metropolitan","ELIZABETH SOUTH","5112","CITY OF PLAYFORD.",1,0,0,0,0,2019,"July","Tuesday","07:38 pm","050","T-Junction","Straight road","Level","Not Applicable","Sealed","Dry","Not Raining","Night","Roll Over","01","Driver Rider","1: PDO","No Control","","",1334770.44,1690800.21,"13347701690800"
"2019-7006-27/05/2021","2 Metropolitan","SALISBURY NORTH","5108","CITY OF SALISBURY",2,0,0,0,0,2019,"July","Tuesday","07:15 pm","060","Cross Road","Straight road","Level","Not Applicable","Sealed","Dry","Not Raining","Night","Rear End","01","Driver Rider","1: PDO","Traffic Signals","","",1331977.75,1689382.42,"13319781689382"
"2019-7007-27/05/2021","1 City","ADELAIDE","5000","CITY OF ADELAIDE",2,0,0,0,0,2019,"July","Tuesday","06:00 pm","050","Divided Road","Straight road","Level","Not Applicable","Sealed","Wet","Not Raining","Night","Hit Pedestrian","01","Driver Rider","1: PDO","No Control","","",1329518.39,1670386.86,"13295181670387"
"2019-7008-27/05/2021","2 Metropolitan","STEPNEY","5069","CC OF NORWOOD,PAYNEHAM & ST PETERS",2,0,0,0,0,2019,"July","Monday","04:20 pm","040","Not Divided","Straight road","Level","Not Applicable","Sealed","Dry","Not Raining","Daylight","Hit Parked Vehicle","01","Driver Rider","1: PDO","No Control","","",1330951.68,1671895.57,"13309521671896"
"2019-7009-27/05/2021","1 City","ADELAIDE","5000","CITY OF ADELAIDE",2,0,0,0,0,2019,"July","Monday","07:40 pm","050","Cross Road","Straight road","Level","Not Applicable","Sealed","Wet","Raining","Night","Right Turn","01","Driver Rider","1: PDO","Traffic Signals","","",1329583.38,1670702.93,"13295831670703"
"2019-7010-27/05/2021","3 Country","CLARE","5453","CLARE AND GILBERT VALLEYS DISTRICT COUNCIL",2,0,0,0,0,2019,"July","Tuesday","07:35 pm","050","Cross Road","Straight road","Slope","Not Applicable","Sealed","Dry","Not Raining","Night","Right Angle","01","Driver Rider","1: PDO","Give Way Sign","","",1333030.66,1791884.61,"13330311791885"
"2019-7011-27/05/2021","2 Metropolitan","NOARLUNGA DOWNS","5168","CITY OF ONKAPARINGA",4,1,0,0,1,2019,"July","Tuesday","09:00 pm","060","Divided Road","CURVED, VIEW OPEN","Level","Not Applicable","Sealed","Dry","Not Raining","Night","Hit Parked Vehicle","01","Driver Rider","2: MI","No Control","","",1318703.18,1646779.88,"13187031646780"
"2019-7012-27/05/2021","3 Country","WAIKERIE","5330","LOXTON WAIKERIE DISTRICT COUNCIL",2,0,0,0,0,2019,"July","Tuesday","12:52 pm","100","Not Divided","Straight road","Slope","Driveway or Entrance","Sealed","Dry","Not Raining","Daylight","Rear End","02","Driver Rider","1: PDO","No Control","","",1459498.31,1746947.48,"14594981746947"
"2019-7013-27/05/2021","2 Metropolitan","PARKSIDE","5063","CITY OF UNLEY",2,1,0,1,0,2019,"July","Tuesday","05:50 pm","060","Not Divided","Straight road","Level","Not Applicable","Sealed","Dry","Not Raining","Night","Hit Fixed Object","01","Driver Rider","3: SI","No Control","","",1330708.68,1668212.76,"13307091668213"
"2019-7014-27/05/2021","2 Metropolitan","WEST LAKES","5021","CITY OF CHARLES STURT",2,1,0,1,0,2019,"July","Tuesday","11:23 pm","060","Divided Road","Straight road","Level","Not Applicable","Sealed","Dry","Not Raining","Night","Hit Fixed Object","01","Driver Rider","3: SI","No Control","","Y",1319843.79,1678423.95,"13198441678424"
"2019-7015-27/05/2021","2 Metropolitan","LOCKLEYS","5032","CITY OF WEST TORRENS",2,0,0,0,0,2019,"July","Tuesday","11:10 pm","060","T-Junction","Straight road","Level","Not Applicable","Sealed","Dry","Not Raining","Night","Right Angle","02","Driver Rider","1: PDO","No Control","","",1321555.33,1670852.83,"13215551670853"
"2019-7016-27/05/2021","2 Metropolitan","SEMAPHORE PARK","5019","CITY OF CHARLES STURT",3,0,0,0,0,2019,"July","Wednesday","07:15 am","060","Divided Road","Straight road","Level","Not Applicable","Sealed","Dry","Not Raining","Night","Hit Fixed Object","01","Driver Rider","1: PDO","No Control","","",1319251.67,1679143.2,"13192521679143"
"2019-7017-27/05/2021","2 Metropolitan","EDINBURGH","5111","CITY OF SALISBURY",3,0,0,0,0,2019,"July","Wednesday","07:20 am","060","Not Divided","Straight road","Level","Not Applicable","Sealed","Wet","Not Raining","Daylight","Hit Fixed Object","01","Driver Rider","1: PDO","No Control","","",1333479.72,1691391.7,"13334801691392"
"2019-7018-27/05/2021","2 Metropolitan","WHITES VALLEY","5172","CITY OF ONKAPARINGA",2,1,0,0,1,2019,"July","Wednesday","07:08 am","080","T-Junction","Straight road","Level","Not Applicable","Sealed","Wet","Not Raining","Night","Rear End","02","Driver Rider","2: MI","Give Way Sign","","",1318972.76,1632363.51,"13189731632364"
"2019-7019-27/05/2021","2 Metropolitan","SMITHFIELD","5114","CITY OF PLAYFORD.",2,0,0,0,0,2019,"July","Wednesday","08:02 am","080","Divided Road","Straight road","Level","Not Applicable","Sealed","Wet","Not Raining","Daylight","Hit Fixed Object","01","Driver Rider","1: PDO","No Control","","",1337495.9,1696448.52,"13374961696449"
"2019-7020-27/05/2021","1 City","ADELAIDE","5000","CITY OF ADELAIDE",2,0,0,0,0,2019,"July","Wednesday","08:40 am","050","Cross Road","Straight road","Level","Not Applicable","Sealed","Wet","Raining","Daylight","Side Swipe","02","Driver Rider","1: PDO","Traffic Signals","","",1327914.39,1670964.22,"13279141670964"
"2019-7021-27/05/2021","2 Metropolitan","URRBRAE","5064","CC MITCHAM.                   ",2,0,0,0,0,2019,"July","Wednesday","08:45 am","050","Not Divided","Straight road","Level","Not Applicable","Sealed","Wet","Raining","Daylight","Rear End","01","Driver Rider","1: PDO","No Control","","",1331612.81,1665503.42,"13316131665503"
"2019-7022-27/05/2021","2 Metropolitan","VALE PARK","5081","WALKERVILLE TOWN COUNCIL",2,0,0,0,0,2019,"July","Wednesday","08:56 am","060","Cross Road","Straight road","Level","Not Applicable","Sealed","Wet","Raining","Daylight","Right Turn","02","Driver Rider","1: PDO","Traffic Signals","","",1330645.93,1675348.15,"13306461675348"
"2019-7023-27/05/2021","3 Country","ARDROSSAN","5571","YORKE PENINSULA COUNCIL",2,0,0,0,0,2019,"July","Tuesday","04:30 pm","080","T-Junction","Straight road","Level","Not Applicable","Sealed","Dry","Not Raining","Daylight","Right Angle","01","Driver Rider","1: PDO","No Control","","",1267419.77,1729135.62,"12674201729136"
"2019-7024-27/05/2021","3 Country","JAMESTOWN","5491","NORTHERN AREAS DISTRICT COUNCIL",2,2,0,0,2,2019,"July","Tuesday","06:45 pm","100","Not Divided","Straight road","Level","Not Applicable","Sealed","Dry","Not Raining","Night","Rear End","02","Driver Rider","2: MI","No Control","","",1334481.63,1859033.99,"13344821859034"
"2019-7025-27/05/2021","2 Metropolitan","WOODSIDE","5244","THE ADELAIDE HILLS COUNCIL",3,0,0,0,0,2019,"July","Wednesday","09:20 am","080","Not Divided","Straight road","Level","Not Applicable","Sealed","Wet","Raining","Daylight","Hit Fixed Object","01","Driver Rider","1: PDO","No Control","","",1354365.35,1665156.65,"13543651665157"
"2019-7026-27/05/2021","2 Metropolitan","NORTHFIELD","5085","CITY OF PORT ADELAIDE ENFIELD",2,0,0,0,0,2019,"July","Wednesday","09:10 am","060","Divided Road","Straight road","Level","Driveway or Entrance","Sealed","Dry","Not Raining","Daylight","Right Angle","01","Driver Rider","1: PDO","No Control","","",1330384.8,1678809.78,"13303851678810"
"2019-7027-27/05/2021","2 Metropolitan","SALISBURY NORTH","5108","CITY OF SALISBURY",2,0,0,0,0,2019,"July","Wednesday","10:10 am","050","T-Junction","Straight road","Level","Not Applicable","Sealed","Wet","Raining","Daylight","Hit Fixed Object","01","Driver Rider","1: PDO","Roundabout","","",1331278.27,1690364.62,"13312781690365"
"2019-7028-27/05/2021","3 Country","SALT CREEK","5264","COORONG DISTRICT COUNCIL",2,1,0,0,1,2019,"July","Wednesday","09:35 am","110","Not Divided","Straight road","Slope","Not Applicable","Sealed","Wet","Raining","Daylight","Hit Animal","02","Animal","2: MI","No Control","","",1420870.03,1526675.33,"14208701526675"
"2019-7029-27/05/2021","3 Country","WATTLE FLAT","5203","DC YANKALILLA.                ",2,1,0,0,1,2019,"July","Wednesday","07:00 am","100","Not Divided","CURVED, VIEW OPEN","Slope","Not Applicable","Sealed","Wet","Raining","Night","Rear End","02","Driver Rider","2: MI","No Control","","",1307944.91,1617552.17,"13079451617552"
"2019-7030-27/05/2021","2 Metropolitan","LOBETHAL","5241","THE ADELAIDE HILLS COUNCIL",2,0,0,0,0,2019,"July","Tuesday","02:00 pm","080","Not Divided","CURVED, VIEW OPEN","Slope","Not Applicable","Sealed","Dry","Not Raining","Daylight","Hit Fixed Object","01","Driver Rider","1: PDO","No Control","","",1353352.63,1673184.44,"13533531673184"
"2019-7031-27/05/2021","2 Metropolitan","ELIZABETH NORTH","5113","CITY OF PLAYFORD.",2,0,0,0,0,2019,"July","Wednesday","11:55 am","080","Divided Road","Straight road","Level","Not Applicable","Sealed","Wet","Raining","Daylight","Hit Fixed Object","01","Driver Rider","1: PDO","No Control","","",1336957.4,1695500.72,"13369571695501"
"2019-7032-27/05/2021","2 Metropolitan","WEST LAKES","5021","CITY OF CHARLES STURT",2,0,0,0,0,2019,"July","Wednesday","12:00 pm","060","T-Junction","Straight road","Level","Not Applicable","Sealed","Dry","Not Raining","Daylight","Right Angle","01","Driver Rider","1: PDO","Give Way Sign","","",1318842.91,1674473.86,"13188431674474"
"2019-7033-27/05/2021","3 Country","KOOTABERRA","5713",,2,0,0,0,0,2019,"July","Wednesday","10:57 am","110","Not Divided","CURVED, VIEW OPEN","Level","Not Applicable","Sealed","Dry","Not Raining","Daylight","Side Swipe","01","Driver Rider","1: PDO","No Control","","",1229672.14,1983459.32,"12296721983459"
"2019-7034-27/05/2021","2 Metropolitan","WOODVILLE WEST","5011","CITY OF CHARLES STURT",2,1,0,0,1,2019,"July","Wednesday","12:20 pm","060","Divided Road","Straight road","Level","Not Applicable","Sealed","Dry","Not Raining","Daylight","Side Swipe","02","Driver Rider","2: MI","No Control","","",1322350.96,1675695.12,"13223511675695"