"REPORT_ID","Stats Area","Suburb","Postcode","LGA Name","Total Units","Total Cas","Total Fats","Total SI","Total MI","Year","Month","Day","Time","Area Speed","Position Type","Horizontal Align","Vertical Align","Other Feat","Road Surface","Moisture Cond","Weather Cond","DayNight","Crash Type","Unit Resp","Entity Code","CSEF Severity","Traffic Ctrls","DUI Involved","Drugs Involved","ACCLOC_X","ACCLOC_Y","UNIQUE_LOC"
"2019-7684-27/05/2021","1 City","ADELAIDE","5000","CITY OF ADELAIDE",2,0,0,0,0,2019,"August","Sunday","02:35 am","050","Cross Road","Straight road","Level","Not Applicable","Sealed","Dry","Not Raining","Night","Right Angle","01","Driver Rider","1: PDO","Traffic Signals","","",1327978.27,1670807.29,"13279781670807"
"2019-7685-27/05/2021","2 Metropolitan","CHRISTIE DOWNS","5164","CITY OF ONKAPARINGA",2,0,0,0,0,2019,"August","Sunday","01:30 am","050","Not Divided","Straight road","Level","Not Applicable","Sealed","Wet","Not Raining","Night","Hit Parked Vehicle","01","Driver Rider","1: PDO","No Control","","",1317612.73,1647609.21,"13176131647609"
"2019-7686-27/05/2021","2 Metropolitan","STIRLING","5152","THE ADELAIDE HILLS COUNCIL",2,0,0,0,0,2019,"August","Sunday","05:30 am","100","Freeway","CURVED, VIEW OPEN","Level","Not Applicable","Sealed","Dry","Not Raining","Night","Hit Fixed Object","01","Driver Rider","1: PDO","No Control","","",1338901.79,1661886.19,"13389021661886"
"2019-7687-27/05/2021","2 Metropolitan","REGENCY PARK","5010","CITY OF PORT ADELAIDE ENFIELD",2,0,0,0,0,2019,"August","Sunday","12:01 am","050","Not Divided","Straight road","Level","Not Applicable","Sealed","Dry","Not Raining","Night","Hit Parked Vehicle","01","Driver Rider","1: PDO","No Control","","",1326092.71,1679132.47,"13260931679132"
"2019-7688-27/05/2021","2 Metropolitan","MITCHELL PARK","5043","CC MARION.                    ",2,0,0,0,0,2019,"August","Saturday","12:50 pm","060","T-Junction","Straight road","Level","Not Applicable","Sealed","Dry","Not Raining","Daylight","Right Turn","02","Driver Rider","1: PDO","Traffic Signals","","",1324380.03,1661734.89,"13243801661735"
"2019-7689-27/05/2021","2 Metropolitan","KENSINGTON","5068","CC OF NORWOOD,PAYNEHAM & ST PETERS",2,0,0,0,0,2019,"August","Saturday","12:20 pm","060","Not Divided","Straight road","Level","Not Applicable","Sealed","Dry","Not Raining","Daylight","Rear End","01","Driver Rider","1: PDO","No Control","","",1332438.48,1671076.58,"13324381671077"
"2019-7690-27/05/2021","1 City","ADELAIDE","5000","CITY OF ADELAIDE",2,0,0,0,0,2019,"August","Sunday","08:30 am","060","Cross Road","Straight road","Level","Not Applicable","Sealed","Dry","Not Raining","Daylight","Right Angle","01","Driver Rider","1: PDO","Traffic Signals","","",1327364.13,1670312.87,"13273641670313"
"2019-7691-27/05/2021","2 Metropolitan","KINGSWOOD","5062","CITY OF UNLEY",2,2,0,0,2,2019,"August","Sunday","07:30 am","060","Not Divided","CURVED, VIEW OPEN","Level","Not Applicable","Unsealed","Dry","Not Raining","Daylight","Hit Fixed Object","01","Driver Rider","2: MI","No Control","","",1329658.25,1666267.92,"13296581666268"
"2019-7692-27/05/2021","2 Metropolitan","KINGSWOOD","5062","CITY OF UNLEY",2,0,0,0,0,2019,"August","Sunday","09:43 am","060","Divided Road","Straight road","Level","Not Applicable","Sealed","Dry","Not Raining","Daylight","Rear End","02","Driver Rider","1: PDO","No Control","","",1329658.25,1666267.92,"13296581666268"
"2019-7693-27/05/2021","2 Metropolitan","SALISBURY","5108","CITY OF SALISBURY",2,0,0,0,0,2019,"August","Saturday","12:00 pm","050","Cross Road","Straight road","Level","Not Applicable","Sealed","Dry","Not Raining","Daylight","Right Angle","02","Driver Rider","1: PDO","Roundabout","","",1333289.79,1688533.77,"13332901688534"
"2019-7694-27/05/2021","1 City","NORTH ADELAIDE","5006","CITY OF ADELAIDE",2,0,0,0,0,2019,"August","Saturday","10:30 pm","060","Not Divided","Straight road","Level","Not Applicable","Sealed","Dry","Not Raining","Night","Side Swipe","01","Driver Rider","1: PDO","No Control","","",1327624.9,1671663.81,"13276251671664"
"2019-7695-27/05/2021","2 Metropolitan","MODBURY","5092","CITY OF TEA TREE GULLY",3,0,0,0,0,2019,"August","Saturday","12:30 pm","060","Cross Road","Straight road","Level","Not Applicable","Sealed","Dry","Not Raining","Daylight","Rear End","01","Driver Rider","1: PDO","Traffic Signals","","",1336876.15,1680848.77,"13368761680849"
"2019-7696-27/05/2021","2 Metropolitan","TORRENSVILLE","5031","CITY OF WEST TORRENS",2,1,0,0,1,2019,"August","Friday","01:00 pm","050","Divided Road","CURVED, VIEW OPEN","Level","Driveway or Entrance","Sealed","Dry","Not Raining","Daylight","Hit Pedestrian","02","Pedestrian","2: MI","Roundabout","","",1325154.72,1672039.58,"13251551672040"
"2019-7697-27/05/2021","3 Country","TAILEM BEND","5260","COORONG DISTRICT COUNCIL",2,1,0,0,1,2019,"August","Sunday","10:59 am","110","Not Divided","Straight road","Level","Not Applicable","Sealed","Dry","Not Raining","Daylight","Roll Over","01","Driver Rider","2: MI","No Control","","",1410024.1,1627669.25,"14100241627669"
"2019-7698-27/05/2021","1 City","ADELAIDE","5000","CITY OF ADELAIDE",2,0,0,0,0,2019,"August","Sunday","12:41 pm","060","Divided Road","Straight road","Level","Not Applicable","Sealed","Dry","Not Raining","Daylight","Rear End","01","Driver Rider","1: PDO","No Control","","",1327383.46,1669674.15,"13273831669674"
"2019-7699-27/05/2021","2 Metropolitan","GILBERTON","5081","WALKERVILLE TOWN COUNCIL",2,0,0,0,0,2019,"August","Sunday","11:50 am","060","Cross Road","Straight road","Level","Not Applicable","Sealed","Dry","Not Raining","Daylight","Rear End","02","Driver Rider","1: PDO","Traffic Signals","","",1329718.02,1672506.06,"13297181672506"
"2019-7700-27/05/2021","2 Metropolitan","ALDINGA","5173","CITY OF ONKAPARINGA",1,0,0,0,0,2019,"August","Sunday","02:10 pm","050","Not Divided","Straight road","Level","Not Applicable","Unsealed","Wet","Not Raining","Daylight","Roll Over","01","Driver Rider","1: PDO","No Control","","",1315924.6,1634325.63,"13159251634326"
"2019-7701-27/05/2021","2 Metropolitan","PROSPECT","5082","CITY OF PROSPECT",2,0,0,0,0,2019,"August","Sunday","03:00 pm","060","Pedestrian Crossing","Straight road","Level","Not Applicable","Sealed","Dry","Not Raining","Daylight","Rear End","02","Driver Rider","1: PDO","Traffic Signals","","",1327264.76,1675270.3,"13272651675270"
"2019-7702-27/05/2021","2 Metropolitan","NOARLUNGA CENTRE","5168","CITY OF ONKAPARINGA",2,1,0,0,1,2019,"August","Sunday","03:28 pm","060","T-Junction","Straight road","Level","Not Applicable","Sealed","Dry","Not Raining","Daylight","Right Angle","02","Driver Rider","2: MI","Give Way Sign","","",1317491.03,1646945.11,"13174911646945"
"2019-7703-27/05/2021","3 Country","PEWSEY VALE","5351","THE BAROSSA COUNCIL.",2,1,0,1,0,2019,"August","Sunday","11:45 am","100","Not Divided","CURVED, VIEW OPEN","Slope","Not Applicable","Unsealed","Dry","Not Raining","Daylight","Hit Fixed Object","01","Driver Rider","3: SI","No Control","","",1363981.6,1700389.25,"13639821700389"
"2019-7704-27/05/2021","2 Metropolitan","HAHNDORF","5245","DC MT.BARKER.                 ",2,0,0,0,0,2019,"August","Sunday","04:00 pm","080","Not Divided","CURVED, VIEW OBSCURED","Slope","Not Applicable","Sealed","Dry","Not Raining","Daylight","Rear End","02","Driver Rider","1: PDO","No Control","","",1348655.83,1656997.96,"13486561656998"
"2019-7705-27/05/2021","2 Metropolitan","WOODVILLE GARDENS","5012","CITY OF PORT ADELAIDE ENFIELD",1,1,0,0,1,2019,"August","Sunday","04:00 pm","050","Cross Road","Straight road","Level","Not Applicable","Sealed","Dry","Not Raining","Daylight","Roll Over","01","Driver Rider","2: MI","Roundabout","","Y",1324724.86,1676959.29,"13247251676959"
"2019-7706-27/05/2021","2 Metropolitan","MCLAREN VALE","5171","CITY OF ONKAPARINGA",2,1,0,1,0,2019,"August","Sunday","05:46 pm","050","Cross Road","Straight road","Level","Not Applicable","Sealed","Dry","Not Raining","Night","Roll Over","01","Driver Rider","3: SI","Give Way Sign","","Y",1322291.65,1638401.13,"13222921638401"
"2019-7707-27/05/2021","2 Metropolitan","PARA HILLS WEST","5096","CITY OF SALISBURY",4,1,0,0,1,2019,"August","Sunday","05:21 pm","060","Cross Road","Straight road","Level","Not Applicable","Sealed","Dry","Not Raining","Daylight","Right Angle","02","Driver Rider","2: MI","Traffic Signals","","",1333442.68,1683696.42,"13334431683696"
"2019-7708-27/05/2021","2 Metropolitan","MEDINDIE","5081","WALKERVILLE TOWN COUNCIL",3,1,0,0,1,2019,"August","Saturday","10:20 pm","060","Not Divided","Straight road","Level","Not Applicable","Sealed","Dry","Not Raining","Night","Rear End","02","Driver Rider","2: MI","No Control","","",1329194.66,1674229.52,"13291951674230"
"2019-7709-27/05/2021","2 Metropolitan","BROADVIEW","5083","CITY OF PORT ADELAIDE ENFIELD",3,1,0,0,1,2019,"August","Sunday","11:30 am","060","Divided Road","Straight road","Level","Not Applicable","Sealed","Dry","Not Raining","Daylight","Rear End","02","Driver Rider","2: MI","No Control","","",1330287.04,1676469.28,"13302871676469"
"2019-7710-27/05/2021","2 Metropolitan","MAWSON LAKES","5095","CITY OF SALISBURY",2,0,0,0,0,2019,"August","Sunday","07:57 pm","060","Divided Road","Straight road","Level","Driveway or Entrance","Sealed","Dry","Not Raining","Night","Right Angle","02","Driver Rider","1: PDO","No Control","","",1329466.26,1684472.17,"13294661684472"
"2019-7711-27/05/2021","3 Country","RIVERGLADES","5253","RC MURRAY BRIDGE.             ",1,1,0,0,1,2019,"August","Sunday","07:20 pm","050","T-Junction","CURVED, VIEW OPEN","Level","Not Applicable","Sealed","Dry","Not Raining","Night","Roll Over","01","Driver Rider","2: MI","No Control","Y","",1392233.74,1649937.56,"13922341649938"
"2019-7712-27/05/2021","2 Metropolitan","EVANSTON SOUTH","5116","CT GAWLER.                    ",2,0,0,0,0,2019,"August","Sunday","11:00 pm","050","T-Junction","Straight road","Level","Not Applicable","Sealed","Dry","Not Raining","Night","Hit Fixed Object","01","Driver Rider","1: PDO","No Control","","",1340272.59,1701036.16,"13402731701036"
"2019-7713-27/05/2021","2 Metropolitan","PAECHTOWN","5245","DC MT.BARKER.                 ",2,1,0,0,1,2019,"August","Sunday","11:50 pm","080","Not Divided","Straight road","Level","Not Applicable","Sealed","Dry","Not Raining","Night","Hit Fixed Object","01","Driver Rider","2: MI","No Control","","Y",1346820.96,1657103.37,"13468211657103"
"2019-7714-27/05/2021","2 Metropolitan","BRIGHTON","5048","CITY OF HOLDFAST BAY",3,0,0,0,0,2019,"August","Monday","06:30 am","060","Cross Road","Straight road","Level","Not Applicable","Sealed","Dry","Not Raining","Night","Right Angle","01","Driver Rider","1: PDO","Traffic Signals","","",1321149.43,1660550.55,"13211491660551"
"2019-7715-27/05/2021","2 Metropolitan","PARA HILLS WEST","5096","CITY OF SALISBURY",2,0,0,0,0,2019,"August","Monday","07:30 am","080","Divided Road","Straight road","Level","Not Applicable","Sealed","Dry","Not Raining","Daylight","Rear End","02","Driver Rider","1: PDO","No Control","","",1331858.93,1683547.2,"13318591683547"
"2019-7716-27/05/2021","3 Country","WHYALLA BARSON","5601","CC WHYALLA.                   ",2,0,0,0,0,2019,"August","Thursday","09:07 am","060","T-Junction","Straight road","Level","Not Applicable","Sealed","Dry","Not Raining","Daylight","Hit Fixed Object","01","Driver Rider","1: PDO","No Control","","",1238187.99,1884765.41,"12381881884765"
"2019-7717-27/05/2021","2 Metropolitan","PROSPECT","5082","CITY OF PROSPECT",2,0,0,0,0,2019,"August","Monday","12:05 am","040","Not Divided","Straight road","Level","Not Applicable","Sealed","Dry","Not Raining","Night","Hit Parked Vehicle","02","Driver Rider","1: PDO","No Control","","",1328303.33,1674541.23,"13283031674541"
"2019-7718-27/05/2021","2 Metropolitan","WINDSOR GARDENS","5087","CITY OF PORT ADELAIDE ENFIELD",2,1,0,0,1,2019,"August","Monday","08:26 am","060","Divided Road","Straight road","Level","Driveway or Entrance","Sealed","Dry","Not Raining","Daylight","Right Turn","02","Driver Rider","2: MI","No Control","","",1333055.34,1677428.62,"13330551677429"
"2019-7719-27/05/2021","2 Metropolitan","PARA HILLS WEST","5096","CITY OF SALISBURY",3,1,0,0,1,2019,"August","Monday","08:38 am","080","Divided Road","Straight road","Level","Not Applicable","Sealed","Dry","Not Raining","Daylight","Rear End","02","Driver Rider","2: MI","No Control","","",1331858.26,1683546.32,"13318581683546"
"2019-7720-27/05/2021","2 Metropolitan","MORPHETT VALE","5162","CITY OF ONKAPARINGA",2,0,0,0,0,2019,"August","Monday","08:45 am","060","T-Junction","Straight road","Slope","Not Applicable","Sealed","Dry","Not Raining","Daylight","Side Swipe","01","Driver Rider","1: PDO","No Control","","",1320899.31,1649860.52,"13208991649861"
"2019-7721-27/05/2021","3 Country","MOUNT GAMBIER","5290","CC MT.GAMBIER.                ",2,0,0,0,0,2019,"August","Monday","08:45 am","050","Not Divided","Straight road","Level","Not Applicable","Sealed","Dry","Not Raining","Daylight","Hit Parked Vehicle","01","Driver Rider","1: PDO","No Control","","",1509082.1,1341758.16,"15090821341758"
"2019-7722-27/05/2021","3 Country","MOUNT COMPASS","5210","ALEXANDRINA COUNCIL",2,1,0,1,0,2019,"August","Monday","07:54 am","100","Cross Road","Straight road","Level","Not Applicable","Sealed","Dry","Not Raining","Daylight","Right Angle","02","Driver Rider","3: SI","Give Way Sign","","",1329173.41,1621910.18,"13291731621910"
"2019-7723-27/05/2021","1 City","ADELAIDE","5000","CITY OF ADELAIDE",2,0,0,0,0,2019,"August","Monday","09:10 am","050","Not Divided","Straight road","Level","Not Applicable","Sealed","Dry","Not Raining","Daylight","Rear End","02","Driver Rider","1: PDO","No Control","","",1329025.64,1669586.29,"13290261669586"
"2019-7724-27/05/2021","2 Metropolitan","GULFVIEW HEIGHTS","5096","CITY OF SALISBURY",2,1,0,0,1,2019,"August","Monday","09:20 am","060","T-Junction","Straight road","Level","Not Applicable","Sealed","Dry","Not Raining","Daylight","Right Angle","02","Driver Rider","2: MI","No Control","","",1335148.3,1685876.44,"13351481685876"
"2019-7725-27/05/2021","2 Metropolitan","PARA HILLS","5096","CITY OF SALISBURY",2,0,0,0,0,2019,"August","Monday","10:55 am","050","T-Junction","Straight road","Slope","Not Applicable","Sealed","Dry","Not Raining","Daylight","Right Angle","02","Driver Rider","1: PDO","No Control","","",1333205.91,1683216.34,"13332061683216"
"2019-7726-27/05/2021","2 Metropolitan","WOODVILLE GARDENS","5012","CITY OF PORT ADELAIDE ENFIELD",3,1,0,1,0,2019,"August","Monday","11:20 am","050","Cross Road","Straight road","Level","Not Applicable","Sealed","Dry","Not Raining","Daylight","Right Angle","01","Driver Rider","3: SI","Give Way Sign","","",1324295.75,1677156.19,"13242961677156"
"2019-7727-27/05/2021","2 Metropolitan","WOODSIDE","5244","THE ADELAIDE HILLS COUNCIL",2,1,0,0,1,2019,"August","Monday","12:10 pm","050","Pedestrian Crossing","Straight road","Level","Not Applicable","Sealed","Dry","Not Raining","Daylight","Hit Pedestrian","01","Driver Rider","2: MI","Traffic Signals","","",1353535.82,1666916.03,"13535361666916"
"2019-7728-27/05/2021","2 Metropolitan","CROYDON PARK","5008","CITY OF PORT ADELAIDE ENFIELD",2,0,0,0,0,2019,"August","Monday","12:10 pm","050","Cross Road","Straight road","Level","Not Applicable","Sealed","Dry","Not Raining","Daylight","Right Angle","01","Driver Rider","1: PDO","Give Way Sign","","",1326272.67,1676163.46,"13262731676163"
"2019-7729-27/05/2021","2 Metropolitan","WINDSOR GARDENS","5087","CITY OF PORT ADELAIDE ENFIELD",2,0,0,0,0,2019,"August","Monday","09:08 am","050","T-Junction","CURVED, VIEW OPEN","Level","Not Applicable","Sealed","Dry","Not Raining","Daylight","Side Swipe","02","Driver Rider","1: PDO","No Control","","",1332846.6,1676526.78,"13328471676527"
"2019-7730-27/05/2021","3 Country","PORT AUGUSTA WEST","5700","CC PT.AUGUSTA.                ",2,1,0,0,1,2019,"August","Monday","01:00 pm","110","Not Divided","Straight road","Level","Not Applicable","Sealed","Dry","Not Raining","Daylight","Roll Over","01","Driver Rider","2: MI","No Control","","",1256168.36,1943305.07,"12561681943305"
"2019-7731-27/05/2021","2 Metropolitan","MILE END","5031","CITY OF WEST TORRENS",2,0,0,0,0,2019,"August","Monday","02:35 pm","050","T-Junction","Straight road","Level","Not Applicable","Sealed","Dry","Not Raining","Daylight","Right Angle","02","Driver Rider","1: PDO","Stop Sign","","",1324934.42,1670959.64,"13249341670960"
"2019-7732-27/05/2021","2 Metropolitan","MORPHETT VALE","5162","CITY OF ONKAPARINGA",3,1,0,0,1,2019,"August","Monday","03:08 pm","060","Divided Road","Straight road","Slope","Not Applicable","Sealed","Dry","Not Raining","Daylight","Rear End","02","Driver Rider","2: MI","No Control","","",1320786.87,1649523.11,"13207871649523"
"2019-7733-27/05/2021","2 Metropolitan","BLACKWOOD","5051","CC MITCHAM.                   ",2,0,0,0,0,2019,"August","Monday","12:55 pm","050","T-Junction","Straight road","Level","Not Applicable","Sealed","Dry","Not Raining","Daylight","Side Swipe","02","Driver Rider","1: PDO","No Control","","",1329771.21,1660709.82,"13297711660710"
"2019-7734-27/05/2021","2 Metropolitan","FULHAM","5024","CITY OF WEST TORRENS",3,0,0,0,0,2019,"July","Tuesday","12:00 pm","060","Divided Road","Straight road","Level","Not Applicable","Sealed","Dry","Not Raining","Daylight","Other","02","Driver Rider","1: PDO","No Control","","",1320978.9,1670792.96,"13209791670793"
"2019-7735-27/05/2021","2 Metropolitan","TORRENS PARK","5062","CC MITCHAM.                   ",2,0,0,0,0,2019,"August","Monday","04:00 am","050","Not Divided","Straight road","Level","Not Applicable","Sealed","Dry","Not Raining","Night","Hit Parked Vehicle","02","Driver Rider","1: PDO","No Control","","",1329583.47,1664788.61,"13295831664789"
"2019-7736-27/05/2021","2 Metropolitan","PARA HILLS WEST","5096","CITY OF SALISBURY",2,0,0,0,0,2019,"August","Monday","04:20 pm","070","Not Divided","Straight road","Level","Not Applicable","Sealed","Dry","Not Raining","Daylight","Side Swipe","01","Driver Rider","1: PDO","No Control","","",1332474.93,1682974.66,"13324751682975"
"2019-7737-27/05/2021","2 Metropolitan","WOODVILLE NORTH","5012","CITY OF CHARLES STURT",2,0,0,0,0,2019,"August","Monday","04:00 pm","060","Divided Road","Straight road","Level","Not Applicable","Sealed","Dry","Not Raining","Daylight","Side Swipe","01","Driver Rider","1: PDO","No Control","","",1323972.37,1676698.85,"13239721676699"
"2019-7738-27/05/2021","2 Metropolitan","SAMPSON FLAT","5114","CITY OF PLAYFORD.",1,0,0,0,0,2019,"August","Monday","04:05 pm","060","Not Divided","CURVED, VIEW OPEN","Crest of Hill","Not Applicable","Unsealed","Dry","Not Raining","Daylight","Roll Over","01","Driver Rider","1: PDO","No Control","","",1345511.83,1687726.32,"13455121687726"
"2019-7739-27/05/2021","2 Metropolitan","CLOVELLY PARK","5042","CC MARION.                    ",2,1,0,0,1,2019,"August","Monday","05:08 pm","050","Cross Road","Straight road","Level","Not Applicable","Sealed","Dry","Not Raining","Daylight","Right Angle","02","Driver Rider","2: MI","Give Way Sign","","",1325259.2,1662938.59,"13252591662939"
"2019-7740-27/05/2021","2 Metropolitan","MARDEN","5070","CC OF NORWOOD,PAYNEHAM & ST PETERS",2,0,0,0,0,2019,"August","Monday","05:44 pm","060","T-Junction","Straight road","Level","Not Applicable","Sealed","Dry","Not Raining","Night","Right Angle","02","Driver Rider","1: PDO","No Control","","",1331719.87,1674250.47,"13317201674250"
"2019-7741-27/05/2021","2 Metropolitan","REYNELLA","5161","CITY OF ONKAPARINGA",2,0,0,0,0,2019,"August","Monday","05:12 pm","060","T-Junction","Straight road","Level","Not Applicable","Sealed","Dry","Not Raining","Daylight","Right Angle","02","Driver Rider","1: PDO","No Control","","",1321297.43,1651139.76,"13212971651140"
"2019-7742-27/05/2021","2 Metropolitan","GAWLER SOUTH","5118","CT GAWLER.                    ",2,0,0,0,0,2019,"August","Monday","06:00 pm","050","Cross Road","Straight road","Level","Not Applicable","Sealed","Dry","Not Raining","Night","Right Angle","02","Driver Rider","1: PDO","Give Way Sign","","",1343037.25,1705517.8,"13430371705518"
"2019-7743-27/05/2021","2 Metropolitan","NOARLUNGA DOWNS","5168","CITY OF ONKAPARINGA",2,1,0,0,1,2019,"August","Monday","05:26 pm","080","T-Junction","CURVED, VIEW OPEN","Crest of Hill","Not Applicable","Sealed","Dry","Not Raining","Daylight","Hit Fixed Object","01","Driver Rider","2: MI","Traffic Signals","","Y",1319172.06,1644247.42,"13191721644247"
"2019-7744-27/05/2021","3 Country","MOUNT GAMBIER","5290","CC MT.GAMBIER.                ",2,1,0,0,1,2019,"August","Monday","06:40 pm","050","Cross Road","Straight road","Level","Not Applicable","Sealed","Dry","Not Raining","Night","Hit Pedestrian","01","Driver Rider","2: MI","Traffic Signals","","",1509991.76,1339982.6,"15099921339983"
"2019-7745-27/05/2021","2 Metropolitan","WEST LAKES SHORE","5020","CITY OF CHARLES STURT",4,1,0,0,1,2019,"August","Monday","06:40 pm","060","T-Junction","Straight road","Level","Not Applicable","Sealed","Dry","Not Raining","Night","Right Turn","01","Driver Rider","2: MI","Traffic Signals","","",1317947.1,1677022.93,"13179471677023"
"2019-7746-27/05/2021","2 Metropolitan","ROYAL PARK","5014","CITY OF CHARLES STURT",2,0,0,0,0,2019,"August","Monday","05:08 pm","060","Cross Road","Straight road","Level","Not Applicable","Sealed","Dry","Not Raining","Daylight","Right Angle","01","Driver Rider","1: PDO","Traffic Signals","","",1320686.56,1677665.91,"13206871677666"
"2019-7747-27/05/2021","2 Metropolitan","CLARENDON","5157","CITY OF ONKAPARINGA",2,0,0,0,0,2019,"August","Sunday","02:05 pm","080","Not Divided","CURVED, VIEW OBSCURED","Slope","Not Applicable","Sealed","Dry","Not Raining","Daylight","Hit Fixed Object","01","Driver Rider","1: PDO","No Control","","",1331622.9,1648613.69,"13316231648614"
"2019-7748-27/05/2021","2 Metropolitan","GLENELG","5045","CITY OF HOLDFAST BAY",2,0,0,0,0,2019,"August","Monday","10:20 pm","050","Not Divided","Straight road","Level","Not Applicable","Sealed","Dry","Not Raining","Night","Hit Parked Vehicle","02","Driver Rider","1: PDO","No Control","","",1320309.53,1665012.84,"13203101665013"
"2019-7749-27/05/2021","2 Metropolitan","MILLBROOK","5231","THE ADELAIDE HILLS COUNCIL",2,2,0,1,1,2019,"August","Monday","10:20 pm","080","Not Divided","CURVED, VIEW OBSCURED","Level","Not Applicable","Sealed","Dry","Not Raining","Night","Hit Fixed Object","01","Driver Rider","3: SI","No Control","","",1348654.75,1681832.68,"13486551681833"
"2019-7750-27/05/2021","2 Metropolitan","BROOKLYN PARK","5032","CITY OF WEST TORRENS",2,0,0,0,0,2019,"August","Tuesday","04:55 am","060","Divided Road","CURVED, VIEW OPEN","Level","Not Applicable","Sealed","Dry","Not Raining","Night","Hit Fixed Object","01","Driver Rider","1: PDO","No Control","","",1324068.04,1670041.07,"13240681670041"
"2019-7751-27/05/2021","3 Country","KADINA","5554","COPPER COAST DISTRICT COUNCIL",1,0,0,0,0,2019,"August","Monday","12:16 pm","050","Not Divided","Straight road","Level","Not Applicable","Sealed","Dry","Not Raining","Daylight","Roll Over","01","Driver Rider","1: PDO","No Control","","",1251211.85,1779459.66,"12512121779460"
"2019-7752-27/05/2021","3 Country","KAPUNDA","5373","LIGHT REGIONAL COUNCIL",2,0,0,0,0,2019,"August","Tuesday","07:30 am","080","T-Junction","CURVED, VIEW OPEN","Bottom of Hill","Not Applicable","Sealed","Dry","Not Raining","Daylight","Rear End","01","Driver Rider","1: PDO","Give Way Sign","","",1361212.72,1734735.61,"13612131734736"
"2019-7753-27/05/2021","3 Country","MOUNT GAMBIER","5290","CC MT.GAMBIER.                ",2,0,0,0,0,2019,"August","Tuesday","08:20 am","060","Cross Road","Straight road","Bottom of Hill","Not Applicable","Sealed","Dry","Not Raining","Daylight","Rear End","02","Driver Rider","1: PDO","Roundabout","","",1510345.94,1340747.66,"15103461340748"
"2019-7754-27/05/2021","2 Metropolitan","TRINITY GARDENS","5068","CC OF NORWOOD,PAYNEHAM & ST PETERS",2,1,0,1,0,2019,"August","Tuesday","07:53 am","060","Not Divided","Straight road","Level","Not Applicable","Sealed","Dry","Not Raining","Daylight","Hit Pedestrian","02","Pedestrian","3: SI","No Control","","",1332331.2,1671764.35,"13323311671764"
"2019-7755-27/05/2021","2 Metropolitan","MAGILL","5072","CC CAMPBELLTOWN.              ",2,0,0,0,0,2019,"August","Monday","06:00 pm","050","Not Divided","Straight road","Level","Not Applicable","Sealed","Dry","Not Raining","Night","Hit Parked Vehicle","02","Driver Rider","1: PDO","No Control","","",1334715.1,1672195.18,"13347151672195"
"2019-7756-27/05/2021","2 Metropolitan","MEDINDIE","5081","WALKERVILLE TOWN COUNCIL",2,0,0,0,0,2019,"August","Friday","07:52 am","060","Cross Road","Straight road","Level","Not Applicable","Sealed","Dry","Not Raining","Daylight","Right Angle","02","Driver Rider","1: PDO","Traffic Signals","","",1328342.94,1673681.81,"13283431673682"
"2019-7757-27/05/2021","2 Metropolitan","UPPER STURT","5156","THE ADELAIDE HILLS COUNCIL",2,0,0,0,0,2019,"August","Tuesday","08:30 am","025","Not Divided","CURVED, VIEW OPEN","Level","Not Applicable","Sealed","Dry","Not Raining","Daylight","Rear End","02","Driver Rider","1: PDO","No Control","","",1335901.47,1660023.18,"13359011660023"
"2019-7758-27/05/2021","2 Metropolitan","SELLICKS HILL","5174","CITY OF ONKAPARINGA",2,0,0,0,0,2019,"August","Monday","06:15 pm","090","Cross Road","Straight road","Level","Not Applicable","Sealed","Dry","Not Raining","Night","Right Angle","02","Driver Rider","1: PDO","Stop Sign","","",1315579.2,1628763.99,"13155791628764"
"2019-7759-27/05/2021","2 Metropolitan","MEDINDIE","5081","WALKERVILLE TOWN COUNCIL",2,0,0,0,0,2019,"August","Monday","03:30 pm","060","Divided Road","Straight road","Level","Not Applicable","Sealed","Dry","Not Raining","Daylight","Side Swipe","02","Driver Rider","1: PDO","No Control","","",1328413.73,1673740.21,"13284141673740"
"2019-7760-27/05/2021","2 Metropolitan","ADELAIDE AIRPORT","5950","CITY OF WEST TORRENS",2,0,0,0,0,2019,"August","Monday","07:00 pm","020","One Way","Straight road","Level","Not Applicable","Sealed","Dry","Not Raining","Night","Hit Pedestrian","02","Driver Rider","1: PDO","No Control","","",1322693,1669550.87,"13226931669551"
"2019-7761-27/05/2021","2 Metropolitan","FERRYDEN PARK","5010","CITY OF PORT ADELAIDE ENFIELD",2,0,0,0,0,2019,"August","Tuesday","09:45 am","060","Divided Road","Straight road","Level","Not Applicable","Sealed","Dry","Not Raining","Daylight","Rear End","01","Driver Rider","1: PDO","No Control","","",1325521.26,1676351.82,"13255211676352"
"2019-7762-27/05/2021","2 Metropolitan","KIDMAN PARK","5025","CITY OF CHARLES STURT",2,0,0,0,0,2019,"August","Monday","05:45 pm","060","Cross Road","Straight road","Level","Not Applicable","Sealed","Dry","Not Raining","Night","Right Turn","01","Driver Rider","1: PDO","Traffic Signals","","",1322420.13,1673116.28,"13224201673116"
"2019-7763-27/05/2021","2 Metropolitan","PARA HILLS WEST","5096","CITY OF SALISBURY",2,1,0,0,1,2019,"August","Tuesday","11:40 am","060","Cross Road","Straight road","Level","Not Applicable","Sealed","Dry","Not Raining","Daylight","Right Angle","01","Driver Rider","2: MI","Traffic Signals","","",1333434.52,1683702.92,"13334351683703"