"REPORT_ID","Stats Area","Suburb","Postcode","LGA Name","Total Units","Total Cas","Total Fats","Total SI","Total MI","Year","Month","Day","Time","Area Speed","Position Type","Horizontal Align","Vertical Align","Other Feat","Road Surface","Moisture Cond","Weather Cond","DayNight","Crash Type","Unit Resp","Entity Code","CSEF Severity","Traffic Ctrls","DUI Involved","Drugs Involved","ACCLOC_X","ACCLOC_Y","UNIQUE_LOC"
"2019-7764-27/05/2021","3 Country","GLENCOE","5291","WATTLE RANGE COUNCIL",2,0,0,0,0,2019,"August","Friday","06:30 pm","100","Not Divided","CURVED, VIEW OBSCURED","Slope","Not Applicable","Sealed","Wet","Not Raining","Night","Hit Animal","02","Animal","1: PDO","No Control","","",1497097.99,1353853.38,"14970981353853"
"2019-7765-27/05/2021","2 Metropolitan","KURRALTA PARK","5037","CITY OF WEST TORRENS",2,1,0,1,0,2019,"August","Tuesday","09:30 am","060","Cross Road","Straight road","Level","Not Applicable","Sealed","Dry","Not Raining","Daylight","Right Angle","01","Driver Rider","3: SI","Traffic Signals","","",1325819.1,1668480.34,"13258191668480"
"2019-7766-27/05/2021","2 Metropolitan","WINDSOR GARDENS","5087","CITY OF PORT ADELAIDE ENFIELD",3,0,0,0,0,2019,"August","Tuesday","01:00 pm","060","Divided Road","Straight road","Level","Not Applicable","Sealed","Dry","Not Raining","Daylight","Rear End","01","Driver Rider","1: PDO","No Control","","",1334154.77,1677756.62,"13341551677757"
"2019-7767-27/05/2021","2 Metropolitan","PARAFIELD GARDENS","5107","CITY OF SALISBURY",2,0,0,0,0,2019,"August","Monday","11:00 am","060","Not Divided","Straight road","Level","Driveway or Entrance","Sealed","Dry","Not Raining","Daylight","Rear End","01","Driver Rider","1: PDO","No Control","","",1329837.26,1686659.86,"13298371686660"
"2019-7768-27/05/2021","2 Metropolitan","WOODVILLE PARK","5011","CITY OF CHARLES STURT",2,0,0,0,0,2019,"August","Tuesday","01:00 pm","060","Cross Road","Straight road","Level","Not Applicable","Sealed","Dry","Not Raining","Daylight","Rear End","02","Driver Rider","1: PDO","Stop Sign","","",1323610.09,1675074.42,"13236101675074"
"2019-7769-27/05/2021","3 Country","ANANGU PITJANTJATJARA YANKUNYTJATJARA","0872",,2,0,0,0,0,2019,"August","Monday","07:00 pm","110","Not Divided","Straight road","Level","Not Applicable","Sealed","Dry","Not Raining","Night","Hit Animal","02","Animal","1: PDO","No Control","","",838424.46,2561494.31,"08384242561494"
"2019-7770-27/05/2021","2 Metropolitan","MILE END","5031","CITY OF WEST TORRENS",2,0,0,0,0,2019,"July","Sunday","09:45 am","060","T-Junction","Straight road","Level","Not Applicable","Sealed","Dry","Not Raining","Daylight","Right Angle","01","Driver Rider","1: PDO","Give Way Sign","","",1325749.1,1670558.92,"13257491670559"
"2019-7771-27/05/2021","3 Country","CHANDADA","5680","DC STREAKY BAY.               ",1,0,0,0,0,2019,"August","Monday","09:45 am","110","Not Divided","Straight road","Level","Not Applicable","Sealed","Dry","Not Raining","Daylight","Roll Over","01","Driver Rider","1: PDO","No Control","","",968706.64,1916358.78,"09687071916359"
"2019-7772-27/05/2021","2 Metropolitan","MELROSE PARK","5039","CC MITCHAM.                   ",2,0,0,0,0,2019,"August","Tuesday","02:20 pm","060","Divided Road","Straight road","Level","Not Applicable","Sealed","Dry","Not Raining","Daylight","Rear End","02","Driver Rider","1: PDO","No Control","","",1325942.04,1663767.63,"13259421663768"
"2019-7773-27/05/2021","2 Metropolitan","HOVE","5048","CITY OF HOLDFAST BAY",2,0,0,0,0,2019,"August","Tuesday","05:05 pm","060","T-Junction","Straight road","Level","Not Applicable","Sealed","Dry","Not Raining","Daylight","Side Swipe","01","Driver Rider","1: PDO","No Control","","",1321120.61,1661578.32,"13211211661578"
"2019-7774-27/05/2021","2 Metropolitan","FLINDERS PARK","5025","CITY OF CHARLES STURT",2,1,0,0,1,2019,"July","Tuesday","01:20 pm","060","T-Junction","Straight road","Level","Not Applicable","Sealed","Dry","Not Raining","Daylight","Right Angle","02","Driver Rider","2: MI","Traffic Signals","","",1324133.16,1673168.12,"13241331673168"
"2019-7775-27/05/2021","2 Metropolitan","BROADVIEW","5083","CITY OF PORT ADELAIDE ENFIELD",4,1,0,0,1,2019,"August","Tuesday","04:45 pm","060","Multiple","Straight road","Level","Not Applicable","Sealed","Dry","Not Raining","Daylight","Rear End","01","Driver Rider","2: MI","Traffic Signals","","",1329973.8,1676460.9,"13299741676461"
"2019-7776-27/05/2021","2 Metropolitan","MODBURY HEIGHTS","5092","CITY OF TEA TREE GULLY",2,0,0,0,0,2019,"August","Tuesday","05:15 pm","060","T-Junction","CURVED, VIEW OPEN","Level","Not Applicable","Sealed","Dry","Not Raining","Daylight","Side Swipe","02","Driver Rider","1: PDO","Roundabout","","",1336902.77,1682369.02,"13369031682369"
"2019-7777-27/05/2021","3 Country","ROXBY DOWNS","5725","MC ROXBY DOWNS                ",2,1,0,0,1,2019,"August","Tuesday","03:30 pm","110","Not Divided","Straight road","Level","Not Applicable","Sealed","Dry","Not Raining","Daylight","Roll Over","01","Driver Rider","2: MI","No Control","","",1181720.31,2155602.14,"11817202155602"
"2019-7778-27/05/2021","1 City","NORTH ADELAIDE","5006","CITY OF ADELAIDE",2,1,0,0,1,2019,"August","Tuesday","07:24 pm","050","Cross Road","Straight road","Level","Not Applicable","Sealed","Dry","Not Raining","Night","Rear End","02","Driver Rider","2: MI","Traffic Signals","","",1327944.4,1672141.81,"13279441672142"
"2019-7779-27/05/2021","2 Metropolitan","ROYAL PARK","5014","CITY OF CHARLES STURT",1,0,0,0,0,2019,"August","Tuesday","05:25 pm","050","T-Junction","Straight road","Level","Not Applicable","Sealed","Dry","Not Raining","Daylight","Left Road - Out of Control","01","Driver Rider","1: PDO","No Control","","",1320158.56,1676249.48,"13201591676249"
"2019-7780-27/05/2021","2 Metropolitan","NEWTON","5074","CC CAMPBELLTOWN.              ",2,1,0,0,1,2019,"August","Tuesday","08:35 pm","060","Divided Road","Straight road","Level","Not Applicable","Sealed","Dry","Not Raining","Night","Hit Parked Vehicle","01","Driver Rider","2: MI","No Control","","",1336619.74,1674585.72,"13366201674586"
"2019-7781-27/05/2021","2 Metropolitan","PORT ADELAIDE","5015","CITY OF PORT ADELAIDE ENFIELD",2,1,0,0,1,2019,"August","Tuesday","04:01 pm","050","Cross Road","Straight road","Level","Not Applicable","Sealed","Dry","Not Raining","Daylight","Rear End","02","Driver Rider","2: MI","Traffic Signals","","",1320159.6,1679971.34,"13201601679971"
"2019-7782-27/05/2021","2 Metropolitan","STURT","5047","CC MARION.                    ",3,1,0,0,1,2019,"August","Tuesday","06:55 pm","060","Cross Road","Straight road","Level","Not Applicable","Sealed","Dry","Not Raining","Night","Right Turn","02","Driver Rider","2: MI","Traffic Signals","","",1324404.88,1660668.91,"13244051660669"
"2019-7783-27/05/2021","2 Metropolitan","GOLDEN GROVE","5125","CITY OF TEA TREE GULLY",2,0,0,0,0,2019,"August","Tuesday","09:05 pm","060","Cross Road","Straight road","Slope","Not Applicable","Sealed","Wet","Raining","Night","Right Turn","02","Driver Rider","1: PDO","Traffic Signals","","",1337892.14,1685350.36,"13378921685350"
"2019-7784-27/05/2021","2 Metropolitan","BLACKWOOD","5051","CC MITCHAM.                   ",2,1,0,1,0,2019,"August","Wednesday","04:35 am","050","Not Divided","CURVED, VIEW OBSCURED","Slope","Not Applicable","Sealed","Dry","Not Raining","Night","Roll Over","01","Driver Rider","3: SI","No Control","Y","",1329633.06,1660873.27,"13296331660873"
"2019-7785-27/05/2021","2 Metropolitan","MAWSON LAKES","5095","CITY OF SALISBURY",3,1,0,0,1,2019,"August","Wednesday","06:15 am","080","Divided Road","Straight road","Level","Not Applicable","Sealed","Dry","Not Raining","Night","Rear End","02","Driver Rider","2: MI","No Control","","",1328682.66,1683763.53,"13286831683764"
"2019-7786-27/05/2021","2 Metropolitan","WARRADALE","5046","CC MARION.                    ",3,0,0,0,0,2019,"August","Wednesday","08:15 am","050","Cross Road","Straight road","Level","Not Applicable","Sealed","Wet","Raining","Daylight","Hit Parked Vehicle","01","Driver Rider","1: PDO","Give Way Sign","","",1322580.28,1660792.01,"13225801660792"
"2019-7787-27/05/2021","2 Metropolitan","RICHMOND","5033","CITY OF WEST TORRENS",2,1,0,0,1,2019,"August","Tuesday","08:55 am","050","T-Junction","Straight road","Level","Not Applicable","Sealed","Dry","Not Raining","Daylight","Rear End","02","Driver Rider","2: MI","No Control","","",1324978.51,1669580.31,"13249791669580"
"2019-7788-27/05/2021","3 Country","KOPPAMURRA","5271","DC NARACOORTE & LUCINDALE.",1,1,0,0,1,2019,"August","Wednesday","06:30 am","110","Not Divided","CURVED, VIEW OBSCURED","Level","Not Applicable","Sealed","Wet","Raining","Night","Roll Over","01","Driver Rider","2: MI","No Control","","",1522461.16,1430408.56,"15224611430409"
"2019-7789-27/05/2021","2 Metropolitan","MILE END","5031","CITY OF WEST TORRENS",2,0,0,0,0,2019,"August","Wednesday","08:15 am","060","T-Junction","Straight road","Level","Not Applicable","Sealed","Wet","Raining","Daylight","Right Turn","02","Driver Rider","1: PDO","No Control","","",1326080.52,1670999.64,"13260811671000"
"2019-7790-27/05/2021","2 Metropolitan","REYNELLA","5161","CITY OF ONKAPARINGA",2,0,0,0,0,2019,"August","Wednesday","06:40 am","100","Interchange","Straight road","Slope","Not Applicable","Sealed","Dry","Not Raining","Night","Rear End","02","Driver Rider","1: PDO","No Control","","",1320043.32,1651525.79,"13200431651526"
"2019-7791-27/05/2021","3 Country","LIGHT PASS","5355","THE BAROSSA COUNCIL.",2,1,0,0,1,2019,"August","Wednesday","08:08 am","080","Cross Road","Straight road","Level","Not Applicable","Sealed","Dry","Not Raining","Daylight","Right Angle","01","Driver Rider","2: MI","Give Way Sign","","",1369240,1720245.26,"13692401720245"
"2019-7792-27/05/2021","2 Metropolitan","LEABROOK","5068","CITY OF BURNSIDE",2,0,0,0,0,2019,"August","Wednesday","09:10 am","060","T-Junction","Straight road","Level","Not Applicable","Sealed","Wet","Raining","Daylight","Side Swipe","02","Driver Rider","1: PDO","No Control","","",1333921.87,1669686.78,"13339221669687"
"2019-7793-27/05/2021","2 Metropolitan","ONKAPARINGA HILLS","5163","CITY OF ONKAPARINGA",1,0,0,0,0,2019,"August","Wednesday","09:00 am","080","Not Divided","CURVED, VIEW OBSCURED","Slope","Not Applicable","Unsealed","Wet","Raining","Daylight","Roll Over","01","Driver Rider","1: PDO","No Control","","",1320623.11,1644502.43,"13206231644502"
"2019-7794-27/05/2021","2 Metropolitan","DRY CREEK","5094","CITY OF PORT ADELAIDE ENFIELD",2,0,0,0,0,2019,"August","Wednesday","10:20 am","060","Not Divided","CURVED, VIEW OPEN","Level","Not Applicable","Sealed","Wet","Not Raining","Daylight","Hit Fixed Object","01","Driver Rider","1: PDO","No Control","","",1328498.89,1680469.55,"13284991680470"
"2019-7795-27/05/2021","2 Metropolitan","SHEIDOW PARK","5158","CC MARION.                    ",3,2,0,0,2,2019,"August","Wednesday","08:40 am","060","T-Junction","Straight road","Slope","Not Applicable","Sealed","Wet","Raining","Daylight","Head On","01","Driver Rider","2: MI","Roundabout","","",1321342.42,1654169.72,"13213421654170"
"2019-7796-27/05/2021","2 Metropolitan","CHRISTIE DOWNS","5164","CITY OF ONKAPARINGA",2,1,0,0,1,2019,"August","Wednesday","10:03 am","070","T-Junction","Straight road","Slope","Not Applicable","Sealed","Wet","Raining","Daylight","Hit Fixed Object","01","Driver Rider","2: MI","No Control","","",1317801.21,1648546.47,"13178011648546"
"2019-7797-27/05/2021","2 Metropolitan","PORT ADELAIDE","5015","CITY OF PORT ADELAIDE ENFIELD",2,1,0,0,1,2019,"August","Wednesday","10:40 am","060","Cross Road","Straight road","Level","Not Applicable","Sealed","Wet","Raining","Daylight","Side Swipe","01","Driver Rider","2: MI","Traffic Signals","","",1319839.14,1679085.47,"13198391679085"
"2019-7798-27/05/2021","2 Metropolitan","MORPHETT VALE","5162","CITY OF ONKAPARINGA",2,0,0,0,0,2019,"August","Wednesday","09:30 am","050","Not Divided","Straight road","Level","Not Applicable","Sealed","Wet","Raining","Daylight","Hit Parked Vehicle","02","Driver Rider","1: PDO","No Control","","",1320749.28,1650694.77,"13207491650695"
"2019-7799-27/05/2021","2 Metropolitan","SALISBURY PLAIN","5109","CITY OF SALISBURY",2,0,0,0,0,2019,"August","Wednesday","08:40 am","080","Cross Road","Straight road","Level","Not Applicable","Sealed","Wet","Raining","Daylight","Rear End","02","Driver Rider","1: PDO","Traffic Signals","","",1335452.41,1688124.93,"13354521688125"
"2019-7800-27/05/2021","2 Metropolitan","REGENCY PARK","5010","CITY OF PORT ADELAIDE ENFIELD",2,0,0,0,0,2019,"August","Wednesday","08:15 am","060","T-Junction","Straight road","Level","Not Applicable","Sealed","Wet","Raining","Daylight","Side Swipe","02","Driver Rider","1: PDO","Traffic Signals","","",1326449.52,1676375.13,"13264501676375"
"2019-7801-27/05/2021","2 Metropolitan","URRBRAE","5064","CC MITCHAM.                   ",2,2,0,0,2,2019,"August","Wednesday","12:05 pm","060","T-Junction","Straight road","Slope","Not Applicable","Sealed","Dry","Not Raining","Daylight","Right Angle","02","Driver Rider","2: MI","Stop Sign","","",1331592.03,1666315.48,"13315921666315"
"2019-7802-27/05/2021","2 Metropolitan","WEST LAKES","5021","CITY OF CHARLES STURT",2,1,0,1,0,2019,"August","Wednesday","11:55 am","040","Not Divided","Straight road","Level","Driveway or Entrance","Sealed","Dry","Not Raining","Daylight","Right Angle","02","Driver Rider","3: SI","No Control","","",1318563.42,1676065.63,"13185631676066"
"2019-7803-27/05/2021","2 Metropolitan","TORRENS PARK","5062","CC MITCHAM.                   ",2,1,0,0,1,2019,"August","Wednesday","10:00 am","060","T-Junction","Straight road","Level","Not Applicable","Sealed","Wet","Raining","Daylight","Right Turn","02","Driver Rider","2: MI","Traffic Signals","","",1329171.51,1665029.05,"13291721665029"
"2019-7804-27/05/2021","1 City","ADELAIDE","5000","CITY OF ADELAIDE",2,1,0,0,1,2019,"August","Tuesday","08:10 pm","050","T-Junction","Straight road","Level","Not Applicable","Unsealed","Dry","Not Raining","Night","Side Swipe","01","Driver Rider","2: MI","Traffic Signals","","",1329069.63,1671643.37,"13290701671643"
"2019-7805-27/05/2021","2 Metropolitan","KILBURN","5084","CITY OF PORT ADELAIDE ENFIELD",2,1,0,0,1,2019,"August","Wednesday","12:49 pm","060","T-Junction","Straight road","Level","Not Applicable","Sealed","Wet","Raining","Daylight","Right Turn","02","Driver Rider","2: MI","Traffic Signals","","",1327206.14,1677437.48,"13272061677437"
"2019-7806-27/05/2021","1 City","ADELAIDE","5000","CITY OF ADELAIDE",2,0,0,0,0,2019,"August","Sunday","07:05 pm","050","Cross Road","Straight road","Level","Not Applicable","Sealed","Dry","Not Raining","Night","Side Swipe","02","Driver Rider","1: PDO","Traffic Signals","","",1328552.57,1670359.47,"13285531670359"
"2019-7807-27/05/2021","2 Metropolitan","WINGFIELD","5013","CITY OF PORT ADELAIDE ENFIELD",2,0,0,0,0,2019,"August","Wednesday","12:00 pm","040","Freeway","Straight road","Level","Roadworks","Sealed","Wet","Not Raining","Daylight","Side Swipe","02","Driver Rider","1: PDO","No Control","","",1324914.9,1681052.33,"13249151681052"
"2019-7808-27/05/2021","3 Country","POOGINOOK","5330","LOXTON WAIKERIE DISTRICT COUNCIL",2,1,0,0,1,2019,"August","Tuesday","05:50 pm","110","Not Divided","Straight road","Level","Not Applicable","Sealed","Dry","Not Raining","Night","Hit Animal","02","Animal","2: MI","No Control","","",1469056.37,1753287.55,"14690561753288"
"2019-7809-27/05/2021","2 Metropolitan","MAGILL","5072","CC CAMPBELLTOWN.              ",3,2,0,0,2,2019,"August","Wednesday","12:10 pm","060","Divided Road","Straight road","Level","Unknown","Sealed","Wet","Raining","Daylight","Rear End","01","Driver Rider","2: MI","No Control","","",1335457.27,1672822.36,"13354571672822"
"2019-7810-27/05/2021","3 Country","MOUNT GAMBIER","5290","CC MT.GAMBIER.                ",3,0,0,0,0,2019,"August","Wednesday","09:45 am","050","Not Divided","Straight road","Level","Not Applicable","Sealed","Dry","Not Raining","Daylight","Hit Parked Vehicle","01","Driver Rider","1: PDO","No Control","","",1509817.26,1340331.26,"15098171340331"
"2019-7811-27/05/2021","2 Metropolitan","BOLIVAR","5110","CITY OF SALISBURY",2,0,0,0,0,2019,"August","Tuesday","11:45 am","090","T-Junction","Straight road","Level","Not Applicable","Sealed","Dry","Not Raining","Daylight","Right Turn","01","Driver Rider","1: PDO","Traffic Signals","","",1328471.89,1688636.97,"13284721688637"
"2019-7812-27/05/2021","1 City","ADELAIDE","5000","CITY OF ADELAIDE",2,0,0,0,0,2019,"August","Wednesday","11:25 am","050","T-Junction","Straight road","Level","Not Applicable","Sealed","Wet","Not Raining","Daylight","Right Angle","01","Driver Rider","1: PDO","Traffic Signals","","",1327369.29,1670156.24,"13273691670156"
"2019-7813-27/05/2021","2 Metropolitan","MUNNO PARA","5115","CITY OF PLAYFORD.",2,0,0,0,0,2019,"August","Wednesday","08:45 am","050","Other","Straight road","Level","Not Applicable","Sealed","Wet","Raining","Daylight","Rear End","02","Driver Rider","1: PDO","No Control","","",1337266.31,1698614.77,"13372661698615"
"2019-7814-27/05/2021","2 Metropolitan","PLYMPTON","5038","CITY OF WEST TORRENS",2,0,0,0,0,2019,"August","Wednesday","02:40 pm","050","Cross Road","Straight road","Level","Not Applicable","Sealed","Wet","Raining","Daylight","Right Angle","02","Driver Rider","1: PDO","Give Way Sign","","",1323614.09,1666874.92,"13236141666875"
"2019-7815-27/05/2021","2 Metropolitan","FORESTVILLE","5035","CITY OF UNLEY",2,2,0,0,2,2019,"August","Wednesday","03:40 pm","040","T-Junction","CURVED, VIEW OPEN","Level","Not Applicable","Sealed","Wet","Raining","Daylight","Rear End","02","Driver Rider","2: MI","No Control","","",1326464.58,1668147.33,"13264651668147"
"2019-7816-27/05/2021","2 Metropolitan","HILLIER","5116","CT GAWLER.                    ",2,0,0,0,0,2019,"August","Wednesday","02:15 pm","060","T-Junction","Straight road","Level","Not Applicable","Sealed","Dry","Not Raining","Daylight","Rear End","02","Driver Rider","1: PDO","No Control","","",1340870.33,1704194.53,"13408701704195"
"2019-7817-27/05/2021","2 Metropolitan","MALVERN","5061","CITY OF UNLEY",2,0,0,0,0,2019,"August","Wednesday","03:10 pm","040","Not Divided","Straight road","Level","Driveway or Entrance","Sealed","Dry","Not Raining","Daylight","Right Angle","02","Driver Rider","1: PDO","No Control","","",1329145.74,1667551.49,"13291461667551"
"2019-7818-27/05/2021","2 Metropolitan","KENSINGTON PARK","5068","CITY OF BURNSIDE",3,1,0,0,1,2019,"August","Wednesday","04:40 pm","060","Not Divided","Straight road","Level","Not Applicable","Sealed","Wet","Raining","Daylight","Rear End","01","Driver Rider","2: MI","No Control","","",1333881.31,1671062.71,"13338811671063"
"2019-7819-27/05/2021","2 Metropolitan","OAKDEN","5086","CITY OF PORT ADELAIDE ENFIELD",2,0,0,0,0,2019,"August","Wednesday","04:40 pm","050","Cross Road","CURVED, VIEW OPEN","Level","Not Applicable","Sealed","Wet","Raining","Daylight","Right Angle","01","Driver Rider","1: PDO","Roundabout","","",1332046.12,1678084.56,"13320461678085"
"2019-7820-27/05/2021","2 Metropolitan","BLAKEVIEW","5114","CITY OF PLAYFORD.",2,0,0,0,0,2019,"August","Wednesday","04:45 pm","060","Not Divided","Straight road","Level","Not Applicable","Sealed","Wet","Raining","Daylight","Head On","02","Driver Rider","1: PDO","No Control","","",1337758.15,1696586.72,"13377581696587"
"2019-7821-27/05/2021","2 Metropolitan","ELIZABETH EAST","5112","CITY OF PLAYFORD.",2,0,0,0,0,2019,"August","Wednesday","05:35 pm","080","Divided Road","Straight road","Level","Not Applicable","Sealed","Wet","Raining","Daylight","Side Swipe","01","Driver Rider","1: PDO","No Control","","",1336147.7,1691465.61,"13361481691466"
"2019-7822-27/05/2021","2 Metropolitan","ULEYBURY","5114","CITY OF PLAYFORD.",2,1,0,0,1,2019,"August","Wednesday","04:15 pm","080","Not Divided","CURVED, VIEW OPEN","Crest of Hill","Not Applicable","Sealed","Wet","Raining","Daylight","Hit Fixed Object","01","Driver Rider","2: MI","No Control","","",1344022.92,1697244.04,"13440231697244"
"2019-7823-27/05/2021","2 Metropolitan","CUDLEE CREEK","5232","THE ADELAIDE HILLS COUNCIL",2,0,0,0,0,2019,"August","Wednesday","03:50 pm","080","Not Divided","CURVED, VIEW OBSCURED","Level","Not Applicable","Sealed","Wet","Raining","Daylight","Hit Fixed Object","01","Driver Rider","1: PDO","No Control","","",1349084.41,1679964.36,"13490841679964"
"2019-7824-27/05/2021","2 Metropolitan","NEWTON","5074","CC CAMPBELLTOWN.              ",3,0,0,0,0,2019,"August","Wednesday","06:05 pm","060","Cross Road","Straight road","Level","Not Applicable","Sealed","Wet","Raining","Night","Rear End","01","Driver Rider","1: PDO","Traffic Signals","","",1335409.35,1674554.22,"13354091674554"
"2019-7825-27/05/2021","2 Metropolitan","STEPNEY","5069","CC OF NORWOOD,PAYNEHAM & ST PETERS",2,0,0,0,0,2019,"August","Wednesday","07:00 pm","060","T-Junction","Straight road","Level","Not Applicable","Sealed","Wet","Raining","Night","Hit Pedestrian","02","Pedestrian","1: PDO","Stop Sign","","",1330850.4,1672049.36,"13308501672049"
"2019-7826-27/05/2021","2 Metropolitan","DARLINGTON","5047","CC MARION.                    ",2,1,0,0,1,2019,"August","Wednesday","06:30 pm","100","Divided Road","CURVED, VIEW OPEN","Slope","Not Applicable","Sealed","Wet","Not Raining","Night","Hit Fixed Object","01","Driver Rider","2: MI","No Control","","",1324228.74,1658502.25,"13242291658502"
"2019-7827-27/05/2021","2 Metropolitan","KANGAROO FLAT","5118","LIGHT REGIONAL COUNCIL",2,2,0,0,2,2019,"August","Wednesday","04:10 pm","100","T-Junction","Straight road","Level","Not Applicable","Sealed","Wet","Raining","Daylight","Right Angle","01","Driver Rider","2: MI","No Control","","",1338365.83,1712489.96,"13383661712490"
"2019-7828-27/05/2021","3 Country","FREELING","5372","LIGHT REGIONAL COUNCIL",3,2,0,0,2,2019,"August","Wednesday","05:20 pm","100","T-Junction","Straight road","Level","Not Applicable","Sealed","Wet","Raining","Daylight","Right Turn","01","Driver Rider","2: MI","Stop Sign","","",1350740.5,1722138.29,"13507411722138"
"2019-7829-27/05/2021","2 Metropolitan","BROADVIEW","5083","CITY OF PROSPECT",3,0,0,0,0,2019,"August","Wednesday","08:25 pm","050","Not Divided","Straight road","Level","Not Applicable","Sealed","Wet","Raining","Night","Hit Parked Vehicle","02","Driver Rider","1: PDO","No Control","","",1330336.69,1675385.85,"13303371675386"
"2019-7830-27/05/2021","3 Country","LYRUP","5343","DC RENMARK PARINGA            ",2,0,0,0,0,2019,"August","Wednesday","08:40 pm","050","T-Junction","Straight road","Level","Not Applicable","Sealed","Wet","Raining","Night","Hit Fixed Object","01","Driver Rider","1: PDO","Give Way Sign","","",1519059.75,1736590.9,"15190601736591"
"2019-7831-27/05/2021","3 Country","CEDUNA","5690","DC CEDUNA                     ",1,1,0,1,0,2019,"August","Wednesday","07:00 pm","060","Not Divided","Straight road","Unknown","Unknown","Unsealed","Wet","Raining","Night","Roll Over","01","Driver Rider","3: SI","No Control","Y","",867865.17,2002563.28,"08678652002563"
"2019-7832-27/05/2021","2 Metropolitan","NOARLUNGA CENTRE","5168","CITY OF ONKAPARINGA",2,0,0,0,0,2019,"August","Wednesday","10:40 pm","050","Multiple","Straight road","Level","Not Applicable","Sealed","Wet","Raining","Night","Right Angle","01","Driver Rider","1: PDO","Roundabout","","",1318000.68,1647334.49,"13180011647334"
"2019-7833-27/05/2021","2 Metropolitan","PROSPECT","5082","CITY OF PROSPECT",2,0,0,0,0,2019,"August","Thursday","01:30 am","060","Not Divided","Straight road","Level","Not Applicable","Sealed","Wet","Raining","Night","Hit Fixed Object","01","Driver Rider","1: PDO","No Control","","",1328918.17,1674317.53,"13289181674318"
"2019-7834-27/05/2021","2 Metropolitan","HAWTHORNDENE","5051","CC MITCHAM.                   ",2,0,0,0,0,2019,"August","Thursday","01:30 am","050","Not Divided","Straight road","Level","Not Applicable","Sealed","Wet","Unknown","Night","Hit Fixed Object","01","Driver Rider","1: PDO","No Control","","",1330912.43,1659718.08,"13309121659718"
"2019-7835-27/05/2021","2 Metropolitan","DRY CREEK","5094","CITY OF PORT ADELAIDE ENFIELD",2,0,0,0,0,2019,"March","Tuesday","09:35 am","060","Not Divided","Straight road","Level","Not Applicable","Sealed","Dry","Not Raining","Daylight","Rear End","01","Driver Rider","1: PDO","No Control","","",1327160.67,1679809.57,"13271611679810"
"2019-7836-27/05/2021","2 Metropolitan","RENOWN PARK","5008","CITY OF CHARLES STURT",2,1,0,0,1,2019,"August","Wednesday","09:35 am","060","Not Divided","Straight road","Level","Not Applicable","Sealed","Wet","Raining","Daylight","Rear End","02","Driver Rider","2: MI","No Control","","",1326760.78,1674229.06,"13267611674229"
"2019-7837-27/05/2021","2 Metropolitan","SALISBURY HEIGHTS","5109","CITY OF SALISBURY",2,0,0,0,0,2019,"August","Thursday","07:30 am","050","Not Divided","CURVED, VIEW OPEN","Level","Not Applicable","Sealed","Dry","Not Raining","Daylight","Head On","01","Driver Rider","1: PDO","No Control","","",1336427.14,1688802.11,"13364271688802"
"2019-7838-27/05/2021","2 Metropolitan","PAYNEHAM SOUTH","5070","CC OF NORWOOD,PAYNEHAM & ST PETERS",2,0,0,0,0,2019,"August","Thursday","08:30 am","060","Cross Road","Straight road","Level","Not Applicable","Sealed","Dry","Not Raining","Daylight","Side Swipe","02","Driver Rider","1: PDO","Stop Sign","","",1332213.35,1672708.61,"13322131672709"
"2019-7839-27/05/2021","2 Metropolitan","UNLEY PARK","5061","CITY OF UNLEY",2,2,0,0,2,2019,"August","Wednesday","04:00 pm","060","Not Divided","Straight road","Level","Not Applicable","Sealed","Wet","Raining","Daylight","Rear End","02","Driver Rider","2: MI","No Control","","",1329130.7,1666526.7,"13291311666527"
"2019-7840-27/05/2021","2 Metropolitan","HILLBANK","5112","CITY OF PLAYFORD.",3,1,0,0,1,2019,"August","Thursday","08:10 am","080","Divided Road","Straight road","Level","Not Applicable","Sealed","Wet","Raining","Daylight","Rear End","01","Driver Rider","2: MI","No Control","","",1336155.15,1690546.21,"13361551690546"
"2019-7841-27/05/2021","1 City","ADELAIDE","5000","CITY OF ADELAIDE",1,1,0,0,1,2019,"August","Thursday","10:00 am","050","Not Divided","Straight road","Level","Not Applicable","Sealed","Dry","Not Raining","Daylight","Other","01","Driver Rider","2: MI","No Control","","",1327935.28,1670148.79,"13279351670149"
"2019-7842-27/05/2021","2 Metropolitan","UNLEY","5061","CITY OF UNLEY",2,0,0,0,0,2019,"August","Thursday","10:45 am","060","Not Divided","Straight road","Level","Not Applicable","Sealed","Wet","Not Raining","Daylight","Hit Parked Vehicle","02","Driver Rider","1: PDO","No Control","","",1329079.99,1668194.57,"13290801668195"
"2019-7843-27/05/2021","3 Country","STANSBURY","5582","YORKE PENINSULA COUNCIL",2,0,0,0,0,2019,"August","Thursday","08:00 am","100","Not Divided","Straight road","Level","Not Applicable","Sealed","Dry","Not Raining","Daylight","Hit Fixed Object","01","Driver Rider","1: PDO","No Control","","",1255239.53,1677837.96,"12552401677838"
"2019-7844-27/05/2021","2 Metropolitan","ENFIELD","5085","CITY OF PROSPECT",2,0,0,0,0,2019,"August","Wednesday","03:00 pm","060","Divided Road","Straight road","Level","Not Applicable","Sealed","Wet","Not Raining","Daylight","Rear End","02","Driver Rider","1: PDO","No Control","","",1328872.01,1676488.99,"13288721676489"