"REPORT_ID","Stats Area","Suburb","Postcode","LGA Name","Total Units","Total Cas","Total Fats","Total SI","Total MI","Year","Month","Day","Time","Area Speed","Position Type","Horizontal Align","Vertical Align","Other Feat","Road Surface","Moisture Cond","Weather Cond","DayNight","Crash Type","Unit Resp","Entity Code","CSEF Severity","Traffic Ctrls","DUI Involved","Drugs Involved","ACCLOC_X","ACCLOC_Y","UNIQUE_LOC"
"2019-10412-27/05/2021","2 Metropolitan","PARAFIELD","5106","CITY OF SALISBURY",2,0,0,0,0,2019,"October","Monday","10:25 am","080","Divided Road","Straight road","Level","Not Applicable","Sealed","Dry","Not Raining","Daylight","Side Swipe","02","Driver Rider","1: PDO","No Control","","",1332025.71,1683793.57,"13320261683794"
"2019-10413-27/05/2021","3 Country","ANNADALE","5356","MID MURRAY DISTRICT COUNCIL",2,2,0,0,2,2019,"October","Monday","09:15 am","110","Not Divided","Straight road","Level","Not Applicable","Sealed","Dry","Not Raining","Daylight","Hit Fixed Object","01","Driver Rider","2: MI","No Control","","",1404187.25,1727328,"14041871727328"
"2019-10414-27/05/2021","2 Metropolitan","KURRALTA PARK","5037","CITY OF WEST TORRENS",2,0,0,0,0,2019,"October","Sunday","04:15 pm","060","Cross Road","Straight road","Level","Not Applicable","Sealed","Dry","Not Raining","Daylight","Rear End","02","Driver Rider","1: PDO","Traffic Signals","","",1325808.51,1668480.07,"13258091668480"
"2019-10415-27/05/2021","2 Metropolitan","DERNANCOURT","5075","CITY OF TEA TREE GULLY",2,0,0,0,0,2019,"October","Monday","10:20 am","060","T-Junction","Straight road","Level","Not Applicable","Sealed","Dry","Not Raining","Daylight","Right Angle","01","Driver Rider","1: PDO","No Control","","",1336008.43,1678069.21,"13360081678069"
"2019-10416-27/05/2021","2 Metropolitan","PARK HOLME","5043","CC MARION.                    ",2,2,0,0,2,2019,"October","Monday","08:30 am","060","Cross Road","Straight road","Level","Not Applicable","Sealed","Dry","Not Raining","Daylight","Rear End","01","Driver Rider","2: MI","Traffic Signals","","",1324333.22,1663274.32,"13243331663274"
"2019-10417-27/05/2021","2 Metropolitan","FINDON","5023","CITY OF CHARLES STURT",2,0,0,0,0,2019,"October","Monday","08:10 am","060","T-Junction","Straight road","Level","Not Applicable","Sealed","Dry","Not Raining","Daylight","Right Angle","02","Driver Rider","1: PDO","No Control","","",1323055.76,1673698.71,"13230561673699"
"2019-10418-27/05/2021","2 Metropolitan","BIGGS FLAT","5153","DC MT.BARKER.                 ",2,0,0,0,0,2019,"October","Monday","07:30 am","080","Not Divided","Straight road","Level","Not Applicable","Sealed","Dry","Not Raining","Daylight","Hit Animal","02","Animal","1: PDO","No Control","","",1344322.95,1653168.36,"13443231653168"
"2019-10419-27/05/2021","2 Metropolitan","ROYAL PARK","5014","CITY OF CHARLES STURT",2,0,0,0,0,2019,"October","Monday","08:45 am","060","Divided Road","Straight road","Level","Not Applicable","Sealed","Dry","Not Raining","Daylight","Side Swipe","02","Driver Rider","1: PDO","No Control","","",1320687.28,1676810.37,"13206871676810"
"2019-10420-27/05/2021","2 Metropolitan","GAWLER SOUTH","5118","CT GAWLER.                    ",2,0,0,0,0,2019,"October","Monday","01:00 pm","050","Not Divided","Straight road","Level","Driveway or Entrance","Sealed","Dry","Not Raining","Daylight","Right Angle","01","Driver Rider","1: PDO","No Control","","",1342898.49,1705546.28,"13428981705546"
"2019-10421-27/05/2021","2 Metropolitan","GLENELG","5045","CITY OF HOLDFAST BAY",2,0,0,0,0,2019,"October","Monday","01:30 pm","050","Not Divided","Straight road","Level","Not Applicable","Sealed","Dry","Not Raining","Daylight","Right Turn","02","Driver Rider","1: PDO","No Control","","",1320803.93,1664660.29,"13208041664660"
"2019-10422-27/05/2021","2 Metropolitan","MODBURY","5092","CITY OF TEA TREE GULLY",3,1,0,0,1,2019,"October","Monday","01:45 pm","060","Divided Road","Straight road","Level","Not Applicable","Sealed","Dry","Not Raining","Daylight","Hit Fixed Object","01","Driver Rider","2: MI","No Control","","",1336286.38,1680476.66,"13362861680477"
"2019-10423-27/05/2021","2 Metropolitan","MANNINGHAM","5086","CITY OF PORT ADELAIDE ENFIELD",2,0,0,0,0,2019,"October","Monday","12:30 pm","050","T-Junction","Straight road","Level","Not Applicable","Sealed","Dry","Not Raining","Daylight","Side Swipe","02","Driver Rider","1: PDO","No Control","","",1330925.32,1676153.36,"13309251676153"
"2019-10424-27/05/2021","2 Metropolitan","GILLMAN","5013","CITY OF PORT ADELAIDE ENFIELD",3,0,0,0,0,2019,"October","Monday","04:45 pm","050","T-Junction","Straight road","Level","Not Applicable","Sealed","Dry","Not Raining","Daylight","Hit Object on Road","01","Driver Rider","1: PDO","No Control","","",1321493.73,1679801.53,"13214941679802"
"2019-10425-27/05/2021","3 Country","PORT PIRIE SOUTH","5540","PT.PIRIE CITY & DIST. COUNCIL ",2,1,0,1,0,2019,"October","Monday","02:30 pm","060","Cross Road","Straight road","Level","Not Applicable","Sealed","Dry","Not Raining","Daylight","Right Angle","02","Driver Rider","3: SI","Give Way Sign","","",1280454.06,1863470.35,"12804541863470"
"2019-10426-27/05/2021","2 Metropolitan","RIDGEHAVEN","5097","CITY OF TEA TREE GULLY",2,1,0,0,1,2019,"October","Monday","11:05 am","060","Cross Road","Straight road","Crest of Hill","Not Applicable","Sealed","Dry","Not Raining","Daylight","Rear End","02","Driver Rider","2: MI","Traffic Signals","","",1337423.89,1681217.95,"13374241681218"
"2019-10427-27/05/2021","2 Metropolitan","SALISBURY NORTH","5108","CITY OF SALISBURY",3,1,0,0,1,2019,"October","Monday","12:00 pm","060","Not Divided","Straight road","Level","Not Applicable","Sealed","Dry","Not Raining","Daylight","Hit Object on Road","01","Driver Rider","2: MI","No Control","","",1331251.47,1691441.57,"13312511691442"
"2019-10428-27/05/2021","2 Metropolitan","WINGFIELD","5013","CITY OF PORT ADELAIDE ENFIELD",3,0,0,0,0,2019,"October","Monday","12:30 pm","050","Cross Road","Straight road","Level","Not Applicable","Sealed","Dry","Not Raining","Daylight","Other","02","Driver Rider","1: PDO","Traffic Signals","","",1323891.5,1680181.33,"13238921680181"
"2019-10429-27/05/2021","3 Country","TANUNDA","5352","THE BAROSSA COUNCIL.",2,1,0,0,1,2019,"October","Monday","02:58 pm","050","Not Divided","Straight road","Level","Not Applicable","Sealed","Dry","Not Raining","Daylight","Hit Fixed Object","01","Driver Rider","2: MI","No Control","","",1363123.65,1715266.78,"13631241715267"
"2019-10430-27/05/2021","2 Metropolitan","MOUNT BARKER","5251","DC MT.BARKER.                 ",2,0,0,0,0,2019,"October","Monday","04:10 pm","050","Not Divided","Straight road","Slope","Not Applicable","Sealed","Dry","Not Raining","Daylight","Hit Parked Vehicle","02","Driver Rider","1: PDO","No Control","","",1351490.83,1654159.49,"13514911654159"
"2019-10431-27/05/2021","2 Metropolitan","TOORAK GARDENS","5065","CITY OF BURNSIDE",2,1,0,0,1,2019,"October","Thursday","05:50 pm","060","Divided Road","Straight road","Level","Driveway or Entrance","Sealed","Dry","Not Raining","Daylight","Right Angle","02","Driver Rider","2: MI","No Control","","",1331540.48,1669025.2,"13315401669025"
"2019-10432-27/05/2021","2 Metropolitan","BEVERLEY","5009","CITY OF CHARLES STURT",2,0,0,0,0,2019,"October","Monday","09:50 am","060","Divided Road","Straight road","Level","Not Applicable","Sealed","Dry","Not Raining","Daylight","Rear End","01","Driver Rider","1: PDO","No Control","","",1323521.65,1675151.04,"13235221675151"
"2019-10433-27/05/2021","1 City","NORTH ADELAIDE","5006","CITY OF ADELAIDE",2,0,0,0,0,2019,"October","Monday","05:44 pm","050","T-Junction","Straight road","Level","Not Applicable","Sealed","Dry","Not Raining","Daylight","Rear End","01","Driver Rider","1: PDO","No Control","","",1328036.62,1672520.88,"13280371672521"
"2019-10434-27/05/2021","2 Metropolitan","FAIRVIEW PARK","5126","CITY OF TEA TREE GULLY",2,0,0,0,0,2019,"October","Monday","05:45 pm","060","T-Junction","Straight road","Level","Not Applicable","Sealed","Dry","Not Raining","Daylight","Right Angle","02","Driver Rider","1: PDO","No Control","","",1340942.85,1683639.76,"13409431683640"
"2019-10435-27/05/2021","2 Metropolitan","ELIZABETH VALE","5112","CITY OF PLAYFORD.",2,0,0,0,0,2019,"October","Monday","07:20 am","050","Not Divided","Straight road","Level","Driveway or Entrance","Sealed","Dry","Not Raining","Daylight","Right Angle","02","Driver Rider","1: PDO","No Control","","",1335468.41,1690523.59,"13354681690524"
"2019-10436-27/05/2021","2 Metropolitan","SMITHFIELD","5114","CITY OF PLAYFORD.",2,1,0,1,0,2019,"October","Monday","02:00 pm","050","Not Divided","Straight road","Level","Not Applicable","Sealed","Dry","Not Raining","Daylight","Hit Pedestrian","02","Driver Rider","3: SI","No Control","","",1336883.37,1697376.36,"13368831697376"
"2019-10437-27/05/2021","2 Metropolitan","GLENUNGA","5064","CITY OF BURNSIDE",2,0,0,0,0,2019,"October","Monday","03:10 pm","060","T-Junction","Straight road","Level","Not Applicable","Sealed","Dry","Not Raining","Daylight","Right Turn","02","Driver Rider","1: PDO","Give Way Sign","","",1332339.92,1668038.79,"13323401668039"
"2019-10438-27/05/2021","2 Metropolitan","ELIZABETH PARK","5113","CITY OF PLAYFORD.",2,0,0,0,0,2019,"October","Monday","05:05 pm","060","Divided Road","Straight road","Level","Not Applicable","Sealed","Dry","Not Raining","Daylight","Rear End","01","Driver Rider","1: PDO","No Control","","",1337570.06,1694608.3,"13375701694608"
"2019-10439-27/05/2021","2 Metropolitan","CUDLEE CREEK","5232","THE ADELAIDE HILLS COUNCIL",2,0,0,0,0,2019,"October","Monday","07:40 pm","080","Not Divided","CURVED, VIEW OBSCURED","Slope","Not Applicable","Sealed","Dry","Not Raining","Night","Roll Over","01","Driver Rider","1: PDO","No Control","","",1347550.41,1679481.68,"13475501679482"
"2019-10440-27/05/2021","3 Country","WILLAMULKA","5554","COPPER COAST DISTRICT COUNCIL",1,0,0,0,0,2019,"October","Monday","11:45 pm","100","T-Junction","Straight road","Level","Not Applicable","Unsealed","Dry","Not Raining","Night","Left Road - Out of Control","01","Driver Rider","1: PDO","No Control","","",1260309.36,1782341.92,"12603091782342"
"2019-10441-27/05/2021","3 Country","TANUNDA","5352","LIGHT REGIONAL COUNCIL",2,0,0,0,0,2019,"October","Tuesday","06:10 am","090","Not Divided","Straight road","Level","Not Applicable","Sealed","Dry","Not Raining","Night","Hit Animal","02","Animal","1: PDO","No Control","","",1360340.39,1712615.8,"13603401712616"
"2019-10442-27/05/2021","2 Metropolitan","EDEN HILLS","5050","CC MITCHAM.                   ",2,0,0,0,0,2019,"October","Tuesday","06:49 am","060","Divided Road","Straight road","Level","Not Applicable","Sealed","Dry","Not Raining","Daylight","Hit Parked Vehicle","01","Driver Rider","1: PDO","No Control","","",1326706.91,1660030.68,"13267071660031"
"2019-10443-27/05/2021","3 Country","WAITPINGA","5211","DC VICTOR HARBOR.             ",2,0,0,0,0,2019,"October","Monday","06:30 pm","100","Not Divided","Straight road","Level","Not Applicable","Sealed","Dry","Not Raining","Daylight","Hit Animal","02","Animal","1: PDO","No Control","","",1324761.49,1598926.28,"13247611598926"
"2019-10444-27/05/2021","2 Metropolitan","LOCKLEYS","5032","CITY OF WEST TORRENS",2,0,0,0,0,2019,"October","Tuesday","08:00 am","060","T-Junction","Straight road","Level","Not Applicable","Sealed","Dry","Not Raining","Daylight","Right Turn","02","Driver Rider","1: PDO","No Control","","",1321617.87,1670854.13,"13216181670854"
"2019-10445-27/05/2021","1 City","ADELAIDE","5000","CITY OF ADELAIDE",2,1,0,0,1,2019,"October","Saturday","01:00 pm","060","Cross Road","Straight road","Slope","Not Applicable","Sealed","Dry","Not Raining","Daylight","Rear End","02","Driver Rider","2: MI","Traffic Signals","","",1327901.33,1670963.7,"13279011670964"
"2019-10446-27/05/2021","2 Metropolitan","NORTH BRIGHTON","5048","CITY OF HOLDFAST BAY",2,0,0,0,0,2019,"October","Tuesday","10:01 am","060","Not Divided","Straight road","Level","Not Applicable","Sealed","Dry","Not Raining","Daylight","Hit Parked Vehicle","01","Driver Rider","1: PDO","No Control","","",1321199.17,1661886.1,"13211991661886"
"2019-10447-27/05/2021","2 Metropolitan","HALLETT COVE","5158","CC MARION.                    ",2,1,0,0,1,2019,"October","Tuesday","10:37 am","080","T-Junction","Straight road","Level","Not Applicable","Sealed","Dry","Not Raining","Daylight","Right Turn","02","Driver Rider","2: MI","Give Way Sign","","",1319752.15,1653443.13,"13197521653443"
"2019-10448-27/05/2021","2 Metropolitan","NOARLUNGA CENTRE","5168","CITY OF ONKAPARINGA",2,0,0,0,0,2019,"October","Tuesday","08:55 am","060","T-Junction","Straight road","Level","Not Applicable","Sealed","Dry","Not Raining","Daylight","Right Turn","01","Driver Rider","1: PDO","Traffic Signals","","",1318788.81,1647471.6,"13187891647472"
"2019-10449-27/05/2021","2 Metropolitan","URRBRAE","5064","CC MITCHAM.                   ",2,0,0,0,0,2019,"October","Tuesday","12:23 pm","060","Cross Road","Straight road","Level","Not Applicable","Sealed","Dry","Not Raining","Daylight","Right Turn","02","Driver Rider","1: PDO","Traffic Signals","","",1330786.89,1665600.37,"13307871665600"
"2019-10450-27/05/2021","2 Metropolitan","ST MARYS","5042","CC MITCHAM.                   ",2,2,0,0,2,2019,"October","Tuesday","12:34 pm","060","Cross Road","Straight road","Level","Not Applicable","Sealed","Dry","Not Raining","Daylight","Rear End","02","Driver Rider","2: MI","Traffic Signals","","",1325965.26,1663326.66,"13259651663327"
"2019-10451-27/05/2021","2 Metropolitan","MAGILL","5072","CC CAMPBELLTOWN.              ",2,1,0,1,0,2019,"October","Tuesday","07:28 am","050","T-Junction","CURVED, VIEW OPEN","Crest of Hill","Not Applicable","Sealed","Dry","Not Raining","Daylight","Right Angle","02","Driver Rider","3: SI","Stop Sign","","",1336296.35,1672154.98,"13362961672155"
"2019-10452-27/05/2021","2 Metropolitan","NORWOOD","5067","CC OF NORWOOD,PAYNEHAM & ST PETERS",2,0,0,0,0,2019,"October","Tuesday","12:40 pm","060","Cross Road","Straight road","Level","Not Applicable","Sealed","Dry","Not Raining","Daylight","Right Angle","02","Driver Rider","1: PDO","Roundabout","","",1330623.32,1670361.88,"13306231670362"
"2019-10453-27/05/2021","2 Metropolitan","OTTOWAY","5013","CITY OF PORT ADELAIDE ENFIELD",2,1,0,0,1,2019,"October","Tuesday","04:30 pm","060","T-Junction","Straight road","Level","Not Applicable","Sealed","Dry","Not Raining","Daylight","Rear End","02","Driver Rider","2: MI","Traffic Signals","","",1323011.02,1679141.01,"13230111679141"
"2019-10454-27/05/2021","2 Metropolitan","PROSPECT","5082","CITY OF PROSPECT",2,0,0,0,0,2019,"October","Monday","05:20 pm","060","Cross Road","Straight road","Level","Not Applicable","Sealed","Dry","Not Raining","Daylight","Rear End","01","Driver Rider","1: PDO","Traffic Signals","","",1327236.23,1676392.98,"13272361676393"
"2019-10455-27/05/2021","2 Metropolitan","BROMPTON","5007","CITY OF CHARLES STURT",2,0,0,0,0,2019,"October","Tuesday","12:58 pm","040","Cross Road","Straight road","Level","Not Applicable","Sealed","Dry","Not Raining","Daylight","Hit Fixed Object","01","Driver Rider","1: PDO","No Control","","",1325936.92,1673440.94,"13259371673441"
"2019-10456-27/05/2021","2 Metropolitan","HAMPSTEAD GARDENS","5086","CITY OF PORT ADELAIDE ENFIELD",2,1,0,1,0,2019,"October","Monday","02:15 pm","050","Not Divided","Straight road","Level","Not Applicable","Sealed","Dry","Not Raining","Daylight","Hit Object on Road","01","Driver Rider","3: SI","No Control","","",1331290.41,1676057.2,"13312901676057"
"2019-10457-27/05/2021","2 Metropolitan","SMITHFIELD","5114","CITY OF PLAYFORD.",3,0,0,0,0,2019,"October","Tuesday","01:40 pm","080","Divided Road","Straight road","Level","Not Applicable","Sealed","Dry","Not Raining","Daylight","Hit Fixed Object","01","Driver Rider","1: PDO","No Control","","",1338011.68,1697360.56,"13380121697361"
"2019-10458-27/05/2021","2 Metropolitan","ELIZABETH SOUTH","5112","CITY OF PLAYFORD.",2,0,0,0,0,2019,"October","Tuesday","07:37 am","060","Divided Road","Straight road","Level","Not Applicable","Sealed","Dry","Not Raining","Daylight","Side Swipe","01","Driver Rider","1: PDO","No Control","","",1333466.29,1690404.14,"13334661690404"
"2019-10459-27/05/2021","2 Metropolitan","INGLE FARM","5098","CITY OF SALISBURY",1,1,0,1,0,2019,"October","Tuesday","02:15 pm","060","Divided Road","Straight road","Slope","Not Applicable","Sealed","Dry","Not Raining","Daylight","Roll Over","01","Driver Rider","3: SI","No Control","","",1334443.06,1681139.64,"13344431681140"
"2019-10460-27/05/2021","2 Metropolitan","MEDINDIE","5081","WALKERVILLE TOWN COUNCIL",2,0,0,0,0,2019,"October","Tuesday","02:34 pm","060","Divided Road","Straight road","Level","Not Applicable","Sealed","Dry","Not Raining","Daylight","Side Swipe","01","Driver Rider","1: PDO","No Control","","",1328486.99,1673814.17,"13284871673814"
"2019-10461-27/05/2021","1 City","NORTH ADELAIDE","5006","CITY OF ADELAIDE",2,1,0,0,1,2019,"October","Tuesday","02:40 pm","050","Not Divided","Straight road","Level","Not Applicable","Sealed","Dry","Not Raining","Daylight","Rear End","01","Driver Rider","2: MI","No Control","","",1328801.78,1671708.15,"13288021671708"
"2019-10462-27/05/2021","2 Metropolitan","SEATON","5023","CITY OF CHARLES STURT",2,0,0,0,0,2019,"October","Tuesday","10:50 am","060","T-Junction","Straight road","Level","Not Applicable","Sealed","Dry","Not Raining","Daylight","Side Swipe","01","Driver Rider","1: PDO","Traffic Signals","","",1320746.99,1674887.01,"13207471674887"
"2019-10463-27/05/2021","2 Metropolitan","HILLIER","5116","CT GAWLER.                    ",2,0,0,0,0,2019,"October","Tuesday","02:50 pm","110","T-Junction","Straight road","Level","Not Applicable","Sealed","Dry","Not Raining","Daylight","Right Angle","02","Driver Rider","1: PDO","No Control","","",1341008.83,1704695.08,"13410091704695"
"2019-10464-27/05/2021","2 Metropolitan","GLENELG EAST","5045","CITY OF HOLDFAST BAY",2,1,0,0,1,2019,"October","Tuesday","02:40 pm","050","Not Divided","Straight road","Level","Not Applicable","Sealed","Dry","Not Raining","Daylight","Hit Parked Vehicle","01","Driver Rider","2: MI","No Control","","",1321622.83,1664167.73,"13216231664168"
"2019-10465-27/05/2021","2 Metropolitan","FORESTVILLE","5035","CITY OF UNLEY",2,0,0,0,0,2019,"October","Monday","04:50 pm","040","T-Junction","Straight road","Level","Not Applicable","Sealed","Dry","Not Raining","Daylight","Rear End","02","Driver Rider","1: PDO","Stop Sign","","",1326682.88,1668153.74,"13266831668154"
"2019-10466-27/05/2021","2 Metropolitan","LEAWOOD GARDENS","5150","CC MITCHAM.                   ",2,1,0,0,1,2019,"October","Tuesday","07:50 am","090","Freeway","CURVED, VIEW OPEN","Slope","Not Applicable","Sealed","Dry","Not Raining","Daylight","Rear End","02","Driver Rider","2: MI","No Control","","",1334624.78,1665865.59,"13346251665866"
"2019-10467-27/05/2021","2 Metropolitan","GOLDEN GROVE","5125","CITY OF TEA TREE GULLY",2,2,0,0,2,2019,"October","Tuesday","04:25 pm","050","Not Divided","Straight road","Slope","Not Applicable","Sealed","Dry","Not Raining","Daylight","Hit Fixed Object","01","Driver Rider","2: MI","No Control","","",1339007.23,1685551.68,"13390071685552"
"2019-10468-27/05/2021","2 Metropolitan","NORWOOD","5067","CC OF NORWOOD,PAYNEHAM & ST PETERS",3,0,0,0,0,2019,"October","Tuesday","04:55 pm","050","Divided Road","Straight road","Level","Not Applicable","Sealed","Dry","Not Raining","Daylight","Rear End","01","Driver Rider","1: PDO","No Control","","",1331436.41,1670965.09,"13314361670965"
"2019-10469-27/05/2021","2 Metropolitan","STEPNEY","5069","CC OF NORWOOD,PAYNEHAM & ST PETERS",2,0,0,0,0,2019,"October","Tuesday","08:10 am","060","Multiple","Straight road","Level","Not Applicable","Sealed","Dry","Not Raining","Daylight","Side Swipe","01","Driver Rider","1: PDO","Traffic Signals","","",1330600.73,1671714.93,"13306011671715"
"2019-10470-27/05/2021","2 Metropolitan","MITCHELL PARK","5043","CC MARION.                    ",2,0,0,0,0,2019,"October","Tuesday","04:00 pm","050","Not Divided","Straight road","Level","Not Applicable","Sealed","Dry","Not Raining","Daylight","Hit Parked Vehicle","01","Driver Rider","1: PDO","No Control","","",1324860.73,1660908.27,"13248611660908"
"2019-10471-27/05/2021","2 Metropolitan","GREENACRES","5086","CITY OF PORT ADELAIDE ENFIELD",2,0,0,0,0,2019,"October","Tuesday","03:06 pm","060","Divided Road","Straight road","Level","Not Applicable","Sealed","Dry","Not Raining","Daylight","Hit Parked Vehicle","02","Driver Rider","1: PDO","No Control","Y","",1331759.48,1676602.1,"13317591676602"
"2019-10472-27/05/2021","2 Metropolitan","WINDSOR GARDENS","5087","CITY OF PORT ADELAIDE ENFIELD",2,2,0,0,2,2019,"October","Tuesday","04:50 pm","060","T-Junction","Straight road","Level","Not Applicable","Sealed","Dry","Not Raining","Daylight","Right Turn","02","Driver Rider","2: MI","Traffic Signals","","",1333433.85,1677755.39,"13334341677755"
"2019-10473-27/05/2021","2 Metropolitan","CHELTENHAM","5014","CITY OF CHARLES STURT",2,0,0,0,0,2019,"October","Tuesday","04:45 pm","060","Divided Road","Straight road","Level","Driveway or Entrance","Sealed","Dry","Not Raining","Daylight","Side Swipe","02","Driver Rider","1: PDO","No Control","","",1322040.61,1676487.59,"13220411676488"
"2019-10474-27/05/2021","2 Metropolitan","PROSPECT","5082","CITY OF PROSPECT",2,1,0,0,1,2019,"October","Tuesday","06:00 pm","060","T-Junction","Straight road","Level","Not Applicable","Sealed","Dry","Not Raining","Daylight","Right Turn","02","Driver Rider","2: MI","No Control","","",1328705.93,1674031.9,"13287061674032"
"2019-10475-27/05/2021","2 Metropolitan","DRY CREEK","5094","CITY OF PORT ADELAIDE ENFIELD",2,0,0,0,0,2019,"October","Tuesday","05:35 pm","060","Freeway","Straight road","Level","Roadworks","Sealed","Dry","Not Raining","Daylight","Hit Object on Road","01","Driver Rider","1: PDO","No Control","","Y",1324903.44,1681064.29,"13249031681064"
"2019-10476-27/05/2021","2 Metropolitan","GLOBE DERBY PARK","5110","CITY OF SALISBURY",4,0,0,0,0,2019,"October","Tuesday","05:25 pm","080","Divided Road","Straight road","Level","Not Applicable","Sealed","Dry","Not Raining","Daylight","Rear End","01","Driver Rider","1: PDO","No Control","","",1328665.95,1685213.55,"13286661685214"
"2019-10477-27/05/2021","3 Country","RISDON PARK","5540","PT.PIRIE CITY & DIST. COUNCIL ",2,1,0,0,1,2019,"October","Tuesday","06:00 pm","050","Cross Road","Straight road","Level","Not Applicable","Sealed","Dry","Not Raining","Daylight","Right Angle","01","Driver Rider","2: MI","Give Way Sign","","",1278876.06,1864545.32,"12788761864545"
"2019-10478-27/05/2021","1 City","NORTH ADELAIDE","5006","CITY OF ADELAIDE",2,0,0,0,0,2019,"October","Tuesday","04:15 pm","050","Cross Road","Straight road","Level","Not Applicable","Sealed","Dry","Not Raining","Daylight","Rear End","01","Driver Rider","1: PDO","Traffic Signals","","",1329104.9,1672640.89,"13291051672641"
"2019-10479-27/05/2021","2 Metropolitan","POORAKA","5095","CITY OF SALISBURY",2,1,0,0,1,2019,"May","Friday","08:50 am","050","T-Junction","Straight road","Level","Not Applicable","Sealed","Dry","Not Raining","Daylight","Rear End","02","Driver Rider","2: MI","Traffic Signals","","",1329917.43,1680996.65,"13299171680997"
"2019-10480-27/05/2021","2 Metropolitan","UNLEY","5061","CITY OF UNLEY",2,0,0,0,0,2019,"October","Tuesday","05:50 pm","060","Divided Road","Straight road","Level","Not Applicable","Sealed","Dry","Not Raining","Daylight","Rear End","02","Driver Rider","1: PDO","No Control","","",1328539.27,1668966.52,"13285391668967"
"2019-10481-27/05/2021","2 Metropolitan","PENFIELD","5121","CITY OF PLAYFORD.",2,0,0,0,0,2019,"October","Tuesday","06:49 pm","080","Multiple","CURVED, VIEW OPEN","Level","Not Applicable","Sealed","Dry","Not Raining","Daylight","Right Angle","01","Driver Rider","1: PDO","Roundabout","","",1331401.54,1697660.52,"13314021697661"
"2019-10482-27/05/2021","2 Metropolitan","SEAFORD MEADOWS","5169","CITY OF ONKAPARINGA",2,0,0,0,0,2019,"October","Tuesday","07:00 pm","070","Cross Road","Straight road","Level","Not Applicable","Sealed","Dry","Not Raining","Daylight","Right Angle","02","Driver Rider","1: PDO","Roundabout","","",1316320.88,1643820.51,"13163211643821"
"2019-10483-27/05/2021","3 Country","PORT ELLIOT","5212","ALEXANDRINA COUNCIL",2,0,0,0,0,2019,"October","Tuesday","07:57 pm","100","Not Divided","CURVED, VIEW OPEN","Slope","Not Applicable","Sealed","Dry","Not Raining","Night","Hit Fixed Object","01","Driver Rider","1: PDO","No Control","","",1331603.1,1607296.48,"13316031607296"
"2019-10484-27/05/2021","2 Metropolitan","ANGLE VALE","5117","CITY OF PLAYFORD.",2,0,0,0,0,2019,"October","Tuesday","07:45 am","060","Not Divided","Straight road","Level","Not Applicable","Sealed","Dry","Not Raining","Daylight","Rear End","01","Driver Rider","1: PDO","No Control","","",1333725.28,1702070.09,"13337251702070"
"2019-10485-27/05/2021","3 Country","DENIAL BAY","5690","DC CEDUNA                     ",1,1,0,0,1,2019,"October","Monday","07:10 pm","100","Not Divided","Straight road","Slope","Not Applicable","Sealed","Dry","Not Raining","Daylight","Roll Over","01","Driver Rider","2: MI","No Control","","",866678.2,1989603.6,"08666781989604"
"2019-10486-27/05/2021","2 Metropolitan","LOCKLEYS","5032","CITY OF WEST TORRENS",3,0,0,0,0,2019,"October","Tuesday","07:53 pm","050","Not Divided","Straight road","Level","Driveway or Entrance","Sealed","Dry","Not Raining","Night","Side Swipe","01","Driver Rider","1: PDO","No Control","","",1323393.73,1671242.19,"13233941671242"
"2019-10487-27/05/2021","2 Metropolitan","SEATON","5023","CITY OF CHARLES STURT",2,0,0,0,0,2019,"October","Tuesday","07:00 pm","060","T-Junction","Straight road","Level","Not Applicable","Sealed","Dry","Not Raining","Daylight","Rear End","02","Driver Rider","1: PDO","No Control","","",1321599.58,1673101.75,"13216001673102"
"2019-10488-27/05/2021","2 Metropolitan","WEST LAKES SHORE","5020","CITY OF CHARLES STURT",2,0,0,0,0,2019,"October","Tuesday","04:27 pm","050","Not Divided","Straight road","Level","Not Applicable","Sealed","Dry","Not Raining","Daylight","Side Swipe","01","Driver Rider","1: PDO","No Control","","",1318939.99,1678358.64,"13189401678359"
"2019-10489-27/05/2021","2 Metropolitan","NEWTON","5074","CC CAMPBELLTOWN.              ",2,0,0,0,0,2019,"October","Tuesday","04:20 pm","060","T-Junction","Straight road","Level","Not Applicable","Sealed","Dry","Not Raining","Daylight","Right Angle","01","Driver Rider","1: PDO","No Control","","",1335393.34,1675160.67,"13353931675161"
"2019-10490-27/05/2021","2 Metropolitan","WEST LAKES SHORE","5020","CITY OF CHARLES STURT",2,0,0,0,0,2019,"October","Tuesday","09:10 pm","050","T-Junction","Straight road","Level","Not Applicable","Sealed","Dry","Not Raining","Night","Hit Fixed Object","01","Driver Rider","1: PDO","No Control","","",1318602.18,1678165.57,"13186021678166"
"2019-10491-27/05/2021","3 Country","GOOLWA","5214","ALEXANDRINA COUNCIL",1,1,0,1,0,2019,"October","Monday","05:05 pm","080","Not Divided","Straight road","Level","Not Applicable","Unsealed","Dry","Not Raining","Daylight","Roll Over","01","Driver Rider","3: SI","No Control","","",1341191.84,1606707.18,"13411921606707"