"REPORT_ID","Stats Area","Suburb","Postcode","LGA Name","Total Units","Total Cas","Total Fats","Total SI","Total MI","Year","Month","Day","Time","Area Speed","Position Type","Horizontal Align","Vertical Align","Other Feat","Road Surface","Moisture Cond","Weather Cond","DayNight","Crash Type","Unit Resp","Entity Code","CSEF Severity","Traffic Ctrls","DUI Involved","Drugs Involved","ACCLOC_X","ACCLOC_Y","UNIQUE_LOC"
"2019-11290-27/05/2021","2 Metropolitan","NEW PORT","5015","CITY OF PORT ADELAIDE ENFIELD",2,0,0,0,0,2019,"November","Tuesday","03:30 pm","060","T-Junction","Straight road","Level","Not Applicable","Sealed","Dry","Not Raining","Daylight","Rear End","01","Driver Rider","1: PDO","Traffic Signals","","",1319183.09,1679153.2,"13191831679153"
"2019-11291-27/05/2021","2 Metropolitan","O'SULLIVAN BEACH","5166","CITY OF ONKAPARINGA",2,0,0,0,0,2019,"November","Tuesday","07:15 pm","050","Not Divided","Straight road","Slope","Not Applicable","Sealed","Dry","Not Raining","Daylight","Hit Fixed Object","01","Driver Rider","1: PDO","No Control","","",1316402.42,1649158.34,"13164021649158"
"2019-11292-27/05/2021","2 Metropolitan","NETLEY","5037","CITY OF WEST TORRENS",2,0,0,0,0,2019,"November","Monday","01:00 pm","050","Not Divided","Straight road","Level","Not Applicable","Sealed","Dry","Not Raining","Daylight","Hit Parked Vehicle","02","Driver Rider","1: PDO","No Control","","",1323942.49,1668270.89,"13239421668271"
"2019-11293-27/05/2021","1 City","ADELAIDE","5000","CITY OF ADELAIDE",1,1,0,0,1,2019,"November","Tuesday","04:30 pm","050","T-Junction","Straight road","Level","Not Applicable","Sealed","Dry","Not Raining","Daylight","Roll Over","09","Other","2: MI","Traffic Signals","","",1327382.28,1670486.86,"13273821670487"
"2019-11294-27/05/2021","2 Metropolitan","GRANGE","5022","CITY OF CHARLES STURT",3,0,0,0,0,2019,"November","Tuesday","06:09 pm","050","Not Divided","Straight road","Level","Not Applicable","Sealed","Dry","Not Raining","Daylight","Hit Parked Vehicle","01","Driver Rider","1: PDO","No Control","Y","",1318648.2,1673431.61,"13186481673432"
"2019-11295-27/05/2021","2 Metropolitan","STURT","5047","CC MARION.                    ",2,0,0,0,0,2019,"November","Tuesday","05:15 pm","060","Cross Road","Straight road","Slope","Not Applicable","Sealed","Dry","Not Raining","Daylight","Right Angle","02","Driver Rider","1: PDO","No Control","","",1323885.23,1659776.05,"13238851659776"
"2019-11296-27/05/2021","2 Metropolitan","CUMBERLAND PARK","5041","CC MITCHAM.                   ",2,0,0,0,0,2019,"November","Tuesday","03:20 pm","050","Cross Road","Straight road","Level","Not Applicable","Sealed","Dry","Not Raining","Daylight","Hit Parked Vehicle","01","Driver Rider","1: PDO","Give Way Sign","","",1327372.07,1665941.31,"13273721665941"
"2019-11297-27/05/2021","2 Metropolitan","BEDFORD PARK","5042","CC MARION.                    ",2,0,0,0,0,2019,"November","Tuesday","10:10 pm","070","Freeway","CURVED, VIEW OPEN","Slope","Not Applicable","Sealed","Dry","Not Raining","Night","Hit Fixed Object","01","Driver Rider","1: PDO","No Control","","",1324636.47,1660067.74,"13246361660068"
"2019-11298-27/05/2021","2 Metropolitan","BRIDGEWATER","5155","THE ADELAIDE HILLS COUNCIL",2,0,0,0,0,2019,"November","Wednesday","01:50 am","110","Freeway","Straight road","Slope","Not Applicable","Sealed","Dry","Not Raining","Night","Hit Animal","02","Animal","1: PDO","No Control","","",1343389.85,1661452.31,"13433901661452"
"2019-11299-27/05/2021","2 Metropolitan","GLENELG NORTH","5045","CITY OF HOLDFAST BAY",2,2,0,1,1,2019,"November","Tuesday","11:40 pm","060","Cross Road","Straight road","Level","Not Applicable","Sealed","Dry","Not Raining","Night","Right Turn","01","Driver Rider","3: SI","Traffic Signals","","",1321014.42,1665321.69,"13210141665322"
"2019-11300-27/05/2021","2 Metropolitan","OLD REYNELLA","5161","CITY OF ONKAPARINGA",3,1,0,0,1,2019,"November","Wednesday","07:25 am","080","Divided Road","Straight road","Level","Not Applicable","Sealed","Dry","Not Raining","Daylight","Rear End","01","Driver Rider","2: MI","No Control","","",1322989.49,1652918.05,"13229891652918"
"2019-11301-27/05/2021","2 Metropolitan","PENFIELD GARDENS","5121","CITY OF PLAYFORD.",2,0,0,0,0,2019,"November","Tuesday","04:30 pm","040","Cross Road","Straight road","Level","Roadworks","Sealed","Dry","Not Raining","Daylight","Hit Fixed Object","01","Driver Rider","1: PDO","Give Way Sign","","",1328945.63,1700236.7,"13289461700237"
"2019-11302-27/05/2021","2 Metropolitan","GRANGE","5022","CITY OF CHARLES STURT",2,0,0,0,0,2019,"November","Wednesday","07:55 am","060","Divided Road","Straight road","Level","Not Applicable","Sealed","Dry","Not Raining","Daylight","Rear End","02","Driver Rider","1: PDO","No Control","","",1318579.91,1673962.55,"13185801673963"
"2019-11303-27/05/2021","2 Metropolitan","RICHMOND","5033","CITY OF WEST TORRENS",3,1,0,1,0,2019,"November","Thursday","10:40 am","050","Not Divided","Straight road","Level","Not Applicable","Sealed","Dry","Not Raining","Daylight","Hit Parked Vehicle","02","Driver Rider","3: SI","No Control","","",1325096.76,1669789.06,"13250971669789"
"2019-11304-27/05/2021","2 Metropolitan","CAVAN","5094","CITY OF SALISBURY",2,0,0,0,0,2019,"November","Tuesday","12:10 pm","060","Divided Road","Straight road","Level","Roadworks","Sealed","Dry","Not Raining","Daylight","Rear End","02","Driver Rider","1: PDO","No Control","","",1328717.67,1681643.55,"13287181681644"
"2019-11305-27/05/2021","1 City","ADELAIDE","5000","CITY OF ADELAIDE",2,0,0,0,0,2019,"November","Tuesday","03:30 pm","050","Not Divided","Straight road","Level","Driveway or Entrance","Sealed","Dry","Not Raining","Daylight","Hit Fixed Object","01","Driver Rider","1: PDO","No Control","","",1327624.79,1670209.74,"13276251670210"
"2019-11306-27/05/2021","1 City","ADELAIDE","5000","CITY OF ADELAIDE",2,2,0,0,2,2019,"November","Wednesday","09:46 am","050","Not Divided","Straight road","Level","Not Applicable","Sealed","Dry","Not Raining","Daylight","Right Angle","01","Driver Rider","2: MI","No Control","","",1328094.85,1669561.18,"13280951669561"
"2019-11307-27/05/2021","2 Metropolitan","DRY CREEK","5094","CITY OF PORT ADELAIDE ENFIELD",2,0,0,0,0,2019,"November","Wednesday","09:35 am","060","Cross Road","Straight road","Level","Not Applicable","Sealed","Dry","Not Raining","Daylight","Side Swipe","01","Driver Rider","1: PDO","Traffic Signals","","",1323869.25,1681061.9,"13238691681062"
"2019-11308-27/05/2021","3 Country","PENRICE","5353","THE BAROSSA COUNCIL.",2,0,0,0,0,2019,"November","Wednesday","08:40 am","040","Not Divided","CURVED, VIEW OBSCURED","Crest of Hill","Not Applicable","Unsealed","Dry","Not Raining","Daylight","Rear End","01","Driver Rider","1: PDO","No Control","","",1370343.55,1718282.02,"13703441718282"
"2019-11309-27/05/2021","2 Metropolitan","HAPPY VALLEY","5159","CITY OF ONKAPARINGA",2,2,0,0,2,2019,"November","Wednesday","10:50 am","080","Cross Road","Straight road","Level","Not Applicable","Sealed","Dry","Not Raining","Daylight","Right Angle","02","Driver Rider","2: MI","Traffic Signals","","",1323043.84,1653631.42,"13230441653631"
"2019-11310-27/05/2021","1 City","ADELAIDE","5000","CITY OF ADELAIDE",2,0,0,0,0,2019,"November","Wednesday","10:44 am","050","Not Divided","Straight road","Level","Not Applicable","Sealed","Dry","Not Raining","Daylight","Side Swipe","01","Driver Rider","1: PDO","No Control","","",1327548.53,1670161.37,"13275491670161"
"2019-11311-27/05/2021","2 Metropolitan","GOLDEN GROVE","5125","CITY OF TEA TREE GULLY",2,1,0,0,1,2019,"November","Wednesday","07:20 am","060","Cross Road","Straight road","Slope","Not Applicable","Sealed","Dry","Not Raining","Daylight","Right Turn","01","Driver Rider","2: MI","Traffic Signals","","",1337892.14,1685350.36,"13378921685350"
"2019-11312-27/05/2021","2 Metropolitan","DRY CREEK","5094","CITY OF PORT ADELAIDE ENFIELD",2,0,0,0,0,2019,"November","Thursday","08:30 am","070","T-Junction","Straight road","Level","Not Applicable","Sealed","Dry","Not Raining","Daylight","Right Turn","01","Driver Rider","1: PDO","No Control","","",1328116.47,1680141.29,"13281161680141"
"2019-11313-27/05/2021","3 Country","WHITE HILL","5254","RC MURRAY BRIDGE.             ",3,0,0,0,0,2019,"November","Tuesday","03:40 pm","110","Freeway","Straight road","Crest of Hill","Not Applicable","Sealed","Dry","Not Raining","Daylight","Other","01","Driver Rider","1: PDO","No Control","","",1383665,1643935.09,"13836651643935"
"2019-11314-27/05/2021","2 Metropolitan","HAMPSTEAD GARDENS","5086","CITY OF PORT ADELAIDE ENFIELD",2,0,0,0,0,2019,"November","Wednesday","01:00 pm","050","Not Divided","Straight road","Level","Not Applicable","Sealed","Dry","Not Raining","Daylight","Hit Parked Vehicle","01","Driver Rider","1: PDO","No Control","","",1331816.43,1676566.46,"13318161676566"
"2019-11315-27/05/2021","2 Metropolitan","KINGSFORD","5118","LIGHT REGIONAL COUNCIL",2,1,1,0,0,2019,"November","Wednesday","07:00 am","110","Divided Road","Straight road","Level","Not Applicable","Sealed","Dry","Not Raining","Daylight","Side Swipe","01","Driver Rider","4: Fatal","No Control","","",1345210.58,1711218.58,"13452111711219"
"2019-11316-27/05/2021","2 Metropolitan","GLENALTA","5052","CC MITCHAM.                   ",2,0,0,0,0,2019,"November","Wednesday","01:45 pm","060","Not Divided","CURVED, VIEW OPEN","Level","Not Applicable","Sealed","Dry","Not Raining","Daylight","Hit Fixed Object","01","Driver Rider","1: PDO","No Control","","",1330402.9,1661460.75,"13304031661461"
"2019-11317-27/05/2021","3 Country","MOUNT GAMBIER","5290","CC MT.GAMBIER.                ",2,0,0,0,0,2019,"November","Wednesday","08:55 am","060","Not Divided","Straight road","Level","Driveway or Entrance","Sealed","Wet","Not Raining","Daylight","Right Angle","02","Driver Rider","1: PDO","No Control","","",1507589.89,1340328.2,"15075901340328"
"2019-11318-27/05/2021","2 Metropolitan","CAMPBELLTOWN","5074","CC CAMPBELLTOWN.              ",2,0,0,0,0,2019,"November","Wednesday","12:50 pm","060","T-Junction","Straight road","Level","Not Applicable","Sealed","Dry","Not Raining","Daylight","Right Angle","02","Driver Rider","1: PDO","No Control","","",1335384.89,1675584.08,"13353851675584"
"2019-11319-27/05/2021","2 Metropolitan","ELIZABETH VALE","5112","CITY OF PLAYFORD.",2,0,0,0,0,2019,"November","Wednesday","03:18 pm","050","Cross Road","Straight road","Level","Not Applicable","Sealed","Dry","Not Raining","Daylight","Rear End","01","Driver Rider","1: PDO","Roundabout","","",1334450.22,1689811.49,"13344501689811"
"2019-11320-27/05/2021","3 Country","NEPEAN BAY","5223","KANGAROO ISLAND COUNCIL",2,0,0,0,0,2019,"November","Wednesday","11:50 am","110","T-Junction","Straight road","Level","Not Applicable","Sealed","Dry","Not Raining","Daylight","Hit Fixed Object","01","Driver Rider","1: PDO","No Control","","",1231568.09,1584558.06,"12315681584558"
"2019-11321-27/05/2021","2 Metropolitan","ELIZABETH PARK","5113","CITY OF PLAYFORD.",2,0,0,0,0,2019,"November","Wednesday","04:05 pm","060","Divided Road","Straight road","Level","Not Applicable","Sealed","Dry","Not Raining","Daylight","Rear End","01","Driver Rider","1: PDO","No Control","","",1336666.88,1693708.04,"13366671693708"
"2019-11322-27/05/2021","2 Metropolitan","PROSPECT","5082","CITY OF PROSPECT",3,0,0,0,0,2019,"November","Wednesday","03:55 pm","060","Pedestrian Crossing","Straight road","Slope","Not Applicable","Sealed","Dry","Not Raining","Daylight","Rear End","01","Driver Rider","1: PDO","Traffic Signals","","",1328367.3,1676429.23,"13283671676429"
"2019-11323-27/05/2021","2 Metropolitan","MARDEN","5070","CC OF NORWOOD,PAYNEHAM & ST PETERS",2,0,0,0,0,2019,"November","Wednesday","11:15 am","060","Divided Road","Straight road","Level","Not Applicable","Sealed","Dry","Not Raining","Daylight","Side Swipe","02","Driver Rider","1: PDO","No Control","","",1331964.19,1674002.56,"13319641674003"
"2019-11324-27/05/2021","2 Metropolitan","NOARLUNGA CENTRE","5168","CITY OF ONKAPARINGA",2,0,0,0,0,2019,"November","Wednesday","04:45 pm","060","Divided Road","Straight road","Level","Not Applicable","Sealed","Dry","Not Raining","Daylight","Rear End","02","Driver Rider","1: PDO","No Control","","",1318194.46,1647456.48,"13181941647456"
"2019-11325-27/05/2021","2 Metropolitan","MCLAREN VALE","5171","CITY OF ONKAPARINGA",2,0,0,0,0,2019,"November","Wednesday","12:00 pm","050","Not Divided","Straight road","Level","Driveway or Entrance","Sealed","Dry","Not Raining","Daylight","Right Turn","02","Driver Rider","1: PDO","No Control","","",1325820.03,1637420.94,"13258201637421"
"2019-11326-27/05/2021","2 Metropolitan","MODBURY","5092","CITY OF TEA TREE GULLY",3,3,0,0,3,2019,"November","Wednesday","05:22 pm","060","T-Junction","Straight road","Level","Not Applicable","Sealed","Dry","Not Raining","Daylight","Right Turn","01","Driver Rider","2: MI","Traffic Signals","","",1337056.82,1680951.37,"13370571680951"
"2019-11327-27/05/2021","2 Metropolitan","ENFIELD","5085","CITY OF PORT ADELAIDE ENFIELD",1,1,0,0,1,2019,"November","Wednesday","04:30 pm","060","Divided Road","Straight road","Level","Driveway or Entrance","Sealed","Dry","Not Raining","Daylight","Roll Over","09","Other","2: MI","No Control","","",1328804.02,1678870.64,"13288041678871"
"2019-11328-27/05/2021","2 Metropolitan","PARAFIELD GARDENS","5107","CITY OF SALISBURY",2,0,0,0,0,2019,"November","Wednesday","02:55 pm","025","Not Divided","Straight road","Level","Driveway or Entrance","Sealed","Dry","Not Raining","Daylight","Hit Parked Vehicle","01","Driver Rider","1: PDO","No Control","","",1329934.01,1686468.67,"13299341686469"
"2019-11329-27/05/2021","2 Metropolitan","STURT","5047","CC MARION.                    ",2,0,0,0,0,2019,"November","Wednesday","05:55 pm","060","Cross Road","Straight road","Level","Not Applicable","Sealed","Dry","Not Raining","Daylight","Rear End","01","Driver Rider","1: PDO","Traffic Signals","","",1324420.13,1660669.19,"13244201660669"
"2019-11330-27/05/2021","2 Metropolitan","ROSTREVOR","5073","CC CAMPBELLTOWN.              ",2,0,0,0,0,2019,"November","Wednesday","08:25 am","050","T-Junction","Straight road","Level","Not Applicable","Sealed","Dry","Not Raining","Daylight","Rear End","02","Driver Rider","1: PDO","No Control","","",1336274.72,1673014.33,"13362751673014"
"2019-11331-27/05/2021","2 Metropolitan","STURT","5047","CC MARION.                    ",3,0,0,0,0,2019,"November","Wednesday","05:00 pm","060","Divided Road","Straight road","Level","Not Applicable","Sealed","Dry","Not Raining","Daylight","Rear End","01","Driver Rider","1: PDO","No Control","","",1324202.43,1660673.75,"13242021660674"
"2019-11332-27/05/2021","2 Metropolitan","CAVAN","5094","CITY OF SALISBURY",3,0,0,0,0,2019,"November","Wednesday","04:45 pm","070","T-Junction","Straight road","Level","Not Applicable","Sealed","Dry","Not Raining","Daylight","Rear End","01","Driver Rider","1: PDO","No Control","","",1329391.37,1681688.55,"13293911681689"
"2019-11333-27/05/2021","2 Metropolitan","MAWSON LAKES","5095","CITY OF SALISBURY",2,0,0,0,0,2019,"November","Wednesday","06:15 pm","070","Divided Road","Straight road","Level","Not Applicable","Sealed","Dry","Not Raining","Daylight","Rear End","01","Driver Rider","1: PDO","No Control","","",1329499.28,1684367.02,"13294991684367"
"2019-11334-27/05/2021","2 Metropolitan","UNDERDALE","5032","CITY OF WEST TORRENS",2,0,0,0,0,2019,"November","Wednesday","07:00 pm","060","T-Junction","Straight road","Level","Not Applicable","Sealed","Dry","Not Raining","Daylight","Right Turn","01","Driver Rider","1: PDO","Traffic Signals","","",1323855.47,1670942.23,"13238551670942"
"2019-11335-27/05/2021","2 Metropolitan","TORRENS PARK","5062","CC MITCHAM.                   ",2,2,0,0,2,2019,"November","Wednesday","06:05 pm","060","Not Divided","Straight road","Slope","Driveway or Entrance","Sealed","Dry","Not Raining","Daylight","Right Angle","01","Driver Rider","2: MI","No Control","","",1329424.94,1664215.53,"13294251664216"
"2019-11336-27/05/2021","2 Metropolitan","EVANSTON SOUTH","5116","CT GAWLER.                    ",2,1,0,1,0,2019,"November","Wednesday","04:00 pm","090","One Way","Straight road","Level","Not Applicable","Sealed","Dry","Not Raining","Daylight","Hit Fixed Object","01","Driver Rider","3: SI","No Control","","Y",1341571.55,1702837.74,"13415721702838"
"2019-11337-27/05/2021","2 Metropolitan","PARALOWIE","5108","CITY OF SALISBURY",2,1,0,0,1,2019,"November","Wednesday","08:30 pm","070","Divided Road","Straight road","Level","Driveway or Entrance","Sealed","Dry","Not Raining","Night","Right Turn","01","Driver Rider","2: MI","No Control","","",1328819.68,1689142.09,"13288201689142"
"2019-11338-27/05/2021","2 Metropolitan","RIDGEHAVEN","5097","CITY OF TEA TREE GULLY",2,0,0,0,0,2019,"November","Thursday","12:58 am","050","Not Divided","Straight road","Slope","Not Applicable","Sealed","Dry","Not Raining","Night","Hit Parked Vehicle","01","Driver Rider","1: PDO","No Control","","",1339178.11,1682143.07,"13391781682143"
"2019-11339-27/05/2021","3 Country","PORT LINCOLN","5606","CC PT.LINCOLN.                ",2,1,0,0,1,2019,"November","Monday","03:00 pm","060","Cross Road","Straight road","Level","Not Applicable","Sealed","Dry","Not Raining","Daylight","Right Angle","02","Driver Rider","2: MI","Roundabout","","",1078195.56,1698674.32,"10781961698674"
"2019-11340-27/05/2021","2 Metropolitan","WINDSOR GARDENS","5087","CITY OF PORT ADELAIDE ENFIELD",2,1,0,0,1,2019,"November","Wednesday","02:05 pm","050","Not Divided","Straight road","Slope","Not Applicable","Sealed","Dry","Not Raining","Daylight","Hit Fixed Object","01","Driver Rider","2: MI","No Control","","",1333606.65,1676938.73,"13336071676939"
"2019-11341-27/05/2021","2 Metropolitan","FLINDERS PARK","5025","CITY OF CHARLES STURT",3,1,0,0,1,2019,"November","Thursday","06:35 am","060","Cross Road","Straight road","Level","Not Applicable","Sealed","Dry","Not Raining","Daylight","Rear End","01","Driver Rider","2: MI","Give Way Sign","","",1324002.22,1673172.53,"13240021673173"
"2019-11342-27/05/2021","2 Metropolitan","HACKNEY","5069","CC OF NORWOOD,PAYNEHAM & ST PETERS",2,0,0,0,0,2019,"November","Thursday","07:30 am","060","Not Divided","Straight road","Level","Not Applicable","Sealed","Dry","Not Raining","Daylight","Side Swipe","02","Driver Rider","1: PDO","No Control","","",1329942.85,1671335.16,"13299431671335"
"2019-11343-27/05/2021","2 Metropolitan","UNLEY","5061","CITY OF UNLEY",2,1,0,1,0,2019,"November","Thursday","01:08 am","050","Divided Road","Straight road","Level","Not Applicable","Sealed","Dry","Not Raining","Night","Hit Pedestrian","01","Pedestrian","3: SI","No Control","","",1329701.62,1668212.85,"13297021668213"
"2019-11344-27/05/2021","2 Metropolitan","SEAFORD MEADOWS","5169","CITY OF ONKAPARINGA",2,0,0,0,0,2019,"November","Monday","03:15 pm","060","Cross Road","Straight road","Level","Not Applicable","Sealed","Dry","Not Raining","Daylight","Rear End","01","Driver Rider","1: PDO","Traffic Signals","","",1318091.98,1642826.26,"13180921642826"
"2019-11345-27/05/2021","2 Metropolitan","GLENELG EAST","5045","CITY OF HOLDFAST BAY",2,0,0,0,0,2019,"November","Wednesday","08:14 am","060","Divided Road","Straight road","Level","Not Applicable","Sealed","Dry","Not Raining","Daylight","Side Swipe","02","Driver Rider","1: PDO","No Control","","",1321006.43,1665236.1,"13210061665236"
"2019-11346-27/05/2021","3 Country","MOUNT GAMBIER","5290","CC MT.GAMBIER.                ",2,0,0,0,0,2019,"November","Thursday","08:30 am","060","T-Junction","Straight road","Level","Not Applicable","Sealed","Wet","Raining","Daylight","Right Angle","01","Driver Rider","1: PDO","No Control","","",1512301.1,1339185.27,"15123011339185"
"2019-11347-27/05/2021","2 Metropolitan","PLYMPTON","5038","CITY OF WEST TORRENS",2,0,0,0,0,2019,"November","Thursday","08:20 am","060","Cross Road","Straight road","Level","Not Applicable","Sealed","Dry","Not Raining","Daylight","Rear End","01","Driver Rider","1: PDO","Traffic Signals","","",1325025.08,1667143.05,"13250251667143"
"2019-11348-27/05/2021","2 Metropolitan","PARAFIELD","5106","CITY OF SALISBURY",2,0,0,0,0,2019,"November","Wednesday","02:45 pm","080","Divided Road","Straight road","Level","Not Applicable","Sealed","Dry","Not Raining","Daylight","Rear End","09","Other","1: PDO","No Control","","",1332399.94,1684266.03,"13324001684266"
"2019-11349-27/05/2021","3 Country","BEACHPORT","5280","WATTLE RANGE COUNCIL",1,1,0,0,1,2019,"November","Tuesday","03:30 pm","050","Not Divided","CURVED, VIEW OBSCURED","Level","Not Applicable","Unsealed","Dry","Not Raining","Daylight","Roll Over","01","Driver Rider","2: MI","No Control","","",1442811.91,1382966.74,"14428121382967"
"2019-11350-27/05/2021","2 Metropolitan","MORPHETT VALE","5162","CITY OF ONKAPARINGA",2,1,0,0,1,2019,"November","Thursday","08:55 am","060","Cross Road","Straight road","Level","Not Applicable","Sealed","Wet","Not Raining","Daylight","Rear End","02","Driver Rider","2: MI","Roundabout","","",1321901.02,1651049.42,"13219011651049"
"2019-11351-27/05/2021","2 Metropolitan","CLAPHAM","5062","CC MITCHAM.                   ",2,0,0,0,0,2019,"November","Thursday","08:45 am","060","Not Divided","Straight road","Level","Not Applicable","Sealed","Dry","Not Raining","Daylight","Side Swipe","02","Driver Rider","1: PDO","No Control","","",1328859.23,1663519.61,"13288591663520"
"2019-11352-27/05/2021","2 Metropolitan","TUSMORE","5065","CITY OF BURNSIDE",2,1,0,0,1,2019,"November","Thursday","10:50 am","060","Cross Road","Straight road","Level","Not Applicable","Sealed","Dry","Not Raining","Daylight","Right Angle","02","Driver Rider","2: MI","Stop Sign","","",1332578.19,1669062.06,"13325781669062"
"2019-11353-27/05/2021","2 Metropolitan","LOCKLEYS","5032","CITY OF WEST TORRENS",2,0,0,0,0,2019,"November","Wednesday","09:10 am","050","T-Junction","Straight road","Level","Not Applicable","Sealed","Dry","Not Raining","Daylight","Hit Fixed Object","01","Driver Rider","1: PDO","Give Way Sign","","",1323087.11,1671557.24,"13230871671557"
"2019-11354-27/05/2021","2 Metropolitan","REYNELLA","5161","CITY OF ONKAPARINGA",2,0,0,0,0,2019,"November","Thursday","11:25 am","060","T-Junction","Straight road","Level","Not Applicable","Sealed","Dry","Not Raining","Daylight","Right Angle","02","Driver Rider","1: PDO","No Control","","",1321560.94,1651429.34,"13215611651429"
"2019-11355-27/05/2021","2 Metropolitan","KINGSWOOD","5062","CC MITCHAM.                   ",2,0,0,0,0,2019,"November","Thursday","09:20 am","060","Cross Road","Straight road","Level","Not Applicable","Sealed","Dry","Not Raining","Daylight","Right Turn","02","Driver Rider","1: PDO","Traffic Signals","","",1329136.22,1666247.3,"13291361666247"
"2019-11356-27/05/2021","2 Metropolitan","O'HALLORAN HILL","5158","CC MARION.                    ",2,0,0,0,0,2019,"November","Wednesday","08:45 pm","100","Freeway","CURVED, VIEW OPEN","Level","Not Applicable","Sealed","Dry","Not Raining","Night","Hit Animal","02","Animal","1: PDO","No Control","","",1323009.33,1655734.8,"13230091655735"
"2019-11357-27/05/2021","2 Metropolitan","SALISBURY","5108","CITY OF SALISBURY",2,0,0,0,0,2019,"November","Thursday","01:01 pm","050","Not Divided","Straight road","Level","Not Applicable","Sealed","Dry","Not Raining","Daylight","Hit Fixed Object","01","Driver Rider","1: PDO","No Control","","",1332993.69,1687080.53,"13329941687081"
"2019-11358-27/05/2021","2 Metropolitan","BEAUMONT","5066","CITY OF BURNSIDE",2,0,0,0,0,2019,"November","Monday","03:45 pm","050","Not Divided","Straight road","Level","Not Applicable","Sealed","Dry","Not Raining","Daylight","Hit Parked Vehicle","02","Driver Rider","1: PDO","No Control","","",1334221.24,1667787.12,"13342211667787"
"2019-11359-27/05/2021","2 Metropolitan","SOUTH PLYMPTON","5038","CC MARION.                    ",2,0,0,0,0,2019,"November","Thursday","02:20 pm","050","Cross Road","Straight road","Level","Not Applicable","Sealed","Dry","Not Raining","Daylight","Side Swipe","02","Driver Rider","1: PDO","Give Way Sign","","",1325020.54,1665925.14,"13250211665925"
"2019-11360-27/05/2021","2 Metropolitan","LEWISTON","5501","DC MALLALA.                   ",2,0,0,0,0,2019,"November","Thursday","02:05 pm","080","Cross Road","Straight road","Unknown","Not Applicable","Sealed","Dry","Not Raining","Daylight","Right Angle","01","Driver Rider","1: PDO","Give Way Sign","","",1327932.39,1705425.86,"13279321705426"
"2019-11361-27/05/2021","2 Metropolitan","MAWSON LAKES","5095","CITY OF SALISBURY",2,0,0,0,0,2019,"November","Thursday","09:42 am","080","Divided Road","Straight road","Bottom of Hill","Bridge, Culvert, Causeway","Sealed","Dry","Not Raining","Daylight","Side Swipe","02","Driver Rider","1: PDO","No Control","","",1328657.11,1684948.72,"13286571684949"
"2019-11362-27/05/2021","2 Metropolitan","FINDON","5023","CITY OF CHARLES STURT",2,1,0,0,1,2019,"November","Thursday","03:22 pm","050","Pedestrian Crossing","Straight road","Level","Additional Control Operating","Sealed","Dry","Not Raining","Daylight","Hit Pedestrian","01","Driver Rider","2: MI","Other","","",1322579.68,1674395.21,"13225801674395"
"2019-11363-27/05/2021","2 Metropolitan","MORPHETT VALE","5162","CITY OF ONKAPARINGA",2,0,0,0,0,2019,"September","Monday","09:30 am","050","Not Divided","Straight road","Level","Driveway or Entrance","Sealed","Dry","Not Raining","Daylight","Hit Parked Vehicle","02","Driver Rider","1: PDO","No Control","","",1320381.74,1648293.72,"13203821648294"
"2019-11364-27/05/2021","2 Metropolitan","SMITHFIELD","5114","CITY OF PLAYFORD.",2,0,0,0,0,2019,"November","Wednesday","08:45 am","080","Cross Road","Straight road","Level","Not Applicable","Sealed","Dry","Not Raining","Daylight","Rear End","01","Driver Rider","1: PDO","Traffic Signals","","",1337612.7,1696654.75,"13376131696655"
"2019-11365-27/05/2021","2 Metropolitan","NORWOOD","5067","CC OF NORWOOD,PAYNEHAM & ST PETERS",2,0,0,0,0,2019,"November","Thursday","01:30 pm","060","Not Divided","Straight road","Level","Not Applicable","Sealed","Dry","Not Raining","Daylight","Hit Parked Vehicle","01","Driver Rider","1: PDO","No Control","","",1330622.42,1671244.44,"13306221671244"
"2019-11366-27/05/2021","2 Metropolitan","NORWOOD","5067","CC OF NORWOOD,PAYNEHAM & ST PETERS",3,1,0,0,1,2019,"November","Thursday","01:30 pm","060","Not Divided","Straight road","Level","Not Applicable","Sealed","Dry","Not Raining","Daylight","Hit Pedestrian","01","Driver Rider","2: MI","No Control","","",1330913.71,1670369.92,"13309141670370"
"2019-11367-27/05/2021","2 Metropolitan","FULHAM GARDENS","5024","CITY OF CHARLES STURT",4,0,0,0,0,2019,"November","Thursday","04:10 pm","060","T-Junction","Straight road","Level","Not Applicable","Sealed","Dry","Not Raining","Daylight","Rear End","01","Driver Rider","1: PDO","No Control","","",1320062.68,1673061.97,"13200631673062"
"2019-11368-27/05/2021","2 Metropolitan","NOVAR GARDENS","5040","CITY OF WEST TORRENS",2,0,0,0,0,2019,"November","Thursday","03:50 pm","060","Not Divided","Straight road","Level","Driveway or Entrance","Sealed","Dry","Not Raining","Daylight","Right Angle","01","Driver Rider","1: PDO","No Control","","",1322590.24,1666948.16,"13225901666948"
"2019-11369-27/05/2021","2 Metropolitan","MUNNO PARA","5115","CITY OF PLAYFORD.",2,0,0,0,0,2019,"November","Thursday","04:55 pm","060","T-Junction","Straight road","Level","Not Applicable","Sealed","Dry","Not Raining","Daylight","Rear End","01","Driver Rider","1: PDO","No Control","","",1337499.45,1698102.15,"13374991698102"