"REPORT_ID","Stats Area","Suburb","Postcode","LGA Name","Total Units","Total Cas","Total Fats","Total SI","Total MI","Year","Month","Day","Time","Area Speed","Position Type","Horizontal Align","Vertical Align","Other Feat","Road Surface","Moisture Cond","Weather Cond","DayNight","Crash Type","Unit Resp","Entity Code","CSEF Severity","Traffic Ctrls","DUI Involved","Drugs Involved","ACCLOC_X","ACCLOC_Y","UNIQUE_LOC"
"2019-11769-27/05/2021","2 Metropolitan","EVANSTON GARDENS","5116","CT GAWLER.                    ",1,0,0,0,0,2019,"November","Monday","05:15 pm","060","T-Junction","Straight road","Level","Not Applicable","Sealed","Dry","Not Raining","Daylight","Roll Over","09","Other","1: PDO","No Control","","",1340718.37,1703611.33,"13407181703611"
"2019-11770-27/05/2021","2 Metropolitan","OTTOWAY","5013","CITY OF PORT ADELAIDE ENFIELD",2,2,0,1,1,2019,"November","Monday","06:30 pm","060","Cross Road","Straight road","Level","Not Applicable","Sealed","Dry","Not Raining","Daylight","Right Angle","01","Driver Rider","3: SI","Give Way Sign","","",1322882.11,1679348.41,"13228821679348"
"2019-11771-27/05/2021","2 Metropolitan","MILE END","5031","CITY OF WEST TORRENS",3,0,0,0,0,2019,"November","Monday","06:00 pm","060","T-Junction","Straight road","Level","Not Applicable","Sealed","Dry","Not Raining","Daylight","Rear End","01","Driver Rider","1: PDO","Give Way Sign","","",1325758.96,1670571.15,"13257591670571"
"2019-11772-27/05/2021","2 Metropolitan","BALHANNAH","5242","THE ADELAIDE HILLS COUNCIL",2,1,0,1,0,2019,"November","Monday","07:00 pm","060","Not Divided","CURVED, VIEW OBSCURED","Level","Not Applicable","Sealed","Dry","Not Raining","Daylight","Hit Fixed Object","01","Driver Rider","3: SI","No Control","","",1349098.7,1662132.32,"13490991662132"
"2019-11773-27/05/2021","2 Metropolitan","PARK HOLME","5043","CC MARION.                    ",2,0,0,0,0,2019,"November","Monday","10:00 pm","050","Not Divided","Straight road","Level","Not Applicable","Sealed","Dry","Not Raining","Night","Hit Parked Vehicle","01","Driver Rider","1: PDO","No Control","","",1323512.92,1663255.1,"13235131663255"
"2019-11774-27/05/2021","2 Metropolitan","SALISBURY NORTH","5108","CITY OF SALISBURY",2,0,0,0,0,2019,"November","Monday","07:48 pm","050","Cross Road","Straight road","Level","Not Applicable","Sealed","Dry","Not Raining","Daylight","Rear End","02","Driver Rider","1: PDO","Traffic Signals","","",1331977.75,1689382.42,"13319781689382"
"2019-11775-27/05/2021","2 Metropolitan","PARAFIELD GARDENS","5107","CITY OF SALISBURY",2,1,0,1,0,2019,"November","Monday","10:37 pm","050","Not Divided","Straight road","Level","Not Applicable","Sealed","Dry","Not Raining","Night","Hit Fixed Object","01","Driver Rider","3: SI","No Control","","",1330845.77,1686348.77,"13308461686349"
"2019-11776-27/05/2021","3 Country","TINTINARA","5266","COORONG DISTRICT COUNCIL",3,5,1,4,0,2019,"November","Monday","05:15 pm","110","Not Divided","Straight road","Level","Not Applicable","Sealed","Dry","Not Raining","Daylight","Head On","01","Driver Rider","4: Fatal","No Control","","",1461400.5,1553850.22,"14614011553850"
"2019-11777-27/05/2021","2 Metropolitan","WINDSOR GARDENS","5087","CITY OF PORT ADELAIDE ENFIELD",2,0,0,0,0,2019,"November","Monday","01:50 am","050","Not Divided","CURVED, VIEW OPEN","Slope","Not Applicable","Sealed","Dry","Not Raining","Night","Hit Fixed Object","01","Driver Rider","1: PDO","No Control","Y","",1334428.84,1677551.14,"13344291677551"
"2019-11778-27/05/2021","2 Metropolitan","HACKHAM WEST","5163","CITY OF ONKAPARINGA",2,1,0,0,1,2019,"November","Tuesday","04:00 am","100","Freeway","Straight road","Level","Not Applicable","Sealed","Dry","Not Raining","Night","Hit Fixed Object","01","Driver Rider","2: MI","No Control","","",1319153.97,1647373.56,"13191541647374"
"2019-11779-27/05/2021","2 Metropolitan","SEATON","5023","CITY OF CHARLES STURT",2,0,0,0,0,2019,"November","Tuesday","07:00 am","060","T-Junction","Straight road","Level","Not Applicable","Sealed","Dry","Not Raining","Daylight","Right Angle","01","Driver Rider","1: PDO","No Control","","",1320730.85,1675395.76,"13207311675396"
"2019-11780-27/05/2021","2 Metropolitan","GAWLER EAST","5118","THE BAROSSA COUNCIL.",2,1,0,0,1,2019,"November","Tuesday","06:50 am","080","T-Junction","Straight road","Slope","Not Applicable","Sealed","Dry","Not Raining","Daylight","Rear End","01","Driver Rider","2: MI","No Control","","",1346137.11,1705780.65,"13461371705781"
"2019-11781-27/05/2021","2 Metropolitan","EDEN HILLS","5050","CC MITCHAM.                   ",2,0,0,0,0,2019,"November","Tuesday","08:26 am","060","Cross Road","CURVED, VIEW OPEN","Slope","Not Applicable","Sealed","Dry","Not Raining","Daylight","Right Turn","02","Driver Rider","1: PDO","Give Way Sign","","",1328422.92,1659504.22,"13284231659504"
"2019-11782-27/05/2021","2 Metropolitan","MOUNT BARKER","5251","DC MT.BARKER.                 ",4,5,0,0,5,2019,"November","Tuesday","07:40 am","060","Not Divided","Straight road","Level","Not Applicable","Sealed","Dry","Not Raining","Daylight","Rear End","01","Driver Rider","2: MI","No Control","","",1352344.32,1652619.06,"13523441652619"
"2019-11783-27/05/2021","2 Metropolitan","ROYSTON PARK","5070","CC OF NORWOOD,PAYNEHAM & ST PETERS",2,1,0,0,1,2019,"November","Tuesday","08:25 am","060","Cross Road","Straight road","Level","Not Applicable","Sealed","Dry","Not Raining","Daylight","Right Turn","01","Driver Rider","2: MI","Stop Sign","","",1331903.53,1673452.04,"13319041673452"
"2019-11784-27/05/2021","2 Metropolitan","PROSPECT","5082","CITY OF PROSPECT",3,0,0,0,0,2019,"November","Tuesday","08:20 am","060","Cross Road","Straight road","Level","Not Applicable","Sealed","Dry","Not Raining","Daylight","Side Swipe","01","Driver Rider","1: PDO","Traffic Signals","","",1327236.23,1676392.98,"13272361676393"
"2019-11785-27/05/2021","2 Metropolitan","MODBURY NORTH","5092","CITY OF TEA TREE GULLY",3,0,0,0,0,2019,"November","Monday","02:00 pm","060","Cross Road","Straight road","Slope","Not Applicable","Sealed","Dry","Not Raining","Daylight","Rear End","02","Driver Rider","1: PDO","Traffic Signals","","",1336848.16,1681212.44,"13368481681212"
"2019-11786-27/05/2021","2 Metropolitan","NORWOOD","5067","CC OF NORWOOD,PAYNEHAM & ST PETERS",2,0,0,0,0,2019,"November","Tuesday","07:42 am","060","Divided Road","Straight road","Level","Not Applicable","Sealed","Dry","Not Raining","Daylight","Side Swipe","02","Driver Rider","1: PDO","No Control","","",1331102.91,1671048.26,"13311031671048"
"2019-11787-27/05/2021","1 City","ADELAIDE","5000","CITY OF ADELAIDE",2,0,0,0,0,2019,"November","Monday","03:10 am","050","Cross Road","Straight road","Level","Not Applicable","Sealed","Dry","Not Raining","Night","Side Swipe","02","Driver Rider","1: PDO","Traffic Signals","","",1328452.6,1671147.69,"13284531671148"
"2019-11788-27/05/2021","2 Metropolitan","WARRADALE","5046","CC MARION.                    ",2,1,0,0,1,2019,"November","Tuesday","09:19 am","060","Divided Road","Straight road","Level","Not Applicable","Sealed","Dry","Not Raining","Daylight","Hit Parked Vehicle","01","Driver Rider","2: MI","No Control","","",1322048.77,1662755.04,"13220491662755"
"2019-11789-27/05/2021","2 Metropolitan","NORWOOD","5067","CC OF NORWOOD,PAYNEHAM & ST PETERS",2,0,0,0,0,2019,"November","Tuesday","09:15 am","060","Cross Road","Straight road","Level","Not Applicable","Sealed","Dry","Not Raining","Daylight","Right Angle","01","Driver Rider","1: PDO","Roundabout","","",1330623.32,1670361.88,"13306231670362"
"2019-11790-27/05/2021","2 Metropolitan","MYRTLE BANK","5064","CITY OF UNLEY",2,0,0,0,0,2019,"November","Tuesday","08:10 am","060","Not Divided","Straight road","Level","Not Applicable","Sealed","Dry","Not Raining","Daylight","Side Swipe","02","Driver Rider","1: PDO","No Control","","",1332135.93,1666747.1,"13321361666747"
"2019-11791-27/05/2021","3 Country","BORDERTOWN","5268","DC TATIARA.                   ",2,0,0,0,0,2019,"November","Monday","03:00 pm","050","Cross Road","Straight road","Level","Not Applicable","Sealed","Dry","Not Raining","Daylight","Right Angle","02","Driver Rider","1: PDO","Give Way Sign","","",1518583.83,1508768.26,"15185841508768"
"2019-11792-27/05/2021","3 Country","TRURO","5356","MID MURRAY DISTRICT COUNCIL",2,0,0,0,0,2019,"November","Tuesday","09:00 am","100","Not Divided","CURVED, VIEW OBSCURED","Slope","Not Applicable","Unsealed","Dry","Not Raining","Daylight","Hit Fixed Object","01","Driver Rider","1: PDO","No Control","","",1388681.93,1724660.49,"13886821724660"
"2019-11793-27/05/2021","2 Metropolitan","PAYNEHAM","5070","CC OF NORWOOD,PAYNEHAM & ST PETERS",2,0,0,0,0,2019,"November","Tuesday","10:30 am","050","Not Divided","Straight road","Level","Not Applicable","Sealed","Dry","Not Raining","Daylight","Hit Parked Vehicle","02","Driver Rider","1: PDO","No Control","","",1332511.26,1673548.09,"13325111673548"
"2019-11794-27/05/2021","2 Metropolitan","BRIDGEWATER","5155","THE ADELAIDE HILLS COUNCIL",2,0,0,0,0,2019,"November","Monday","12:20 pm","110","Freeway","CURVED, VIEW OPEN","Slope","Not Applicable","Sealed","Dry","Not Raining","Daylight","Rear End","02","Driver Rider","1: PDO","No Control","","",1344783.2,1660676.22,"13447831660676"
"2019-11795-27/05/2021","2 Metropolitan","PROSPECT","5082","CITY OF PROSPECT",2,0,0,0,0,2019,"November","Monday","04:00 pm","060","T-Junction","Straight road","Level","Not Applicable","Sealed","Dry","Not Raining","Daylight","Right Turn","02","Driver Rider","1: PDO","No Control","","",1328907.93,1674777.18,"13289081674777"
"2019-11796-27/05/2021","3 Country","LOWER LIGHT","5501","DC MALLALA.                   ",3,1,0,0,1,2019,"November","Tuesday","09:39 am","110","Divided Road","Straight road","Level","Not Applicable","Sealed","Dry","Not Raining","Daylight","Hit Fixed Object","01","Driver Rider","2: MI","No Control","","Y",1314679.15,1715141.62,"13146791715142"
"2019-11797-27/05/2021","3 Country","AUBURN","5451","CLARE AND GILBERT VALLEYS DISTRICT COUNCIL",2,0,0,0,0,2019,"November","Tuesday","11:30 am","080","Not Divided","Straight road","Slope","Not Applicable","Sealed","Dry","Not Raining","Daylight","Hit Fixed Object","01","Driver Rider","1: PDO","No Control","","",1342244.39,1770763.94,"13422441770764"
"2019-11798-27/05/2021","2 Metropolitan","GEPPS CROSS","5094","CITY OF PORT ADELAIDE ENFIELD",2,0,0,0,0,2019,"November","Tuesday","11:57 am","040","Divided Road","Straight road","Level","Roadworks","Sealed","Dry","Not Raining","Daylight","Side Swipe","02","Driver Rider","1: PDO","No Control","","",1329181.55,1679865.47,"13291821679865"
"2019-11799-27/05/2021","2 Metropolitan","PARK HOLME","5043","CC MARION.                    ",2,0,0,0,0,2019,"November","Tuesday","08:30 am","060","Divided Road","Straight road","Level","Not Applicable","Sealed","Dry","Not Raining","Daylight","Side Swipe","02","Driver Rider","1: PDO","No Control","","",1324317.32,1663442.56,"13243171663443"
"2019-11800-27/05/2021","2 Metropolitan","CAVAN","5094","CITY OF SALISBURY",3,0,0,0,0,2019,"November","Tuesday","02:35 pm","070","T-Junction","Straight road","Level","Not Applicable","Sealed","Dry","Not Raining","Daylight","Right Turn","02","Driver Rider","1: PDO","No Control","","",1328919.42,1681623.93,"13289191681624"
"2019-11801-27/05/2021","2 Metropolitan","GLENALTA","5052","CC MITCHAM.                   ",2,0,0,0,0,2019,"November","Tuesday","01:50 pm","060","Not Divided","Straight road","Crest of Hill","Not Applicable","Sealed","Dry","Not Raining","Daylight","Hit Fixed Object","01","Driver Rider","1: PDO","No Control","","",1331211.19,1661658.99,"13312111661659"
"2019-11802-27/05/2021","2 Metropolitan","TORRENSVILLE","5031","CITY OF WEST TORRENS",2,1,0,0,1,2019,"November","Tuesday","02:35 pm","060","Cross Road","Straight road","Level","Not Applicable","Sealed","Dry","Not Raining","Daylight","Right Turn","02","Driver Rider","2: MI","Traffic Signals","","",1325416.27,1672003.04,"13254161672003"
"2019-11803-27/05/2021","2 Metropolitan","LOBETHAL","5241","THE ADELAIDE HILLS COUNCIL",2,0,0,0,0,2019,"November","Monday","10:15 pm","050","Not Divided","CURVED, VIEW OPEN","Slope","Not Applicable","Sealed","Dry","Not Raining","Night","Hit Fixed Object","01","Driver Rider","1: PDO","No Control","","",1353366.92,1671766.45,"13533671671766"
"2019-11804-27/05/2021","2 Metropolitan","BLAKEVIEW","5114","CITY OF PLAYFORD.",3,0,0,0,0,2019,"November","Tuesday","03:15 pm","040","Not Divided","Straight road","Level","Not Applicable","Sealed","Dry","Not Raining","Daylight","Side Swipe","01","Driver Rider","1: PDO","No Control","","",1338833.61,1697456.79,"13388341697457"
"2019-11805-27/05/2021","2 Metropolitan","PORT NOARLUNGA","5167","CITY OF ONKAPARINGA",2,0,0,0,0,2019,"November","Tuesday","03:39 pm","060","T-Junction","CURVED, VIEW OPEN","Level","Not Applicable","Sealed","Dry","Not Raining","Daylight","Right Angle","02","Driver Rider","1: PDO","Give Way Sign","","",1317365.9,1646629.51,"13173661646630"
"2019-11806-27/05/2021","2 Metropolitan","PROSPECT","5082","CITY OF PROSPECT",2,0,0,0,0,2019,"November","Monday","07:30 am","060","T-Junction","Straight road","Level","Driveway or Entrance","Sealed","Dry","Not Raining","Daylight","Right Angle","02","Driver Rider","1: PDO","No Control","","",1327274.81,1674827.06,"13272751674827"
"2019-11807-27/05/2021","2 Metropolitan","LONSDALE","5160","CITY OF ONKAPARINGA",2,0,0,0,0,2019,"November","Monday","08:50 pm","100","Divided Road","Straight road","Slope","Not Applicable","Sealed","Dry","Not Raining","Night","Hit Animal","02","Animal","1: PDO","No Control","","",1318406.13,1652342.43,"13184061652342"
"2019-11808-27/05/2021","2 Metropolitan","MAWSON LAKES","5095","CITY OF SALISBURY",2,0,0,0,0,2019,"November","Tuesday","04:09 pm","080","Divided Road","Straight road","Level","Not Applicable","Sealed","Dry","Not Raining","Daylight","Rear End","01","Driver Rider","1: PDO","No Control","","",1331146.67,1682683.56,"13311471682684"
"2019-11809-27/05/2021","2 Metropolitan","TORRENSVILLE","5031","CITY OF WEST TORRENS",2,0,0,0,0,2019,"November","Monday","08:15 am","050","Divided Road","Straight road","Level","Not Applicable","Sealed","Dry","Not Raining","Daylight","Side Swipe","02","Driver Rider","1: PDO","No Control","","",1324577.49,1670952.58,"13245771670953"
"2019-11810-27/05/2021","2 Metropolitan","MALVERN","5061","CITY OF UNLEY",2,1,0,0,1,2019,"November","Tuesday","03:25 pm","040","Not Divided","Straight road","Level","Driveway or Entrance","Sealed","Dry","Not Raining","Daylight","Right Angle","01","Driver Rider","2: MI","No Control","","",1329400.56,1667444.96,"13294011667445"
"2019-11811-27/05/2021","2 Metropolitan","MALVERN","5061","CITY OF UNLEY",2,0,0,0,0,2019,"November","Tuesday","04:30 pm","060","T-Junction","Straight road","Level","Not Applicable","Sealed","Dry","Not Raining","Daylight","Right Angle","02","Driver Rider","1: PDO","No Control","","",1329131.93,1666458.22,"13291321666458"
"2019-11812-27/05/2021","2 Metropolitan","GLANDORE","5037","CITY OF UNLEY",2,0,0,0,0,2019,"November","Tuesday","03:50 pm","060","Divided Road","Straight road","Level","Not Applicable","Sealed","Dry","Not Raining","Daylight","Rear End","02","Driver Rider","1: PDO","No Control","","",1325864.53,1666859.47,"13258651666859"
"2019-11813-27/05/2021","2 Metropolitan","WOODVILLE NORTH","5012","CITY OF CHARLES STURT",2,1,0,0,1,2019,"November","Tuesday","05:15 pm","060","T-Junction","Straight road","Level","Not Applicable","Sealed","Dry","Not Raining","Daylight","Hit Pedestrian","02","Pedestrian","2: MI","Traffic Signals","","",1323965.46,1676423.83,"13239651676424"
"2019-11814-27/05/2021","2 Metropolitan","WINGFIELD","5013","CITY OF PORT ADELAIDE ENFIELD",3,0,0,0,0,2019,"November","Tuesday","05:00 pm","090","Divided Road","Straight road","Level","Not Applicable","Sealed","Dry","Not Raining","Daylight","Rear End","01","Driver Rider","1: PDO","No Control","","",1327094.16,1681052.74,"13270941681053"
"2019-11815-27/05/2021","2 Metropolitan","PAYNEHAM SOUTH","5070","CC OF NORWOOD,PAYNEHAM & ST PETERS",2,2,0,0,2,2019,"November","Tuesday","06:20 pm","050","T-Junction","Straight road","Level","Not Applicable","Sealed","Dry","Not Raining","Daylight","Right Angle","01","Driver Rider","2: MI","No Control","","",1332332.38,1672858.89,"13323321672859"
"2019-11816-27/05/2021","2 Metropolitan","UNDERDALE","5032","CITY OF WEST TORRENS",2,0,0,0,0,2019,"November","Tuesday","07:45 pm","050","Not Divided","Straight road","Level","Driveway or Entrance","Sealed","Dry","Not Raining","Daylight","Right Angle","01","Driver Rider","1: PDO","No Control","","",1324326.92,1671010.99,"13243271671011"
"2019-11817-27/05/2021","3 Country","PORT AUGUSTA","5700","CC PT.AUGUSTA.                ",3,0,0,0,0,2019,"November","Tuesday","03:05 pm","060","T-Junction","Straight road","Level","Not Applicable","Sealed","Dry","Not Raining","Daylight","Right Turn","01","Driver Rider","1: PDO","No Control","","",1260303.17,1941439.83,"12603031941440"
"2019-11818-27/05/2021","2 Metropolitan","SALISBURY EAST","5109","CITY OF SALISBURY",3,0,0,0,0,2019,"November","Wednesday","07:00 am","080","Cross Road","Straight road","Level","Not Applicable","Sealed","Dry","Not Raining","Daylight","Rear End","01","Driver Rider","1: PDO","Traffic Signals","","",1333298.13,1685374.25,"13332981685374"
"2019-11819-27/05/2021","2 Metropolitan","CROYDON PARK","5008","CITY OF PORT ADELAIDE ENFIELD",2,0,0,0,0,2019,"November","Wednesday","08:40 am","060","Divided Road","Straight road","Level","Not Applicable","Sealed","Dry","Not Raining","Daylight","Side Swipe","01","Driver Rider","1: PDO","No Control","","",1326071.6,1675541.57,"13260721675542"
"2019-11820-27/05/2021","2 Metropolitan","MODBURY","5092","CITY OF TEA TREE GULLY",2,2,0,0,2,2019,"November","Wednesday","09:06 am","060","Divided Road","Straight road","Crest of Hill","Not Applicable","Sealed","Dry","Not Raining","Daylight","Rear End","01","Driver Rider","2: MI","No Control","","",1336461.84,1680647.8,"13364621680648"
"2019-11821-27/05/2021","2 Metropolitan","CLOVELLY PARK","5042","CC MARION.                    ",3,1,0,0,1,2019,"November","Wednesday","09:16 am","060","T-Junction","Straight road","Level","Not Applicable","Sealed","Dry","Not Raining","Daylight","Rear End","01","Driver Rider","2: MI","No Control","","",1325853.61,1663314.37,"13258541663314"
"2019-11822-27/05/2021","2 Metropolitan","PAYNEHAM","5070","CC OF NORWOOD,PAYNEHAM & ST PETERS",2,0,0,0,0,2019,"November","Wednesday","09:40 am","040","Divided Road","Straight road","Slope","Roadworks","Sealed","Dry","Not Raining","Daylight","Side Swipe","02","Driver Rider","1: PDO","No Control","","",1332444.24,1673927.25,"13324441673927"
"2019-11823-27/05/2021","2 Metropolitan","WATERLOO CORNER","5110","CITY OF SALISBURY",2,0,0,0,0,2019,"November","Tuesday","09:10 am","090","Not Divided","Straight road","Level","Not Applicable","Sealed","Dry","Not Raining","Daylight","Side Swipe","02","Driver Rider","1: PDO","No Control","","",1329263.43,1693704.73,"13292631693705"
"2019-11824-27/05/2021","2 Metropolitan","FITZROY","5082","CITY OF PROSPECT",2,1,0,0,1,2019,"November","Monday","02:30 pm","060","Cross Road","Straight road","Level","Not Applicable","Sealed","Dry","Not Raining","Daylight","Rear End","02","Driver Rider","2: MI","Traffic Signals","","",1327525.74,1673625.28,"13275261673625"
"2019-11825-27/05/2021","2 Metropolitan","MOUNT BARKER","5251","DC MT.BARKER.                 ",2,3,0,0,3,2019,"November","Wednesday","09:10 am","050","Not Divided","Straight road","Level","Not Applicable","Sealed","Dry","Not Raining","Daylight","Side Swipe","02","Driver Rider","2: MI","No Control","","",1351477.96,1654183.84,"13514781654184"
"2019-11826-27/05/2021","2 Metropolitan","UNDERDALE","5032","CITY OF WEST TORRENS",2,1,0,0,1,2019,"November","Tuesday","08:00 pm","050","Not Divided","Straight road","Level","Driveway or Entrance","Sealed","Dry","Not Raining","Daylight","Right Angle","02","Driver Rider","2: MI","No Control","","",1324312.85,1671532.29,"13243131671532"
"2019-11827-27/05/2021","3 Country","MOUNT GAMBIER","5290","CC MT.GAMBIER.                ",2,0,0,0,0,2019,"November","Wednesday","10:45 am","050","Not Divided","Straight road","Level","Driveway or Entrance","Sealed","Dry","Not Raining","Daylight","Right Angle","01","Driver Rider","1: PDO","No Control","","",1510555.08,1339782.27,"15105551339782"
"2019-11828-27/05/2021","1 City","NORTH ADELAIDE","5006","CITY OF ADELAIDE",2,1,0,0,1,2019,"November","Wednesday","11:15 am","050","Not Divided","Straight road","Level","Not Applicable","Sealed","Dry","Not Raining","Daylight","Side Swipe","01","Driver Rider","2: MI","No Control","","",1328571.11,1672165.72,"13285711672166"
"2019-11829-27/05/2021","2 Metropolitan","TRINITY GARDENS","5068","CC OF NORWOOD,PAYNEHAM & ST PETERS",2,1,0,0,1,2019,"November","Tuesday","06:30 am","060","Not Divided","Straight road","Level","Driveway or Entrance","Sealed","Dry","Not Raining","Daylight","Right Angle","02","Driver Rider","2: MI","No Control","","",1332280.29,1671762.84,"13322801671763"
"2019-11830-27/05/2021","2 Metropolitan","SALISBURY DOWNS","5108","CITY OF SALISBURY",2,1,0,0,1,2019,"November","Wednesday","10:55 am","060","Divided Road","Straight road","Level","Not Applicable","Sealed","Dry","Not Raining","Daylight","Rear End","01","Driver Rider","2: MI","No Control","","",1331415.8,1686845.84,"13314161686846"
"2019-11831-27/05/2021","2 Metropolitan","URRBRAE","5064","CC MITCHAM.                   ",2,0,0,0,0,2019,"November","Wednesday","11:40 am","060","Not Divided","Straight road","Level","Not Applicable","Sealed","Dry","Not Raining","Daylight","Side Swipe","02","Driver Rider","1: PDO","No Control","","",1330787.1,1665593.04,"13307871665593"
"2019-11832-27/05/2021","2 Metropolitan","MANNINGHAM","5086","CITY OF PORT ADELAIDE ENFIELD",2,1,0,0,1,2019,"November","Wednesday","12:22 pm","060","Divided Road","Straight road","Level","Not Applicable","Sealed","Dry","Not Raining","Daylight","Hit Fixed Object","01","Driver Rider","2: MI","No Control","","",1330451.64,1676033.87,"13304521676034"
"2019-11833-27/05/2021","2 Metropolitan","MITCHELL PARK","5043","CC MARION.                    ",1,1,0,1,0,2019,"November","Wednesday","01:41 pm","060","T-Junction","Straight road","Level","Not Applicable","Sealed","Dry","Not Raining","Daylight","Roll Over","01","Driver Rider","3: SI","Traffic Signals","","",1324369.28,1661734.68,"13243691661735"
"2019-11834-27/05/2021","2 Metropolitan","FULHAM","5024","CITY OF WEST TORRENS",2,0,0,0,0,2019,"November","Wednesday","11:25 am","060","T-Junction","Straight road","Level","Not Applicable","Sealed","Dry","Not Raining","Daylight","Right Angle","02","Driver Rider","1: PDO","No Control","","",1321243.91,1670842.02,"13212441670842"
"2019-11835-27/05/2021","2 Metropolitan","LEABROOK","5068","CITY OF BURNSIDE",2,0,0,0,0,2019,"November","Wednesday","02:14 pm","060","T-Junction","Straight road","Level","Not Applicable","Sealed","Dry","Not Raining","Daylight","Right Angle","01","Driver Rider","1: PDO","No Control","","",1333787.31,1670457.03,"13337871670457"
"2019-11836-27/05/2021","2 Metropolitan","ASCOT PARK","5043","CC MARION.                    ",2,1,0,0,1,2019,"November","Wednesday","01:25 pm","060","T-Junction","Straight road","Level","Not Applicable","Sealed","Dry","Not Raining","Daylight","Right Angle","02","Driver Rider","2: MI","No Control","","",1324319.4,1663773.15,"13243191663773"
"2019-11837-27/05/2021","2 Metropolitan","NORWOOD","5067","CC OF NORWOOD,PAYNEHAM & ST PETERS",2,1,0,0,1,2019,"November","Tuesday","05:00 pm","050","Cross Road","Straight road","Level","Not Applicable","Sealed","Dry","Not Raining","Daylight","Side Swipe","02","Driver Rider","2: MI","Stop Sign","","",1331654.18,1671073.37,"13316541671073"
"2019-11838-27/05/2021","2 Metropolitan","BRIGHTON","5048","CITY OF HOLDFAST BAY",2,0,0,0,0,2019,"November","Wednesday","08:30 am","060","Divided Road","Straight road","Level","Driveway or Entrance","Sealed","Dry","Not Raining","Daylight","Right Angle","02","Driver Rider","1: PDO","No Control","","",1321142.18,1660509.97,"13211421660510"
"2019-11839-27/05/2021","3 Country","PORT LINCOLN","5606","CC PT.LINCOLN.                ",2,0,0,0,0,2019,"November","Wednesday","01:50 pm","060","Not Divided","Straight road","Level","Not Applicable","Sealed","Dry","Not Raining","Daylight","Hit Fixed Object","01","Driver Rider","1: PDO","No Control","","",1078016.21,1699197.77,"10780161699198"
"2019-11840-27/05/2021","2 Metropolitan","HAPPY VALLEY","5159","CITY OF ONKAPARINGA",3,0,0,0,0,2019,"November","Wednesday","08:00 am","060","T-Junction","Straight road","Slope","Not Applicable","Sealed","Dry","Not Raining","Daylight","Rear End","01","Driver Rider","1: PDO","No Control","","",1324363.9,1653433.61,"13243641653434"
"2019-11841-27/05/2021","2 Metropolitan","CAVAN","5094","CITY OF SALISBURY",2,0,0,0,0,2019,"November","Wednesday","04:30 pm","070","Divided Road","Straight road","Crest of Hill","Not Applicable","Sealed","Dry","Not Raining","Daylight","Rear End","02","Driver Rider","1: PDO","No Control","","",1328721.75,1681491.51,"13287221681492"
"2019-11842-27/05/2021","2 Metropolitan","CHRISTIES BEACH","5165","CITY OF ONKAPARINGA",2,0,0,0,0,2019,"November","Wednesday","04:20 pm","070","Cross Road","Straight road","Level","Not Applicable","Sealed","Dry","Not Raining","Daylight","Right Angle","02","Driver Rider","1: PDO","Roundabout","","",1317355.86,1648343.09,"13173561648343"
"2019-11843-27/05/2021","3 Country","WORROLONG","5291","CC MT.GAMBIER.                ",2,0,0,0,0,2019,"November","Wednesday","09:00 am","050","Not Divided","Straight road","Level","Not Applicable","Sealed","Dry","Not Raining","Daylight","Hit Parked Vehicle","01","Driver Rider","1: PDO","No Control","","",1512298.74,1341350,"15122991341350"
"2019-11844-27/05/2021","2 Metropolitan","TORRENS PARK","5062","CC MITCHAM.                   ",2,1,0,0,1,2019,"December","Thursday","12:25 pm","060","Not Divided","Straight road","Level","Not Applicable","Sealed","Dry","Not Raining","Daylight","Hit Parked Vehicle","01","Driver Rider","2: MI","No Control","Y","",1329305.89,1664451.28,"13293061664451"
"2019-11845-27/05/2021","2 Metropolitan","SMITHFIELD PLAINS","5114","CITY OF PLAYFORD.",3,2,0,1,1,2019,"November","Wednesday","05:15 pm","060","Not Divided","Straight road","Level","Not Applicable","Sealed","Dry","Not Raining","Daylight","Side Swipe","01","Driver Rider","3: SI","No Control","","",1336826.09,1697619.59,"13368261697620"
"2019-11846-27/05/2021","2 Metropolitan","STEPNEY","5069","CC OF NORWOOD,PAYNEHAM & ST PETERS",2,0,0,0,0,2019,"November","Wednesday","05:40 pm","060","T-Junction","Straight road","Level","Not Applicable","Sealed","Dry","Not Raining","Daylight","Right Angle","02","Driver Rider","1: PDO","Stop Sign","","",1330850.4,1672049.36,"13308501672049"
"2019-11847-27/05/2021","1 City","ADELAIDE","5000","CITY OF ADELAIDE",2,0,0,0,0,2019,"November","Wednesday","06:00 pm","050","Divided Road","Straight road","Level","Not Applicable","Sealed","Dry","Not Raining","Daylight","Head On","02","Driver Rider","1: PDO","No Control","","",1327878.94,1669849.01,"13278791669849"